{
  "name": "AcrobatCompatibility",
  "enumeration": true,
  "shortdesc": "The exported PDF document&apos;s Acrobat compatibility.",
  "elements": [
    {
      "type": "class",
      "property": [
        {
          "name": "ACROBAT_4",
          "rwaccess": "readonly",
          "shortdesc": "Makes the file compatible with Acrobat 4.0 and later.",
          "datatype": {
            "type": "Number",
            "value": 1097020464
          }
        },
        {
          "name": "ACROBAT_5",
          "rwaccess": "readonly",
          "shortdesc": "Makes the file compatible with Acrobat 5.0 and later.",
          "datatype": {
            "type": "Number",
            "value": 1097020720
          }
        },
        {
          "name": "ACROBAT_6",
          "rwaccess": "readonly",
          "shortdesc": "Makes the file compatible with Acrobat 6.0 and later.",
          "datatype": {
            "type": "Number",
            "value": 1097020976
          }
        },
        {
          "name": "ACROBAT_7",
          "rwaccess": "readonly",
          "shortdesc": "Makes the file compatible with Acrobat 7.0 or higher.",
          "datatype": {
            "type": "Number",
            "value": 1097021232
          }
        },
        {
          "name": "ACROBAT_8",
          "rwaccess": "readonly",
          "shortdesc": "Acrobat 8.0 compatibility.",
          "datatype": {
            "type": "Number",
            "value": 1097021488
          }
        }
      ]
    }
  ]
}