{
  "name": "AddPageOptions",
  "enumeration": true,
  "shortdesc": "Options for auto page insertion in response to overset text.",
  "elements": [
    {
      "type": "class",
      "property": [
        {
          "name": "END_OF_STORY",
          "rwaccess": "readonly",
          "shortdesc": "Insert pages at end of story.",
          "datatype": {
            "type": "Number",
            "value": 1634037619
          }
        },
        {
          "name": "END_OF_SECTION",
          "rwaccess": "readonly",
          "shortdesc": "Insert pages at end of section.",
          "datatype": {
            "type": "Number",
            "value": 1634037624
          }
        },
        {
          "name": "END_OF_DOCUMENT",
          "rwaccess": "readonly",
          "shortdesc": "Insert pages at end of document.",
          "datatype": {
            "type": "Number",
            "value": 1634037604
          }
        }
      ]
    }
  ]
}