{
  "name": "AdornmentOverprint",
  "enumeration": true,
  "shortdesc": "Overprint options for kenten marks.",
  "elements": [
    {
      "type": "class",
      "property": [
        {
          "name": "AUTO",
          "rwaccess": "readonly",
          "shortdesc": "Uses auto overprint.",
          "datatype": {
            "type": "Number",
            "value": 1635019116
          }
        },
        {
          "name": "OVERPRINT_ON",
          "rwaccess": "readonly",
          "shortdesc": "Turns on overprint.",
          "datatype": {
            "type": "Number",
            "value": 1701736302
          }
        },
        {
          "name": "OVERPRINT_OFF",
          "rwaccess": "readonly",
          "shortdesc": "Turns off overprint.",
          "datatype": {
            "type": "Number",
            "value": 1701736294
          }
        }
      ]
    }
  ]
}