{
  "name": "AlignDistributeBounds",
  "enumeration": true,
  "shortdesc": "Options for aligning or distributing objects.",
  "elements": [
    {
      "type": "class",
      "property": [
        {
          "name": "ITEM_BOUNDS",
          "rwaccess": "readonly",
          "shortdesc": "Align or distribute to the bounds of the objects.",
          "datatype": {
            "type": "Number",
            "value": 1416587604
          }
        },
        {
          "name": "PAGE_BOUNDS",
          "rwaccess": "readonly",
          "shortdesc": "Align or distribute to the bounds of the page.",
          "datatype": {
            "type": "Number",
            "value": 1416589377
          }
        },
        {
          "name": "MARGIN_BOUNDS",
          "rwaccess": "readonly",
          "shortdesc": "Align or distribute to the margins of the page.",
          "datatype": {
            "type": "Number",
            "value": 1416588609
          }
        },
        {
          "name": "SPREAD_BOUNDS",
          "rwaccess": "readonly",
          "shortdesc": "Align or distribute to the bounds of the spread.",
          "datatype": {
            "type": "Number",
            "value": 1416590160
          }
        },
        {
          "name": "KEY_OBJECT",
          "rwaccess": "readonly",
          "shortdesc": "Align or distribute to a key object.",
          "datatype": {
            "type": "Number",
            "value": 1699439993
          }
        }
      ]
    }
  ]
}