{
  "name": "AlternateGlyphForms",
  "enumeration": true,
  "shortdesc": "Glyph variant substitution options for standard glyphs.",
  "elements": [
    {
      "type": "class",
      "property": [
        {
          "name": "NONE",
          "rwaccess": "readonly",
          "shortdesc": "Does not use an alternate form.",
          "datatype": {
            "type": "Number",
            "value": 1852796517
          }
        },
        {
          "name": "TRADITIONAL_FORM",
          "rwaccess": "readonly",
          "shortdesc": "Uses the traditional variant.",
          "datatype": {
            "type": "Number",
            "value": 1247897460
          }
        },
        {
          "name": "EXPERT_FORM",
          "rwaccess": "readonly",
          "shortdesc": "Uses the expert variant.",
          "datatype": {
            "type": "Number",
            "value": 1247897445
          }
        },
        {
          "name": "JIS78_FORM",
          "rwaccess": "readonly",
          "shortdesc": "Uses the JIS78 variant.",
          "datatype": {
            "type": "Number",
            "value": 1247897399
          }
        },
        {
          "name": "JIS83_FORM",
          "rwaccess": "readonly",
          "shortdesc": "Uses the JIS83 variant.",
          "datatype": {
            "type": "Number",
            "value": 1247897400
          }
        },
        {
          "name": "MONOSPACED_HALF_WIDTH_FORM",
          "rwaccess": "readonly",
          "shortdesc": "Uses the monospaced half-width variant.",
          "datatype": {
            "type": "Number",
            "value": 1247897453
          }
        },
        {
          "name": "THIRD_WIDTH_FORM",
          "rwaccess": "readonly",
          "shortdesc": "Uses the third-width variant.",
          "datatype": {
            "type": "Number",
            "value": 1247897448
          }
        },
        {
          "name": "QUARTER_WIDTH_FORM",
          "rwaccess": "readonly",
          "shortdesc": "Uses the quarter-width variant.",
          "datatype": {
            "type": "Number",
            "value": 1247897457
          }
        },
        {
          "name": "NLC_FORM",
          "rwaccess": "readonly",
          "shortdesc": "Uses the NLC variant.",
          "datatype": {
            "type": "Number",
            "value": 1247897454
          }
        },
        {
          "name": "PROPORTIONAL_WIDTH_FORM",
          "rwaccess": "readonly",
          "shortdesc": "Substitutes proportional glyphs for half-width and full-width glyphs.",
          "datatype": {
            "type": "Number",
            "value": 1247897456
          }
        },
        {
          "name": "FULL_WIDTH_FORM",
          "rwaccess": "readonly",
          "shortdesc": "Uses the full-width variant.",
          "datatype": {
            "type": "Number",
            "value": 1247897446
          }
        },
        {
          "name": "JIS04_FORM",
          "rwaccess": "readonly",
          "shortdesc": "Uses the JIS04 variant.",
          "datatype": {
            "type": "Number",
            "value": 1247897396
          }
        },
        {
          "name": "JIS90_FORM",
          "rwaccess": "readonly",
          "shortdesc": "Uses the JIS90 variant.",
          "datatype": {
            "type": "Number",
            "value": 1247897401
          }
        }
      ]
    }
  ]
}