{
  "name": "AlternatingFillsTypes",
  "enumeration": true,
  "shortdesc": "Pattern options for alternating fills.",
  "elements": [
    {
      "type": "class",
      "property": [
        {
          "name": "NO_ALTERNATING_PATTERN",
          "rwaccess": "readonly",
          "shortdesc": "No alternating pattern.",
          "datatype": {
            "type": "Number",
            "value": 1097617007
          }
        },
        {
          "name": "ALTERNATING_ROWS",
          "rwaccess": "readonly",
          "shortdesc": "Alternates row fills.",
          "datatype": {
            "type": "Number",
            "value": 1097618039
          }
        },
        {
          "name": "ALTERNATING_COLUMNS",
          "rwaccess": "readonly",
          "shortdesc": "Alternates column fills.",
          "datatype": {
            "type": "Number",
            "value": 1097614188
          }
        }
      ]
    }
  ]
}