{
  "name": "AnchoredRelativeTo",
  "enumeration": true,
  "shortdesc": "The horizontal alignment point of an anchored object.",
  "elements": [
    {
      "type": "class",
      "property": [
        {
          "name": "COLUMN_EDGE",
          "rwaccess": "readonly",
          "shortdesc": "Align the anchored object to the edge of the text or table column.",
          "datatype": {
            "type": "Number",
            "value": 1095787375
          }
        },
        {
          "name": "TEXT_FRAME",
          "rwaccess": "readonly",
          "shortdesc": "Align the anchored object to the edge of the text frame.",
          "datatype": {
            "type": "Number",
            "value": 1954051174
          }
        },
        {
          "name": "PAGE_MARGINS",
          "rwaccess": "readonly",
          "shortdesc": "Align the anchored object to the page margin.",
          "datatype": {
            "type": "Number",
            "value": 1095789927
          }
        },
        {
          "name": "PAGE_EDGE",
          "rwaccess": "readonly",
          "shortdesc": "Align the anchored object to the edge of the page.",
          "datatype": {
            "type": "Number",
            "value": 1095790695
          }
        },
        {
          "name": "ANCHOR_LOCATION",
          "rwaccess": "readonly",
          "shortdesc": "Align the anchored object to the anchor.",
          "datatype": {
            "type": "Number",
            "value": 1095786862
          }
        }
      ]
    }
  ]
}