{
  "name": "AnimationBehaviors",
  "dynamic": true,
  "shortdesc": "A collection of animation behaviors.",
  "elements": [
    {
      "type": "instance",
      "method": [
        {
          "name": "count",
          "shortdesc": "Displays the number of elements in the AnimationBehavior.",
          "datatype": {
            "type": "Number"
          }
        },
        {
          "name": "add",
          "shortdesc": "Creates a new AnimationBehavior.",
          "parameters": [
            {
              "name": "withProperties",
              "shortdesc": "Initial values for properties of the new AnimationBehavior ",
              "datatype": {
                "type": "Object"
              },
              "optional": true
            }
          ],
          "datatype": {
            "type": "AnimationBehavior"
          }
        },
        {
          "name": "item",
          "shortdesc": "Returns the AnimationBehavior with the specified index or name.",
          "parameters": [
            {
              "name": "index",
              "shortdesc": "The index or name. Can accept: Long Integer or String.",
              "datatype": {
                "type": "Mixed"
              }
            }
          ],
          "datatype": {
            "type": "AnimationBehavior"
          }
        },
        {
          "name": "itemByName",
          "shortdesc": "Returns the AnimationBehavior with the specified name.",
          "parameters": [
            {
              "name": "name",
              "shortdesc": "The name.",
              "datatype": {
                "type": "String"
              }
            }
          ],
          "datatype": {
            "type": "AnimationBehavior"
          }
        },
        {
          "name": "itemByID",
          "shortdesc": "Returns the AnimationBehavior with the specified ID.",
          "parameters": [
            {
              "name": "id",
              "shortdesc": "The ID.",
              "datatype": {
                "type": "Number"
              }
            }
          ],
          "datatype": {
            "type": "AnimationBehavior"
          }
        },
        {
          "name": "itemByRange",
          "shortdesc": "Returns the AnimationBehaviors within the specified range.",
          "parameters": [
            {
              "name": "from",
              "shortdesc": "The AnimationBehavior, index, or name at the beginning of the range. Can accept: AnimationBehavior, Long Integer or String.",
              "datatype": {
                "type": "Mixed"
              }
            },
            {
              "name": "to",
              "shortdesc": "The AnimationBehavior, index, or name at the end of the range. Can accept: AnimationBehavior, Long Integer or String.",
              "datatype": {
                "type": "Mixed"
              }
            }
          ],
          "datatype": {
            "type": "AnimationBehavior",
            "array": true
          }
        },
        {
          "name": "firstItem",
          "shortdesc": "Returns the first AnimationBehavior in the collection.",
          "datatype": {
            "type": "AnimationBehavior"
          }
        },
        {
          "name": "lastItem",
          "shortdesc": "Returns the last AnimationBehavior in the collection.",
          "datatype": {
            "type": "AnimationBehavior"
          }
        },
        {
          "name": "middleItem",
          "shortdesc": "Returns the middle AnimationBehavior in the collection.",
          "datatype": {
            "type": "AnimationBehavior"
          }
        },
        {
          "name": "previousItem",
          "shortdesc": "Returns the AnimationBehavior with the index previous to the specified index.",
          "parameters": [
            {
              "name": "obj",
              "shortdesc": "The index of the AnimationBehavior that follows the desired AnimationBehavior.",
              "datatype": {
                "type": "AnimationBehavior"
              }
            }
          ],
          "datatype": {
            "type": "AnimationBehavior"
          }
        },
        {
          "name": "nextItem",
          "shortdesc": "Returns the AnimationBehavior whose index follows the specified AnimationBehavior in the collection.",
          "parameters": [
            {
              "name": "obj",
              "shortdesc": "The AnimationBehavior whose index comes before the desired AnimationBehavior.",
              "datatype": {
                "type": "AnimationBehavior"
              }
            }
          ],
          "datatype": {
            "type": "AnimationBehavior"
          }
        },
        {
          "name": "anyItem",
          "shortdesc": "Returns any AnimationBehavior in the collection.",
          "datatype": {
            "type": "AnimationBehavior"
          }
        },
        {
          "name": "everyItem",
          "shortdesc": "Returns every AnimationBehavior in the collection.",
          "datatype": {
            "type": "AnimationBehavior",
            "array": true
          }
        },
        {
          "name": "toSource",
          "shortdesc": "Generates a string which, if executed, will return the AnimationBehavior.",
          "datatype": {
            "type": "String"
          }
        },
        {
          "name": "[]",
          "shortdesc": "Returns the AnimationBehavior with the specified index.",
          "parameters": [
            {
              "name": "index",
              "shortdesc": "The index.",
              "datatype": {
                "type": "Number"
              }
            }
          ],
          "datatype": {
            "type": "AnimationBehavior"
          }
        }
      ],
      "property": [
        {
          "name": "length",
          "rwaccess": "readonly",
          "shortdesc": "The number of objects in the collection.",
          "datatype": {
            "type": "Number"
          }
        }
      ]
    }
  ]
}