{
  "name": "AntiAliasType",
  "enumeration": true,
  "shortdesc": "The anti-aliasing type.",
  "elements": [
    {
      "type": "class",
      "property": [
        {
          "name": "GRAY_ANTIALIASING",
          "rwaccess": "readonly",
          "shortdesc": "Gray anti-aliasing.",
          "datatype": {
            "type": "Number",
            "value": 1732527186
          }
        },
        {
          "name": "COLOR_ANTIALIASING",
          "rwaccess": "readonly",
          "shortdesc": "Color anti-aliasing.",
          "datatype": {
            "type": "Number",
            "value": 1665418322
          }
        },
        {
          "name": "THICKER_ANTIALIASING",
          "rwaccess": "readonly",
          "shortdesc": "Thicker anti-aliasing.",
          "datatype": {
            "type": "Number",
            "value": 1950444659
          }
        }
      ]
    }
  ]
}