{
  "name": "ArrangeBy",
  "enumeration": true,
  "shortdesc": "The order in which to arrange records in the target document.",
  "elements": [
    {
      "type": "class",
      "property": [
        {
          "name": "ROWS_FIRST",
          "rwaccess": "readonly",
          "shortdesc": "Arranges records by row.",
          "datatype": {
            "type": "Number",
            "value": 1684886118
          }
        },
        {
          "name": "COLUMNS_FIRST",
          "rwaccess": "readonly",
          "shortdesc": "Arranges records by column.",
          "datatype": {
            "type": "Number",
            "value": 1684882278
          }
        }
      ]
    }
  ]
}