{
  "name": "ArticleChildren",
  "dynamic": true,
  "shortdesc": "A collection of group items that are also part of an article.",
  "elements": [
    {
      "type": "instance",
      "method": [
        {
          "name": "count",
          "shortdesc": "Displays the number of elements in the ArticleChild.",
          "datatype": {
            "type": "Number"
          }
        },
        {
          "name": "item",
          "shortdesc": "Returns the ArticleChild with the specified index or name.",
          "parameters": [
            {
              "name": "index",
              "shortdesc": "The index or name. Can accept: Long Integer or String.",
              "datatype": {
                "type": "Mixed"
              }
            }
          ],
          "datatype": {
            "type": "ArticleChild"
          }
        },
        {
          "name": "itemByID",
          "shortdesc": "Returns the ArticleChild with the specified ID.",
          "parameters": [
            {
              "name": "id",
              "shortdesc": "The ID.",
              "datatype": {
                "type": "Number"
              }
            }
          ],
          "datatype": {
            "type": "ArticleChild"
          }
        },
        {
          "name": "itemByRange",
          "shortdesc": "Returns the ArticleChildren within the specified range.",
          "parameters": [
            {
              "name": "from",
              "shortdesc": "The ArticleChild, index, or name at the beginning of the range. Can accept: ArticleChild, Long Integer or String.",
              "datatype": {
                "type": "Mixed"
              }
            },
            {
              "name": "to",
              "shortdesc": "The ArticleChild, index, or name at the end of the range. Can accept: ArticleChild, Long Integer or String.",
              "datatype": {
                "type": "Mixed"
              }
            }
          ],
          "datatype": {
            "type": "ArticleChild",
            "array": true
          }
        },
        {
          "name": "firstItem",
          "shortdesc": "Returns the first ArticleChild in the collection.",
          "datatype": {
            "type": "ArticleChild"
          }
        },
        {
          "name": "lastItem",
          "shortdesc": "Returns the last ArticleChild in the collection.",
          "datatype": {
            "type": "ArticleChild"
          }
        },
        {
          "name": "middleItem",
          "shortdesc": "Returns the middle ArticleChild in the collection.",
          "datatype": {
            "type": "ArticleChild"
          }
        },
        {
          "name": "previousItem",
          "shortdesc": "Returns the ArticleChild with the index previous to the specified index.",
          "parameters": [
            {
              "name": "obj",
              "shortdesc": "The index of the ArticleChild that follows the desired ArticleChild.",
              "datatype": {
                "type": "ArticleChild"
              }
            }
          ],
          "datatype": {
            "type": "ArticleChild"
          }
        },
        {
          "name": "nextItem",
          "shortdesc": "Returns the ArticleChild whose index follows the specified ArticleChild in the collection.",
          "parameters": [
            {
              "name": "obj",
              "shortdesc": "The ArticleChild whose index comes before the desired ArticleChild.",
              "datatype": {
                "type": "ArticleChild"
              }
            }
          ],
          "datatype": {
            "type": "ArticleChild"
          }
        },
        {
          "name": "anyItem",
          "shortdesc": "Returns any ArticleChild in the collection.",
          "datatype": {
            "type": "ArticleChild"
          }
        },
        {
          "name": "everyItem",
          "shortdesc": "Returns every ArticleChild in the collection.",
          "datatype": {
            "type": "ArticleChild",
            "array": true
          }
        },
        {
          "name": "toSource",
          "shortdesc": "Generates a string which, if executed, will return the ArticleChild.",
          "datatype": {
            "type": "String"
          }
        },
        {
          "name": "[]",
          "shortdesc": "Returns the ArticleChild with the specified index.",
          "parameters": [
            {
              "name": "index",
              "shortdesc": "The index.",
              "datatype": {
                "type": "Number"
              }
            }
          ],
          "datatype": {
            "type": "ArticleChild"
          }
        }
      ],
      "property": [
        {
          "name": "length",
          "rwaccess": "readonly",
          "shortdesc": "The number of objects in the collection.",
          "datatype": {
            "type": "Number"
          }
        }
      ]
    }
  ]
}