{
  "name": "Articles",
  "dynamic": true,
  "shortdesc": "A collection of articles.",
  "elements": [
    {
      "type": "instance",
      "method": [
        {
          "name": "add",
          "shortdesc": "Creates a new Article",
          "parameters": [
            {
              "name": "name",
              "shortdesc": "The article name ",
              "datatype": {
                "type": "String"
              },
              "optional": true
            },
            {
              "name": "articleExportStatus",
              "shortdesc": "The article's export status ",
              "datatype": {
                "type": "Boolean"
              },
              "optional": true
            },
            {
              "name": "at",
              "optional": true,
              "shortdesc": "The location relative to the reference object or within the containing object. ",
              "datatype": {
                "type": "LocationOptions",
                "value": "LocationOptions.AT_END"
              }
            },
            {
              "name": "reference",
              "shortdesc": "The reference object. Note: Required when the to value specifies before or after. ",
              "datatype": {
                "type": "Article"
              },
              "optional": true
            },
            {
              "name": "withProperties",
              "shortdesc": "Initial values for properties of the new Article ",
              "datatype": {
                "type": "Object"
              },
              "optional": true
            }
          ],
          "datatype": {
            "type": "Article"
          }
        },
        {
          "name": "count",
          "shortdesc": "Displays the number of elements in the Article.",
          "datatype": {
            "type": "Number"
          }
        },
        {
          "name": "item",
          "shortdesc": "Returns the Article with the specified index or name.",
          "parameters": [
            {
              "name": "index",
              "shortdesc": "The index or name. Can accept: Long Integer or String.",
              "datatype": {
                "type": "Mixed"
              }
            }
          ],
          "datatype": {
            "type": "Article"
          }
        },
        {
          "name": "itemByName",
          "shortdesc": "Returns the Article with the specified name.",
          "parameters": [
            {
              "name": "name",
              "shortdesc": "The name.",
              "datatype": {
                "type": "String"
              }
            }
          ],
          "datatype": {
            "type": "Article"
          }
        },
        {
          "name": "itemByID",
          "shortdesc": "Returns the Article with the specified ID.",
          "parameters": [
            {
              "name": "id",
              "shortdesc": "The ID.",
              "datatype": {
                "type": "Number"
              }
            }
          ],
          "datatype": {
            "type": "Article"
          }
        },
        {
          "name": "itemByRange",
          "shortdesc": "Returns the Articles within the specified range.",
          "parameters": [
            {
              "name": "from",
              "shortdesc": "The Article, index, or name at the beginning of the range. Can accept: Article, Long Integer or String.",
              "datatype": {
                "type": "Mixed"
              }
            },
            {
              "name": "to",
              "shortdesc": "The Article, index, or name at the end of the range. Can accept: Article, Long Integer or String.",
              "datatype": {
                "type": "Mixed"
              }
            }
          ],
          "datatype": {
            "type": "Article",
            "array": true
          }
        },
        {
          "name": "firstItem",
          "shortdesc": "Returns the first Article in the collection.",
          "datatype": {
            "type": "Article"
          }
        },
        {
          "name": "lastItem",
          "shortdesc": "Returns the last Article in the collection.",
          "datatype": {
            "type": "Article"
          }
        },
        {
          "name": "middleItem",
          "shortdesc": "Returns the middle Article in the collection.",
          "datatype": {
            "type": "Article"
          }
        },
        {
          "name": "previousItem",
          "shortdesc": "Returns the Article with the index previous to the specified index.",
          "parameters": [
            {
              "name": "obj",
              "shortdesc": "The index of the Article that follows the desired Article.",
              "datatype": {
                "type": "Article"
              }
            }
          ],
          "datatype": {
            "type": "Article"
          }
        },
        {
          "name": "nextItem",
          "shortdesc": "Returns the Article whose index follows the specified Article in the collection.",
          "parameters": [
            {
              "name": "obj",
              "shortdesc": "The Article whose index comes before the desired Article.",
              "datatype": {
                "type": "Article"
              }
            }
          ],
          "datatype": {
            "type": "Article"
          }
        },
        {
          "name": "anyItem",
          "shortdesc": "Returns any Article in the collection.",
          "datatype": {
            "type": "Article"
          }
        },
        {
          "name": "everyItem",
          "shortdesc": "Returns every Article in the collection.",
          "datatype": {
            "type": "Article",
            "array": true
          }
        },
        {
          "name": "toSource",
          "shortdesc": "Generates a string which, if executed, will return the Article.",
          "datatype": {
            "type": "String"
          }
        },
        {
          "name": "[]",
          "shortdesc": "Returns the Article with the specified index.",
          "parameters": [
            {
              "name": "index",
              "shortdesc": "The index.",
              "datatype": {
                "type": "Number"
              }
            }
          ],
          "datatype": {
            "type": "Article"
          }
        }
      ],
      "property": [
        {
          "name": "length",
          "rwaccess": "readonly",
          "shortdesc": "The number of objects in the collection.",
          "datatype": {
            "type": "Number"
          }
        }
      ]
    }
  ]
}