{
  "name": "AssetType",
  "enumeration": true,
  "shortdesc": "Asset type options.",
  "elements": [
    {
      "type": "class",
      "property": [
        {
          "name": "IMAGE_TYPE",
          "rwaccess": "readonly",
          "shortdesc": "The asset is cataloged as an image asset.",
          "datatype": {
            "type": "Number",
            "value": 1952409965
          }
        },
        {
          "name": "EPS_TYPE",
          "rwaccess": "readonly",
          "shortdesc": "The asset is cataloged as an EPS asset.",
          "datatype": {
            "type": "Number",
            "value": 1952400720
          }
        },
        {
          "name": "PDF_TYPE",
          "rwaccess": "readonly",
          "shortdesc": "The asset is cataloged as a PDF asset.",
          "datatype": {
            "type": "Number",
            "value": 1952403524
          }
        },
        {
          "name": "GEOMETRY_TYPE",
          "rwaccess": "readonly",
          "shortdesc": "The asset is cataloged as a geometric page item asset.",
          "datatype": {
            "type": "Number",
            "value": 1952409445
          }
        },
        {
          "name": "PAGE_TYPE",
          "rwaccess": "readonly",
          "shortdesc": "The asset is cataloged as a page asset.",
          "datatype": {
            "type": "Number",
            "value": 1952411745
          }
        },
        {
          "name": "TEXT_TYPE",
          "rwaccess": "readonly",
          "shortdesc": "The asset is cataloged as a text asset.",
          "datatype": {
            "type": "Number",
            "value": 1952412773
          }
        },
        {
          "name": "STRUCTURE_TYPE",
          "rwaccess": "readonly",
          "shortdesc": "Structure asset",
          "datatype": {
            "type": "Number",
            "value": 1952412532
          }
        },
        {
          "name": "INDESIGN_FILE_TYPE",
          "rwaccess": "readonly",
          "shortdesc": "InDesign file asset",
          "datatype": {
            "type": "Number",
            "value": 1952409956
          }
        }
      ]
    }
  ]
}