{
  "name": "Assets",
  "dynamic": true,
  "shortdesc": "A collection of object library assets.",
  "elements": [
    {
      "type": "instance",
      "method": [
        {
          "name": "count",
          "shortdesc": "Displays the number of elements in the Asset.",
          "datatype": {
            "type": "Number"
          }
        },
        {
          "name": "item",
          "shortdesc": "Returns the Asset with the specified index or name.",
          "parameters": [
            {
              "name": "index",
              "shortdesc": "The index or name. Can accept: Long Integer or String.",
              "datatype": {
                "type": "Mixed"
              }
            }
          ],
          "datatype": {
            "type": "Asset"
          }
        },
        {
          "name": "itemByName",
          "shortdesc": "Returns the Asset with the specified name.",
          "parameters": [
            {
              "name": "name",
              "shortdesc": "The name.",
              "datatype": {
                "type": "String"
              }
            }
          ],
          "datatype": {
            "type": "Asset"
          }
        },
        {
          "name": "itemByID",
          "shortdesc": "Returns the Asset with the specified ID.",
          "parameters": [
            {
              "name": "id",
              "shortdesc": "The ID.",
              "datatype": {
                "type": "Number"
              }
            }
          ],
          "datatype": {
            "type": "Asset"
          }
        },
        {
          "name": "itemByRange",
          "shortdesc": "Returns the Assets within the specified range.",
          "parameters": [
            {
              "name": "from",
              "shortdesc": "The Asset, index, or name at the beginning of the range. Can accept: Asset, Long Integer or String.",
              "datatype": {
                "type": "Mixed"
              }
            },
            {
              "name": "to",
              "shortdesc": "The Asset, index, or name at the end of the range. Can accept: Asset, Long Integer or String.",
              "datatype": {
                "type": "Mixed"
              }
            }
          ],
          "datatype": {
            "type": "Asset",
            "array": true
          }
        },
        {
          "name": "firstItem",
          "shortdesc": "Returns the first Asset in the collection.",
          "datatype": {
            "type": "Asset"
          }
        },
        {
          "name": "lastItem",
          "shortdesc": "Returns the last Asset in the collection.",
          "datatype": {
            "type": "Asset"
          }
        },
        {
          "name": "middleItem",
          "shortdesc": "Returns the middle Asset in the collection.",
          "datatype": {
            "type": "Asset"
          }
        },
        {
          "name": "previousItem",
          "shortdesc": "Returns the Asset with the index previous to the specified index.",
          "parameters": [
            {
              "name": "obj",
              "shortdesc": "The index of the Asset that follows the desired Asset.",
              "datatype": {
                "type": "Asset"
              }
            }
          ],
          "datatype": {
            "type": "Asset"
          }
        },
        {
          "name": "nextItem",
          "shortdesc": "Returns the Asset whose index follows the specified Asset in the collection.",
          "parameters": [
            {
              "name": "obj",
              "shortdesc": "The Asset whose index comes before the desired Asset.",
              "datatype": {
                "type": "Asset"
              }
            }
          ],
          "datatype": {
            "type": "Asset"
          }
        },
        {
          "name": "anyItem",
          "shortdesc": "Returns any Asset in the collection.",
          "datatype": {
            "type": "Asset"
          }
        },
        {
          "name": "everyItem",
          "shortdesc": "Returns every Asset in the collection.",
          "datatype": {
            "type": "Asset",
            "array": true
          }
        },
        {
          "name": "toSource",
          "shortdesc": "Generates a string which, if executed, will return the Asset.",
          "datatype": {
            "type": "String"
          }
        },
        {
          "name": "[]",
          "shortdesc": "Returns the Asset with the specified index.",
          "parameters": [
            {
              "name": "index",
              "shortdesc": "The index.",
              "datatype": {
                "type": "Number"
              }
            }
          ],
          "datatype": {
            "type": "Asset"
          }
        }
      ],
      "property": [
        {
          "name": "length",
          "rwaccess": "readonly",
          "shortdesc": "The number of objects in the collection.",
          "datatype": {
            "type": "Number"
          }
        }
      ]
    }
  ]
}