{
  "name": "Assignment",
  "dynamic": true,
  "shortdesc": "An assignment.",
  "elements": [
    {
      "type": "instance",
      "property": [
        {
          "name": "documentPath",
          "rwaccess": "readonly",
          "shortdesc": "The path to the document that the hyperlink destination points to.",
          "datatype": {
            "type": "File"
          }
        },
        {
          "name": "assignmentFileStatus",
          "rwaccess": "readonly",
          "shortdesc": "The status of the assignment file.",
          "datatype": {
            "type": "AssignmentStatus"
          }
        },
        {
          "name": "packaged",
          "rwaccess": "readonly",
          "shortdesc": "If true, the assignment is packaged.",
          "datatype": {
            "type": "Boolean"
          }
        },
        {
          "name": "packageUpToDate",
          "rwaccess": "readonly",
          "shortdesc": "If true, the assignment package is up to date.",
          "datatype": {
            "type": "Boolean"
          }
        },
        {
          "name": "filePath",
          "rwaccess": "readonly",
          "shortdesc": "The file path (colon delimited on the Mac OS). Can also accept: File.",
          "datatype": {
            "type": "String"
          }
        },
        {
          "name": "id",
          "rwaccess": "readonly",
          "shortdesc": "The unique ID of the Assignment.",
          "datatype": {
            "type": "Number"
          }
        },
        {
          "name": "isValid",
          "rwaccess": "readonly",
          "shortdesc": "Returns true if the object specifier resolves to valid objects.",
          "datatype": {
            "type": "Boolean"
          }
        },
        {
          "name": "parent",
          "rwaccess": "readonly",
          "shortdesc": "The parent of the Assignment (a Document).",
          "datatype": {
            "type": "Document"
          }
        },
        {
          "name": "index",
          "rwaccess": "readonly",
          "shortdesc": "The index of the Assignment within its containing object.",
          "datatype": {
            "type": "Number"
          }
        },
        {
          "name": "events",
          "rwaccess": "readonly",
          "shortdesc": "A collection of events.",
          "datatype": {
            "type": "Events"
          }
        },
        {
          "name": "eventListeners",
          "rwaccess": "readonly",
          "shortdesc": "A collection of event listeners.",
          "datatype": {
            "type": "EventListeners"
          }
        },
        {
          "name": "assignedStories",
          "rwaccess": "readonly",
          "shortdesc": "A collection of assigned stories.",
          "datatype": {
            "type": "AssignedStories"
          }
        },
        {
          "name": "name",
          "shortdesc": "The name of the Assignment.",
          "datatype": {
            "type": "String"
          }
        },
        {
          "name": "userName",
          "shortdesc": "The user name to assign to tracked changes and notes.",
          "datatype": {
            "type": "String"
          }
        },
        {
          "name": "exportOptions",
          "shortdesc": "The content to export in the assignment.",
          "datatype": {
            "type": "AssignmentExportOptions"
          }
        },
        {
          "name": "frameColor",
          "shortdesc": "The color of the assignment's frames. Can return: Array of 3 Reals (0 - 255) or UIColors enumerator or NothingEnum enumerator.",
          "datatype": {
            "type": "Mixed"
          }
        },
        {
          "name": "includeLinksWhenPackage",
          "shortdesc": "If true, includes linked files when packaging the assignment.",
          "datatype": {
            "type": "Boolean"
          }
        },
        {
          "name": "label",
          "shortdesc": "A property that can be set to any string.",
          "datatype": {
            "type": "String"
          }
        },
        {
          "name": "properties",
          "shortdesc": "A property that allows setting of several properties at the same time.",
          "datatype": {
            "type": "Object"
          }
        }
      ],
      "method": [
        {
          "name": "update",
          "shortdesc": "Updates the assignment file.",
          "parameters": [
            {
              "name": "versionComments",
              "shortdesc": "The comment for this version. ",
              "datatype": {
                "type": "String"
              },
              "optional": true
            },
            {
              "name": "forceSave",
              "optional": true,
              "shortdesc": "If true, forcibly saves a version. ",
              "datatype": {
                "type": "Boolean",
                "value": false
              }
            }
          ]
        },
        {
          "name": "remove",
          "shortdesc": "Deletes the assignment and its file."
        },
        {
          "name": "createPackage",
          "shortdesc": "Creates an assignment package.",
          "parameters": [
            {
              "name": "filePath",
              "shortdesc": "The full path name of the assignment package file.",
              "datatype": {
                "type": "File"
              }
            },
            {
              "name": "submit",
              "optional": true,
              "shortdesc": "If true, submits assigned stories before packaging the assignment. ",
              "datatype": {
                "type": "Boolean",
                "value": true
              }
            },
            {
              "name": "withProperties",
              "shortdesc": "Initial values for properties of the new Assignment ",
              "datatype": {
                "type": "Object"
              },
              "optional": true
            }
          ],
          "datatype": {
            "type": "File"
          }
        },
        {
          "name": "cancelPackage",
          "shortdesc": "Cancels the package for an assignment."
        },
        {
          "name": "insertLabel",
          "shortdesc": "Sets the label to the value associated with the specified key.",
          "parameters": [
            {
              "name": "key",
              "shortdesc": "The key.",
              "datatype": {
                "type": "String"
              }
            },
            {
              "name": "value",
              "shortdesc": "The value.",
              "datatype": {
                "type": "String"
              }
            }
          ]
        },
        {
          "name": "extractLabel",
          "shortdesc": "Gets the label value associated with the specified key.",
          "parameters": [
            {
              "name": "key",
              "shortdesc": "The key.",
              "datatype": {
                "type": "String"
              }
            }
          ],
          "datatype": {
            "type": "String"
          }
        },
        {
          "name": "toSource",
          "shortdesc": "Generates a string which, if executed, will return the Assignment.",
          "datatype": {
            "type": "String"
          }
        },
        {
          "name": "getElements",
          "shortdesc": "Resolves the object specifier, creating an array of object references.",
          "datatype": {
            "type": "Assignment",
            "array": true
          }
        },
        {
          "name": "toSpecifier",
          "shortdesc": "Retrieves the object specifier.",
          "datatype": {
            "type": "String"
          }
        },
        {
          "name": "addEventListener",
          "shortdesc": "Adds an event listener.",
          "parameters": [
            {
              "name": "eventType",
              "shortdesc": "The event type.",
              "datatype": {
                "type": "String"
              }
            },
            {
              "name": "handler",
              "shortdesc": "The event handler. Can accept: File or JavaScript Function.",
              "datatype": {
                "type": "Mixed"
              }
            },
            {
              "name": "captures",
              "optional": true,
              "shortdesc": "This parameter is obsolete. ",
              "datatype": {
                "type": "Boolean",
                "value": false
              }
            }
          ],
          "datatype": {
            "type": "EventListener"
          }
        },
        {
          "name": "removeEventListener",
          "shortdesc": "Removes the event listener.",
          "parameters": [
            {
              "name": "eventType",
              "shortdesc": "The registered event type.",
              "datatype": {
                "type": "String"
              }
            },
            {
              "name": "handler",
              "shortdesc": "The registered event handler. Can accept: File or JavaScript Function.",
              "datatype": {
                "type": "Mixed"
              }
            },
            {
              "name": "captures",
              "optional": true,
              "shortdesc": "This parameter is obsolete. ",
              "datatype": {
                "type": "Boolean",
                "value": false
              }
            }
          ],
          "datatype": {
            "type": "Boolean"
          }
        }
      ]
    }
  ]
}