{
  "name": "AssignedStory",
  "dynamic": true,
  "shortdesc": "An assigned story.",
  "elements": [
    {
      "type": "instance",
      "property": [
        {
          "name": "storyReference",
          "rwaccess": "readonly",
          "shortdesc": "A reference to the assigned story. Can return: Story, PageItem, Oval, Rectangle or Polygon.",
          "datatype": {
            "type": "Mixed"
          }
        },
        {
          "name": "filePath",
          "rwaccess": "readonly",
          "shortdesc": "The file path (colon delimited on the Mac OS). Can also accept: File.",
          "datatype": {
            "type": "String"
          }
        },
        {
          "name": "id",
          "rwaccess": "readonly",
          "shortdesc": "The unique ID of the AssignedStory.",
          "datatype": {
            "type": "Number"
          }
        },
        {
          "name": "isValid",
          "rwaccess": "readonly",
          "shortdesc": "Returns true if the object specifier resolves to valid objects.",
          "datatype": {
            "type": "Boolean"
          }
        },
        {
          "name": "parent",
          "rwaccess": "readonly",
          "shortdesc": "The parent of the AssignedStory (a Assignment).",
          "datatype": {
            "type": "Assignment"
          }
        },
        {
          "name": "index",
          "rwaccess": "readonly",
          "shortdesc": "The index of the AssignedStory within its containing object.",
          "datatype": {
            "type": "Number"
          }
        },
        {
          "name": "events",
          "rwaccess": "readonly",
          "shortdesc": "A collection of events.",
          "datatype": {
            "type": "Events"
          }
        },
        {
          "name": "eventListeners",
          "rwaccess": "readonly",
          "shortdesc": "A collection of event listeners.",
          "datatype": {
            "type": "EventListeners"
          }
        },
        {
          "name": "name",
          "shortdesc": "The name of the AssignedStory.",
          "datatype": {
            "type": "String"
          }
        },
        {
          "name": "label",
          "shortdesc": "A property that can be set to any string.",
          "datatype": {
            "type": "String"
          }
        },
        {
          "name": "properties",
          "shortdesc": "A property that allows setting of several properties at the same time.",
          "datatype": {
            "type": "Object"
          }
        }
      ],
      "method": [
        {
          "name": "move",
          "shortdesc": "Moves the assigned story to the specified location.",
          "parameters": [
            {
              "name": "to",
              "optional": true,
              "shortdesc": "The location of the assigned story relative to the reference object or within the containing object. ",
              "datatype": {
                "type": "LocationOptions",
                "value": "LocationOptions.AT_END"
              }
            },
            {
              "name": "reference",
              "shortdesc": "The reference object. Note: Required when the to parameter specifies before or after. Can accept: Assignment or AssignedStory. ",
              "datatype": {
                "type": "Mixed"
              },
              "optional": true
            }
          ],
          "datatype": {
            "type": "AssignedStory"
          }
        },
        {
          "name": "insertLabel",
          "shortdesc": "Sets the label to the value associated with the specified key.",
          "parameters": [
            {
              "name": "key",
              "shortdesc": "The key.",
              "datatype": {
                "type": "String"
              }
            },
            {
              "name": "value",
              "shortdesc": "The value.",
              "datatype": {
                "type": "String"
              }
            }
          ]
        },
        {
          "name": "extractLabel",
          "shortdesc": "Gets the label value associated with the specified key.",
          "parameters": [
            {
              "name": "key",
              "shortdesc": "The key.",
              "datatype": {
                "type": "String"
              }
            }
          ],
          "datatype": {
            "type": "String"
          }
        },
        {
          "name": "toSource",
          "shortdesc": "Generates a string which, if executed, will return the AssignedStory.",
          "datatype": {
            "type": "String"
          }
        },
        {
          "name": "getElements",
          "shortdesc": "Resolves the object specifier, creating an array of object references.",
          "datatype": {
            "type": "AssignedStory",
            "array": true
          }
        },
        {
          "name": "toSpecifier",
          "shortdesc": "Retrieves the object specifier.",
          "datatype": {
            "type": "String"
          }
        },
        {
          "name": "addEventListener",
          "shortdesc": "Adds an event listener.",
          "parameters": [
            {
              "name": "eventType",
              "shortdesc": "The event type.",
              "datatype": {
                "type": "String"
              }
            },
            {
              "name": "handler",
              "shortdesc": "The event handler. Can accept: File or JavaScript Function.",
              "datatype": {
                "type": "Mixed"
              }
            },
            {
              "name": "captures",
              "optional": true,
              "shortdesc": "This parameter is obsolete. ",
              "datatype": {
                "type": "Boolean",
                "value": false
              }
            }
          ],
          "datatype": {
            "type": "EventListener"
          }
        },
        {
          "name": "removeEventListener",
          "shortdesc": "Removes the event listener.",
          "parameters": [
            {
              "name": "eventType",
              "shortdesc": "The registered event type.",
              "datatype": {
                "type": "String"
              }
            },
            {
              "name": "handler",
              "shortdesc": "The registered event handler. Can accept: File or JavaScript Function.",
              "datatype": {
                "type": "Mixed"
              }
            },
            {
              "name": "captures",
              "optional": true,
              "shortdesc": "This parameter is obsolete. ",
              "datatype": {
                "type": "Boolean",
                "value": false
              }
            }
          ],
          "datatype": {
            "type": "Boolean"
          }
        }
      ]
    }
  ]
}