{
  "name": "AssignmentExportOptions",
  "enumeration": true,
  "shortdesc": "Export options for assignment files.",
  "elements": [
    {
      "type": "class",
      "property": [
        {
          "name": "EMPTY_FRAMES",
          "rwaccess": "readonly",
          "shortdesc": "Exports frames but does not export content.",
          "datatype": {
            "type": "Number",
            "value": 1098073446
          }
        },
        {
          "name": "ASSIGNED_SPREADS",
          "rwaccess": "readonly",
          "shortdesc": "Exports only spreads with assigned frames.",
          "datatype": {
            "type": "Number",
            "value": 1098073459
          }
        },
        {
          "name": "EVERYTHING",
          "rwaccess": "readonly",
          "shortdesc": "Exports the entire document.",
          "datatype": {
            "type": "Number",
            "value": 1098073441
          }
        }
      ]
    }
  ]
}