{
  "name": "AttachedDevices",
  "enumeration": true,
  "shortdesc": "The device types that are attached.",
  "elements": [
    {
      "type": "class",
      "property": [
        {
          "name": "ALL",
          "rwaccess": "readonly",
          "shortdesc": "all devices, Android followed by iOS.",
          "datatype": {
            "type": "Number",
            "value": 1634495520
          }
        },
        {
          "name": "ANDROID",
          "rwaccess": "readonly",
          "shortdesc": "Android devices.",
          "datatype": {
            "type": "Number",
            "value": 1685086564
          }
        },
        {
          "name": "IOS",
          "rwaccess": "readonly",
          "shortdesc": "iOS devices.",
          "datatype": {
            "type": "Number",
            "value": 1684631411
          }
        }
      ]
    }
  ]
}