{
  "name": "AutoCorrectTables",
  "dynamic": true,
  "shortdesc": "A collection of auto-correct tables.",
  "elements": [
    {
      "type": "instance",
      "method": [
        {
          "name": "count",
          "shortdesc": "Displays the number of elements in the AutoCorrectTable.",
          "datatype": {
            "type": "Number"
          }
        },
        {
          "name": "item",
          "shortdesc": "Returns the AutoCorrectTable with the specified index or name.",
          "parameters": [
            {
              "name": "index",
              "shortdesc": "The index or name. Can accept: Long Integer or String.",
              "datatype": {
                "type": "Mixed"
              }
            }
          ],
          "datatype": {
            "type": "AutoCorrectTable"
          }
        },
        {
          "name": "itemByName",
          "shortdesc": "Returns the AutoCorrectTable with the specified name.",
          "parameters": [
            {
              "name": "name",
              "shortdesc": "The name.",
              "datatype": {
                "type": "String"
              }
            }
          ],
          "datatype": {
            "type": "AutoCorrectTable"
          }
        },
        {
          "name": "itemByRange",
          "shortdesc": "Returns the AutoCorrectTables within the specified range.",
          "parameters": [
            {
              "name": "from",
              "shortdesc": "The AutoCorrectTable, index, or name at the beginning of the range. Can accept: AutoCorrectTable, Long Integer or String.",
              "datatype": {
                "type": "Mixed"
              }
            },
            {
              "name": "to",
              "shortdesc": "The AutoCorrectTable, index, or name at the end of the range. Can accept: AutoCorrectTable, Long Integer or String.",
              "datatype": {
                "type": "Mixed"
              }
            }
          ],
          "datatype": {
            "type": "AutoCorrectTable",
            "array": true
          }
        },
        {
          "name": "firstItem",
          "shortdesc": "Returns the first AutoCorrectTable in the collection.",
          "datatype": {
            "type": "AutoCorrectTable"
          }
        },
        {
          "name": "lastItem",
          "shortdesc": "Returns the last AutoCorrectTable in the collection.",
          "datatype": {
            "type": "AutoCorrectTable"
          }
        },
        {
          "name": "middleItem",
          "shortdesc": "Returns the middle AutoCorrectTable in the collection.",
          "datatype": {
            "type": "AutoCorrectTable"
          }
        },
        {
          "name": "previousItem",
          "shortdesc": "Returns the AutoCorrectTable with the index previous to the specified index.",
          "parameters": [
            {
              "name": "obj",
              "shortdesc": "The index of the AutoCorrectTable that follows the desired AutoCorrectTable.",
              "datatype": {
                "type": "AutoCorrectTable"
              }
            }
          ],
          "datatype": {
            "type": "AutoCorrectTable"
          }
        },
        {
          "name": "nextItem",
          "shortdesc": "Returns the AutoCorrectTable whose index follows the specified AutoCorrectTable in the collection.",
          "parameters": [
            {
              "name": "obj",
              "shortdesc": "The AutoCorrectTable whose index comes before the desired AutoCorrectTable.",
              "datatype": {
                "type": "AutoCorrectTable"
              }
            }
          ],
          "datatype": {
            "type": "AutoCorrectTable"
          }
        },
        {
          "name": "anyItem",
          "shortdesc": "Returns any AutoCorrectTable in the collection.",
          "datatype": {
            "type": "AutoCorrectTable"
          }
        },
        {
          "name": "everyItem",
          "shortdesc": "Returns every AutoCorrectTable in the collection.",
          "datatype": {
            "type": "AutoCorrectTable",
            "array": true
          }
        },
        {
          "name": "toSource",
          "shortdesc": "Generates a string which, if executed, will return the AutoCorrectTable.",
          "datatype": {
            "type": "String"
          }
        },
        {
          "name": "[]",
          "shortdesc": "Returns the AutoCorrectTable with the specified index.",
          "parameters": [
            {
              "name": "index",
              "shortdesc": "The index.",
              "datatype": {
                "type": "Number"
              }
            }
          ],
          "datatype": {
            "type": "AutoCorrectTable"
          }
        }
      ],
      "property": [
        {
          "name": "length",
          "rwaccess": "readonly",
          "shortdesc": "The number of objects in the collection.",
          "datatype": {
            "type": "Number"
          }
        }
      ]
    }
  ]
}