{
  "name": "AutoCorrectPreference",
  "dynamic": true,
  "superclass": {
    "href": "#/Preference",
    "$t": "Preference"
  },
  "shortdesc": "Auto-correct preferences.",
  "elements": [
    {
      "type": "instance",
      "property": [
        {
          "name": "isValid",
          "rwaccess": "readonly",
          "shortdesc": "Returns true if the object specifier resolves to valid objects.",
          "datatype": {
            "type": "Boolean"
          }
        },
        {
          "name": "parent",
          "rwaccess": "readonly",
          "shortdesc": "The parent of the AutoCorrectPreference (a Application).",
          "datatype": {
            "type": "Application"
          }
        },
        {
          "name": "events",
          "rwaccess": "readonly",
          "shortdesc": "A collection of events.",
          "datatype": {
            "type": "Events"
          }
        },
        {
          "name": "eventListeners",
          "rwaccess": "readonly",
          "shortdesc": "A collection of event listeners.",
          "datatype": {
            "type": "EventListeners"
          }
        },
        {
          "name": "autoCorrect",
          "shortdesc": "If true, automatically corrects misspelled words listed in the auto-correct table.",
          "datatype": {
            "type": "Boolean"
          }
        },
        {
          "name": "autoCorrectCapitalizationErrors",
          "shortdesc": "If true, automatically corrects capitalization errors listed in the auto-correct table.",
          "datatype": {
            "type": "Boolean"
          }
        },
        {
          "name": "properties",
          "shortdesc": "A property that allows setting of several properties at the same time.",
          "datatype": {
            "type": "Object"
          }
        }
      ],
      "method": [
        {
          "name": "toSource",
          "shortdesc": "Generates a string which, if executed, will return the AutoCorrectPreference.",
          "datatype": {
            "type": "String"
          }
        },
        {
          "name": "getElements",
          "shortdesc": "Resolves the object specifier, creating an array of object references.",
          "datatype": {
            "type": "AutoCorrectPreference",
            "array": true
          }
        },
        {
          "name": "toSpecifier",
          "shortdesc": "Retrieves the object specifier.",
          "datatype": {
            "type": "String"
          }
        },
        {
          "name": "addEventListener",
          "shortdesc": "Adds an event listener.",
          "parameters": [
            {
              "name": "eventType",
              "shortdesc": "The event type.",
              "datatype": {
                "type": "String"
              }
            },
            {
              "name": "handler",
              "shortdesc": "The event handler. Can accept: File or JavaScript Function.",
              "datatype": {
                "type": "Mixed"
              }
            },
            {
              "name": "captures",
              "optional": true,
              "shortdesc": "This parameter is obsolete. ",
              "datatype": {
                "type": "Boolean",
                "value": false
              }
            }
          ],
          "datatype": {
            "type": "EventListener"
          }
        },
        {
          "name": "removeEventListener",
          "shortdesc": "Removes the event listener.",
          "parameters": [
            {
              "name": "eventType",
              "shortdesc": "The registered event type.",
              "datatype": {
                "type": "String"
              }
            },
            {
              "name": "handler",
              "shortdesc": "The registered event handler. Can accept: File or JavaScript Function.",
              "datatype": {
                "type": "Mixed"
              }
            },
            {
              "name": "captures",
              "optional": true,
              "shortdesc": "This parameter is obsolete. ",
              "datatype": {
                "type": "Boolean",
                "value": false
              }
            }
          ],
          "datatype": {
            "type": "Boolean"
          }
        }
      ]
    }
  ]
}