{
  "name": "BalanceLinesStyle",
  "enumeration": true,
  "shortdesc": "Options for balancing line endings in the text.",
  "elements": [
    {
      "type": "class",
      "property": [
        {
          "name": "NO_BALANCING",
          "rwaccess": "readonly",
          "shortdesc": "Does not balance lines.",
          "datatype": {
            "type": "Number",
            "value": 1114394470
          }
        },
        {
          "name": "VEE_SHAPE",
          "rwaccess": "readonly",
          "shortdesc": "Prefers shorter last lines.",
          "datatype": {
            "type": "Number",
            "value": 1114396261
          }
        },
        {
          "name": "FULLY_BALANCED",
          "rwaccess": "readonly",
          "shortdesc": "Balances lines equally.",
          "datatype": {
            "type": "Number",
            "value": 1114391921
          }
        },
        {
          "name": "PYRAMID_SHAPE",
          "rwaccess": "readonly",
          "shortdesc": "Prefers longer last lines.",
          "datatype": {
            "type": "Number",
            "value": 1114394745
          }
        }
      ]
    }
  ]
}