{
  "name": "BevelAndEmbossDirection",
  "enumeration": true,
  "shortdesc": "Bevel and emboss direction options.",
  "elements": [
    {
      "type": "class",
      "property": [
        {
          "name": "UP",
          "rwaccess": "readonly",
          "shortdesc": "The effect appears raised.",
          "datatype": {
            "type": "Number",
            "value": 1181971566
          }
        },
        {
          "name": "DOWN",
          "rwaccess": "readonly",
          "shortdesc": "The effect appears depressed.",
          "datatype": {
            "type": "Number",
            "value": 1181971556
          }
        }
      ]
    }
  ]
}