{
  "name": "BindingOptions",
  "enumeration": true,
  "shortdesc": "The location of the binding spine in a spread.",
  "elements": [
    {
      "type": "class",
      "property": [
        {
          "name": "RIGHT_ALIGN",
          "rwaccess": "readonly",
          "shortdesc": "Moves the page to the right side of the spread's binding spine.",
          "datatype": {
            "type": "Number",
            "value": 1919379572
          }
        },
        {
          "name": "LEFT_ALIGN",
          "rwaccess": "readonly",
          "shortdesc": "Moves the page to the left side of the spread's binding spine.",
          "datatype": {
            "type": "Number",
            "value": 1818584692
          }
        },
        {
          "name": "DEFAULT_VALUE",
          "rwaccess": "readonly",
          "shortdesc": "Uses the default binding side.",
          "datatype": {
            "type": "Number",
            "value": 1147563124
          }
        }
      ]
    }
  ]
}