{
  "name": "BitmapCompression",
  "enumeration": true,
  "shortdesc": "The type of compression for bitmap images.",
  "elements": [
    {
      "type": "class",
      "property": [
        {
          "name": "NONE",
          "rwaccess": "readonly",
          "shortdesc": "Uses no compression.",
          "datatype": {
            "type": "Number",
            "value": 1852796517
          }
        },
        {
          "name": "AUTO_COMPRESSION",
          "rwaccess": "readonly",
          "shortdesc": "Uses JPEG compression and automatically determines the best quality type. Valid only when acrobat compatibility is acrobat 6 or higher.",
          "datatype": {
            "type": "Number",
            "value": 1631808880
          }
        },
        {
          "name": "JPEG",
          "rwaccess": "readonly",
          "shortdesc": "Uses JPEG compression.",
          "datatype": {
            "type": "Number",
            "value": 1785751398
          }
        },
        {
          "name": "ZIP",
          "rwaccess": "readonly",
          "shortdesc": "Uses ZIP compression.",
          "datatype": {
            "type": "Number",
            "value": 2053730371
          }
        },
        {
          "name": "JPEG_2000",
          "rwaccess": "readonly",
          "shortdesc": "Uses JPEG 2000 compression. Valid only when acrobat compatibility is acrobat 6 or higher.",
          "datatype": {
            "type": "Number",
            "value": 1785751346
          }
        },
        {
          "name": "AUTOMATIC_JPEG_2000",
          "rwaccess": "readonly",
          "shortdesc": "The Automatic JPEG 2000 compression method.",
          "datatype": {
            "type": "Number",
            "value": 1634365490
          }
        }
      ]
    }
  ]
}