{
  "name": "BlendingSpace",
  "enumeration": true,
  "shortdesc": "Transparency blending space options.",
  "elements": [
    {
      "type": "class",
      "property": [
        {
          "name": "DEFAULT_VALUE",
          "rwaccess": "readonly",
          "shortdesc": "Defaults to the current color profile.",
          "datatype": {
            "type": "Number",
            "value": 1147563124
          }
        },
        {
          "name": "RGB",
          "rwaccess": "readonly",
          "shortdesc": "Uses the RGB color profile.",
          "datatype": {
            "type": "Number",
            "value": 1666336578
          }
        },
        {
          "name": "CMYK",
          "rwaccess": "readonly",
          "shortdesc": "Uses the CMYK profile.",
          "datatype": {
            "type": "Number",
            "value": 1129142603
          }
        }
      ]
    }
  ]
}