{
  "name": "BookContents",
  "dynamic": true,
  "shortdesc": "A collection of book content objects.",
  "elements": [
    {
      "type": "instance",
      "method": [
        {
          "name": "add",
          "shortdesc": "Creates a new book content object.",
          "parameters": [
            {
              "name": "fullName",
              "shortdesc": "The full path name of the new book content object.",
              "datatype": {
                "type": "File"
              }
            },
            {
              "name": "at",
              "optional": true,
              "shortdesc": "The location of the book content object within the book. ",
              "datatype": {
                "type": "Number",
                "value": -1
              }
            },
            {
              "name": "withProperties",
              "shortdesc": "Initial values for properties of the new BookContent ",
              "datatype": {
                "type": "Object"
              },
              "optional": true
            }
          ],
          "datatype": {
            "type": "BookContent"
          }
        },
        {
          "name": "count",
          "shortdesc": "Displays the number of elements in the BookContent.",
          "datatype": {
            "type": "Number"
          }
        },
        {
          "name": "item",
          "shortdesc": "Returns the BookContent with the specified index or name.",
          "parameters": [
            {
              "name": "index",
              "shortdesc": "The index or name. Can accept: Long Integer or String.",
              "datatype": {
                "type": "Mixed"
              }
            }
          ],
          "datatype": {
            "type": "BookContent"
          }
        },
        {
          "name": "itemByName",
          "shortdesc": "Returns the BookContent with the specified name.",
          "parameters": [
            {
              "name": "name",
              "shortdesc": "The name.",
              "datatype": {
                "type": "String"
              }
            }
          ],
          "datatype": {
            "type": "BookContent"
          }
        },
        {
          "name": "itemByID",
          "shortdesc": "Returns the BookContent with the specified ID.",
          "parameters": [
            {
              "name": "id",
              "shortdesc": "The ID.",
              "datatype": {
                "type": "Number"
              }
            }
          ],
          "datatype": {
            "type": "BookContent"
          }
        },
        {
          "name": "itemByRange",
          "shortdesc": "Returns the BookContents within the specified range.",
          "parameters": [
            {
              "name": "from",
              "shortdesc": "The BookContent, index, or name at the beginning of the range. Can accept: BookContent, Long Integer or String.",
              "datatype": {
                "type": "Mixed"
              }
            },
            {
              "name": "to",
              "shortdesc": "The BookContent, index, or name at the end of the range. Can accept: BookContent, Long Integer or String.",
              "datatype": {
                "type": "Mixed"
              }
            }
          ],
          "datatype": {
            "type": "BookContent",
            "array": true
          }
        },
        {
          "name": "firstItem",
          "shortdesc": "Returns the first BookContent in the collection.",
          "datatype": {
            "type": "BookContent"
          }
        },
        {
          "name": "lastItem",
          "shortdesc": "Returns the last BookContent in the collection.",
          "datatype": {
            "type": "BookContent"
          }
        },
        {
          "name": "middleItem",
          "shortdesc": "Returns the middle BookContent in the collection.",
          "datatype": {
            "type": "BookContent"
          }
        },
        {
          "name": "previousItem",
          "shortdesc": "Returns the BookContent with the index previous to the specified index.",
          "parameters": [
            {
              "name": "obj",
              "shortdesc": "The index of the BookContent that follows the desired BookContent.",
              "datatype": {
                "type": "BookContent"
              }
            }
          ],
          "datatype": {
            "type": "BookContent"
          }
        },
        {
          "name": "nextItem",
          "shortdesc": "Returns the BookContent whose index follows the specified BookContent in the collection.",
          "parameters": [
            {
              "name": "obj",
              "shortdesc": "The BookContent whose index comes before the desired BookContent.",
              "datatype": {
                "type": "BookContent"
              }
            }
          ],
          "datatype": {
            "type": "BookContent"
          }
        },
        {
          "name": "anyItem",
          "shortdesc": "Returns any BookContent in the collection.",
          "datatype": {
            "type": "BookContent"
          }
        },
        {
          "name": "everyItem",
          "shortdesc": "Returns every BookContent in the collection.",
          "datatype": {
            "type": "BookContent",
            "array": true
          }
        },
        {
          "name": "toSource",
          "shortdesc": "Generates a string which, if executed, will return the BookContent.",
          "datatype": {
            "type": "String"
          }
        },
        {
          "name": "[]",
          "shortdesc": "Returns the BookContent with the specified index.",
          "parameters": [
            {
              "name": "index",
              "shortdesc": "The index.",
              "datatype": {
                "type": "Number"
              }
            }
          ],
          "datatype": {
            "type": "BookContent"
          }
        }
      ],
      "property": [
        {
          "name": "length",
          "rwaccess": "readonly",
          "shortdesc": "The number of objects in the collection.",
          "datatype": {
            "type": "Number"
          }
        }
      ]
    }
  ]
}