{
  "name": "BorderPanels",
  "dynamic": true,
  "shortdesc": "A collection of border panels.",
  "elements": [
    {
      "type": "instance",
      "method": [
        {
          "name": "add",
          "shortdesc": "Creates a new BorderPanel.",
          "parameters": [
            {
              "name": "withProperties",
              "shortdesc": "Initial values for properties of the new BorderPanel ",
              "datatype": {
                "type": "Object"
              },
              "optional": true
            }
          ],
          "datatype": {
            "type": "BorderPanel"
          }
        },
        {
          "name": "count",
          "shortdesc": "Displays the number of elements in the BorderPanel.",
          "datatype": {
            "type": "Number"
          }
        },
        {
          "name": "item",
          "shortdesc": "Returns the BorderPanel with the specified index or name.",
          "parameters": [
            {
              "name": "index",
              "shortdesc": "The index or name. Can accept: Long Integer or String.",
              "datatype": {
                "type": "Mixed"
              }
            }
          ],
          "datatype": {
            "type": "BorderPanel"
          }
        },
        {
          "name": "itemByID",
          "shortdesc": "Returns the BorderPanel with the specified ID.",
          "parameters": [
            {
              "name": "id",
              "shortdesc": "The ID.",
              "datatype": {
                "type": "Number"
              }
            }
          ],
          "datatype": {
            "type": "BorderPanel"
          }
        },
        {
          "name": "itemByRange",
          "shortdesc": "Returns the BorderPanels within the specified range.",
          "parameters": [
            {
              "name": "from",
              "shortdesc": "The BorderPanel, index, or name at the beginning of the range. Can accept: BorderPanel, Long Integer or String.",
              "datatype": {
                "type": "Mixed"
              }
            },
            {
              "name": "to",
              "shortdesc": "The BorderPanel, index, or name at the end of the range. Can accept: BorderPanel, Long Integer or String.",
              "datatype": {
                "type": "Mixed"
              }
            }
          ],
          "datatype": {
            "type": "BorderPanel",
            "array": true
          }
        },
        {
          "name": "firstItem",
          "shortdesc": "Returns the first BorderPanel in the collection.",
          "datatype": {
            "type": "BorderPanel"
          }
        },
        {
          "name": "lastItem",
          "shortdesc": "Returns the last BorderPanel in the collection.",
          "datatype": {
            "type": "BorderPanel"
          }
        },
        {
          "name": "middleItem",
          "shortdesc": "Returns the middle BorderPanel in the collection.",
          "datatype": {
            "type": "BorderPanel"
          }
        },
        {
          "name": "previousItem",
          "shortdesc": "Returns the BorderPanel with the index previous to the specified index.",
          "parameters": [
            {
              "name": "obj",
              "shortdesc": "The index of the BorderPanel that follows the desired BorderPanel.",
              "datatype": {
                "type": "BorderPanel"
              }
            }
          ],
          "datatype": {
            "type": "BorderPanel"
          }
        },
        {
          "name": "nextItem",
          "shortdesc": "Returns the BorderPanel whose index follows the specified BorderPanel in the collection.",
          "parameters": [
            {
              "name": "obj",
              "shortdesc": "The BorderPanel whose index comes before the desired BorderPanel.",
              "datatype": {
                "type": "BorderPanel"
              }
            }
          ],
          "datatype": {
            "type": "BorderPanel"
          }
        },
        {
          "name": "anyItem",
          "shortdesc": "Returns any BorderPanel in the collection.",
          "datatype": {
            "type": "BorderPanel"
          }
        },
        {
          "name": "everyItem",
          "shortdesc": "Returns every BorderPanel in the collection.",
          "datatype": {
            "type": "BorderPanel",
            "array": true
          }
        },
        {
          "name": "toSource",
          "shortdesc": "Generates a string which, if executed, will return the BorderPanel.",
          "datatype": {
            "type": "String"
          }
        },
        {
          "name": "[]",
          "shortdesc": "Returns the BorderPanel with the specified index.",
          "parameters": [
            {
              "name": "index",
              "shortdesc": "The index.",
              "datatype": {
                "type": "Number"
              }
            }
          ],
          "datatype": {
            "type": "BorderPanel"
          }
        }
      ],
      "property": [
        {
          "name": "length",
          "rwaccess": "readonly",
          "shortdesc": "The number of objects in the collection.",
          "datatype": {
            "type": "Number"
          }
        }
      ]
    }
  ]
}