{
  "name": "BulletListExportOption",
  "enumeration": true,
  "shortdesc": "Options for export unorder list.",
  "elements": [
    {
      "type": "class",
      "property": [
        {
          "name": "UNORDERED_LIST",
          "rwaccess": "readonly",
          "shortdesc": "map to html unordered list.",
          "datatype": {
            "type": "Number",
            "value": 1700949333
          }
        },
        {
          "name": "AS_TEXT",
          "rwaccess": "readonly",
          "shortdesc": "convert to text.",
          "datatype": {
            "type": "Number",
            "value": 1700946804
          }
        }
      ]
    }
  ]
}