{
  "name": "CellStyleGroups",
  "dynamic": true,
  "shortdesc": "A collection of cell style groups.",
  "elements": [
    {
      "type": "instance",
      "method": [
        {
          "name": "add",
          "shortdesc": "Creates a new CellStyleGroup.",
          "parameters": [
            {
              "name": "withProperties",
              "shortdesc": "Initial values for properties of the new CellStyleGroup ",
              "datatype": {
                "type": "Object"
              },
              "optional": true
            }
          ],
          "datatype": {
            "type": "CellStyleGroup"
          }
        },
        {
          "name": "count",
          "shortdesc": "Displays the number of elements in the CellStyleGroup.",
          "datatype": {
            "type": "Number"
          }
        },
        {
          "name": "item",
          "shortdesc": "Returns the CellStyleGroup with the specified index or name.",
          "parameters": [
            {
              "name": "index",
              "shortdesc": "The index or name. Can accept: Long Integer or String.",
              "datatype": {
                "type": "Mixed"
              }
            }
          ],
          "datatype": {
            "type": "CellStyleGroup"
          }
        },
        {
          "name": "itemByName",
          "shortdesc": "Returns the CellStyleGroup with the specified name.",
          "parameters": [
            {
              "name": "name",
              "shortdesc": "The name.",
              "datatype": {
                "type": "String"
              }
            }
          ],
          "datatype": {
            "type": "CellStyleGroup"
          }
        },
        {
          "name": "itemByID",
          "shortdesc": "Returns the CellStyleGroup with the specified ID.",
          "parameters": [
            {
              "name": "id",
              "shortdesc": "The ID.",
              "datatype": {
                "type": "Number"
              }
            }
          ],
          "datatype": {
            "type": "CellStyleGroup"
          }
        },
        {
          "name": "itemByRange",
          "shortdesc": "Returns the CellStyleGroups within the specified range.",
          "parameters": [
            {
              "name": "from",
              "shortdesc": "The CellStyleGroup, index, or name at the beginning of the range. Can accept: CellStyleGroup, Long Integer or String.",
              "datatype": {
                "type": "Mixed"
              }
            },
            {
              "name": "to",
              "shortdesc": "The CellStyleGroup, index, or name at the end of the range. Can accept: CellStyleGroup, Long Integer or String.",
              "datatype": {
                "type": "Mixed"
              }
            }
          ],
          "datatype": {
            "type": "CellStyleGroup",
            "array": true
          }
        },
        {
          "name": "firstItem",
          "shortdesc": "Returns the first CellStyleGroup in the collection.",
          "datatype": {
            "type": "CellStyleGroup"
          }
        },
        {
          "name": "lastItem",
          "shortdesc": "Returns the last CellStyleGroup in the collection.",
          "datatype": {
            "type": "CellStyleGroup"
          }
        },
        {
          "name": "middleItem",
          "shortdesc": "Returns the middle CellStyleGroup in the collection.",
          "datatype": {
            "type": "CellStyleGroup"
          }
        },
        {
          "name": "previousItem",
          "shortdesc": "Returns the CellStyleGroup with the index previous to the specified index.",
          "parameters": [
            {
              "name": "obj",
              "shortdesc": "The index of the CellStyleGroup that follows the desired CellStyleGroup.",
              "datatype": {
                "type": "CellStyleGroup"
              }
            }
          ],
          "datatype": {
            "type": "CellStyleGroup"
          }
        },
        {
          "name": "nextItem",
          "shortdesc": "Returns the CellStyleGroup whose index follows the specified CellStyleGroup in the collection.",
          "parameters": [
            {
              "name": "obj",
              "shortdesc": "The CellStyleGroup whose index comes before the desired CellStyleGroup.",
              "datatype": {
                "type": "CellStyleGroup"
              }
            }
          ],
          "datatype": {
            "type": "CellStyleGroup"
          }
        },
        {
          "name": "anyItem",
          "shortdesc": "Returns any CellStyleGroup in the collection.",
          "datatype": {
            "type": "CellStyleGroup"
          }
        },
        {
          "name": "everyItem",
          "shortdesc": "Returns every CellStyleGroup in the collection.",
          "datatype": {
            "type": "CellStyleGroup",
            "array": true
          }
        },
        {
          "name": "toSource",
          "shortdesc": "Generates a string which, if executed, will return the CellStyleGroup.",
          "datatype": {
            "type": "String"
          }
        },
        {
          "name": "[]",
          "shortdesc": "Returns the CellStyleGroup with the specified index.",
          "parameters": [
            {
              "name": "index",
              "shortdesc": "The index.",
              "datatype": {
                "type": "Number"
              }
            }
          ],
          "datatype": {
            "type": "CellStyleGroup"
          }
        }
      ],
      "property": [
        {
          "name": "length",
          "rwaccess": "readonly",
          "shortdesc": "The number of objects in the collection.",
          "datatype": {
            "type": "Number"
          }
        }
      ]
    }
  ]
}