{
  "name": "ChangeMarkings",
  "enumeration": true,
  "shortdesc": "Marking options for changed text.",
  "elements": [
    {
      "type": "class",
      "property": [
        {
          "name": "NONE",
          "rwaccess": "readonly",
          "shortdesc": "Does not mark changed text.",
          "datatype": {
            "type": "Number",
            "value": 1852796517
          }
        },
        {
          "name": "STRIKETHROUGH",
          "rwaccess": "readonly",
          "shortdesc": "Uses a strikethrough to mark changed text.",
          "datatype": {
            "type": "Number",
            "value": 1699968114
          }
        },
        {
          "name": "UNDERLINE_SINGLE",
          "rwaccess": "readonly",
          "shortdesc": "Underlines changed text.",
          "datatype": {
            "type": "Number",
            "value": 1700097636
          }
        },
        {
          "name": "OUTLINE",
          "rwaccess": "readonly",
          "shortdesc": "Outlines changed text.",
          "datatype": {
            "type": "Number",
            "value": 1869900910
          }
        }
      ]
    }
  ]
}