{
  "name": "ChangeBackgroundColorChoices",
  "enumeration": true,
  "shortdesc": "Background color options for changed text.",
  "elements": [
    {
      "type": "class",
      "property": [
        {
          "name": "CHANGE_BACKGROUND_USES_GALLEY_BACKGROUND_COLOR",
          "rwaccess": "readonly",
          "shortdesc": "The background color for changed text is the same as the galley background color.",
          "datatype": {
            "type": "Number",
            "value": 1700095842
          }
        },
        {
          "name": "CHANGE_BACKGROUND_USES_USER_COLOR",
          "rwaccess": "readonly",
          "shortdesc": "The background color for changed text is the same as the color assigned to the current user.",
          "datatype": {
            "type": "Number",
            "value": 1700099426
          }
        },
        {
          "name": "CHANGE_BACKGROUND_USES_CHANGE_PREF_COLOR",
          "rwaccess": "readonly",
          "shortdesc": "The background color for changed text is the same as the track changes preferences background color. For information, see background color for added text, background color for deleted text, or background color for moved text.",
          "datatype": {
            "type": "Number",
            "value": 1700098146
          }
        }
      ]
    }
  ]
}