{
  "name": "ChangeCaseOptions",
  "enumeration": true,
  "shortdesc": "Change case options.",
  "elements": [
    {
      "type": "class",
      "property": [
        {
          "name": "NONE",
          "rwaccess": "readonly",
          "shortdesc": "No conversion.",
          "datatype": {
            "type": "Number",
            "value": 1852796517
          }
        },
        {
          "name": "UPPERCASE",
          "rwaccess": "readonly",
          "shortdesc": "Converts all letters to uppercase.",
          "datatype": {
            "type": "Number",
            "value": 1667462499
          }
        },
        {
          "name": "LOWERCASE",
          "rwaccess": "readonly",
          "shortdesc": "Converts all letters to lowercase.",
          "datatype": {
            "type": "Number",
            "value": 1667460195
          }
        },
        {
          "name": "TITLECASE",
          "rwaccess": "readonly",
          "shortdesc": "Converts the first letter of each word to uppercase.",
          "datatype": {
            "type": "Number",
            "value": 1667462243
          }
        },
        {
          "name": "SENTENCECASE",
          "rwaccess": "readonly",
          "shortdesc": "Converts the first letter of the first word of each sentence to uppercase.",
          "datatype": {
            "type": "Number",
            "value": 1667461987
          }
        }
      ]
    }
  ]
}