{
  "name": "ChangecaseMode",
  "enumeration": true,
  "shortdesc": "Text case options.",
  "elements": [
    {
      "type": "class",
      "property": [
        {
          "name": "UPPERCASE",
          "rwaccess": "readonly",
          "shortdesc": "Makes all letters uppercase.",
          "datatype": {
            "type": "Number",
            "value": 1667462499
          }
        },
        {
          "name": "LOWERCASE",
          "rwaccess": "readonly",
          "shortdesc": "Makes all letters lowercase.",
          "datatype": {
            "type": "Number",
            "value": 1667460195
          }
        },
        {
          "name": "TITLECASE",
          "rwaccess": "readonly",
          "shortdesc": "Makes the first letter of each word uppercase.",
          "datatype": {
            "type": "Number",
            "value": 1667462243
          }
        },
        {
          "name": "SENTENCECASE",
          "rwaccess": "readonly",
          "shortdesc": "Makes the first letter of each sentence uppercase.",
          "datatype": {
            "type": "Number",
            "value": 1667461987
          }
        }
      ]
    }
  ]
}