{
  "name": "Changes",
  "dynamic": true,
  "shortdesc": "A collection of changes.",
  "elements": [
    {
      "type": "instance",
      "method": [
        {
          "name": "count",
          "shortdesc": "Displays the number of elements in the Change.",
          "datatype": {
            "type": "Number"
          }
        },
        {
          "name": "item",
          "shortdesc": "Returns the Change with the specified index or name.",
          "parameters": [
            {
              "name": "index",
              "shortdesc": "The index or name. Can accept: Long Integer or String.",
              "datatype": {
                "type": "Mixed"
              }
            }
          ],
          "datatype": {
            "type": "Change"
          }
        },
        {
          "name": "itemByRange",
          "shortdesc": "Returns the Changes within the specified range.",
          "parameters": [
            {
              "name": "from",
              "shortdesc": "The Change, index, or name at the beginning of the range. Can accept: Change, Long Integer or String.",
              "datatype": {
                "type": "Mixed"
              }
            },
            {
              "name": "to",
              "shortdesc": "The Change, index, or name at the end of the range. Can accept: Change, Long Integer or String.",
              "datatype": {
                "type": "Mixed"
              }
            }
          ],
          "datatype": {
            "type": "Change",
            "array": true
          }
        },
        {
          "name": "firstItem",
          "shortdesc": "Returns the first Change in the collection.",
          "datatype": {
            "type": "Change"
          }
        },
        {
          "name": "lastItem",
          "shortdesc": "Returns the last Change in the collection.",
          "datatype": {
            "type": "Change"
          }
        },
        {
          "name": "middleItem",
          "shortdesc": "Returns the middle Change in the collection.",
          "datatype": {
            "type": "Change"
          }
        },
        {
          "name": "previousItem",
          "shortdesc": "Returns the Change with the index previous to the specified index.",
          "parameters": [
            {
              "name": "obj",
              "shortdesc": "The index of the Change that follows the desired Change.",
              "datatype": {
                "type": "Change"
              }
            }
          ],
          "datatype": {
            "type": "Change"
          }
        },
        {
          "name": "nextItem",
          "shortdesc": "Returns the Change whose index follows the specified Change in the collection.",
          "parameters": [
            {
              "name": "obj",
              "shortdesc": "The Change whose index comes before the desired Change.",
              "datatype": {
                "type": "Change"
              }
            }
          ],
          "datatype": {
            "type": "Change"
          }
        },
        {
          "name": "anyItem",
          "shortdesc": "Returns any Change in the collection.",
          "datatype": {
            "type": "Change"
          }
        },
        {
          "name": "everyItem",
          "shortdesc": "Returns every Change in the collection.",
          "datatype": {
            "type": "Change",
            "array": true
          }
        },
        {
          "name": "toSource",
          "shortdesc": "Generates a string which, if executed, will return the Change.",
          "datatype": {
            "type": "String"
          }
        },
        {
          "name": "[]",
          "shortdesc": "Returns the Change with the specified index.",
          "parameters": [
            {
              "name": "index",
              "shortdesc": "The index.",
              "datatype": {
                "type": "Number"
              }
            }
          ],
          "datatype": {
            "type": "Change"
          }
        }
      ],
      "property": [
        {
          "name": "length",
          "rwaccess": "readonly",
          "shortdesc": "The number of objects in the collection.",
          "datatype": {
            "type": "Number"
          }
        }
      ]
    }
  ]
}