{
  "name": "CharStyleMappings",
  "dynamic": true,
  "shortdesc": "A collection of char style mappings.",
  "elements": [
    {
      "type": "instance",
      "method": [
        {
          "name": "add",
          "shortdesc": "Adds a style mapping.",
          "parameters": [
            {
              "name": "sourceStyleName",
              "shortdesc": "The source style name.",
              "datatype": {
                "type": "String"
              }
            },
            {
              "name": "destinationStyleName",
              "shortdesc": "The destination style name.",
              "datatype": {
                "type": "String"
              }
            },
            {
              "name": "mappingRuleType",
              "shortdesc": "The mapping type",
              "datatype": {
                "type": "MapType"
              }
            },
            {
              "name": "withProperties",
              "shortdesc": "Initial values for properties of the new CharStyleMapping ",
              "datatype": {
                "type": "Object"
              },
              "optional": true
            }
          ],
          "datatype": {
            "type": "CharStyleMapping"
          }
        },
        {
          "name": "count",
          "shortdesc": "Displays the number of elements in the CharStyleMapping.",
          "datatype": {
            "type": "Number"
          }
        },
        {
          "name": "item",
          "shortdesc": "Returns the CharStyleMapping with the specified index or name.",
          "parameters": [
            {
              "name": "index",
              "shortdesc": "The index or name. Can accept: Long Integer or String.",
              "datatype": {
                "type": "Mixed"
              }
            }
          ],
          "datatype": {
            "type": "CharStyleMapping"
          }
        },
        {
          "name": "itemByRange",
          "shortdesc": "Returns the CharStyleMappings within the specified range.",
          "parameters": [
            {
              "name": "from",
              "shortdesc": "The CharStyleMapping, index, or name at the beginning of the range. Can accept: CharStyleMapping, Long Integer or String.",
              "datatype": {
                "type": "Mixed"
              }
            },
            {
              "name": "to",
              "shortdesc": "The CharStyleMapping, index, or name at the end of the range. Can accept: CharStyleMapping, Long Integer or String.",
              "datatype": {
                "type": "Mixed"
              }
            }
          ],
          "datatype": {
            "type": "CharStyleMapping",
            "array": true
          }
        },
        {
          "name": "firstItem",
          "shortdesc": "Returns the first CharStyleMapping in the collection.",
          "datatype": {
            "type": "CharStyleMapping"
          }
        },
        {
          "name": "lastItem",
          "shortdesc": "Returns the last CharStyleMapping in the collection.",
          "datatype": {
            "type": "CharStyleMapping"
          }
        },
        {
          "name": "middleItem",
          "shortdesc": "Returns the middle CharStyleMapping in the collection.",
          "datatype": {
            "type": "CharStyleMapping"
          }
        },
        {
          "name": "previousItem",
          "shortdesc": "Returns the CharStyleMapping with the index previous to the specified index.",
          "parameters": [
            {
              "name": "obj",
              "shortdesc": "The index of the CharStyleMapping that follows the desired CharStyleMapping.",
              "datatype": {
                "type": "CharStyleMapping"
              }
            }
          ],
          "datatype": {
            "type": "CharStyleMapping"
          }
        },
        {
          "name": "nextItem",
          "shortdesc": "Returns the CharStyleMapping whose index follows the specified CharStyleMapping in the collection.",
          "parameters": [
            {
              "name": "obj",
              "shortdesc": "The CharStyleMapping whose index comes before the desired CharStyleMapping.",
              "datatype": {
                "type": "CharStyleMapping"
              }
            }
          ],
          "datatype": {
            "type": "CharStyleMapping"
          }
        },
        {
          "name": "anyItem",
          "shortdesc": "Returns any CharStyleMapping in the collection.",
          "datatype": {
            "type": "CharStyleMapping"
          }
        },
        {
          "name": "everyItem",
          "shortdesc": "Returns every CharStyleMapping in the collection.",
          "datatype": {
            "type": "CharStyleMapping",
            "array": true
          }
        },
        {
          "name": "toSource",
          "shortdesc": "Generates a string which, if executed, will return the CharStyleMapping.",
          "datatype": {
            "type": "String"
          }
        },
        {
          "name": "[]",
          "shortdesc": "Returns the CharStyleMapping with the specified index.",
          "parameters": [
            {
              "name": "index",
              "shortdesc": "The index.",
              "datatype": {
                "type": "Number"
              }
            }
          ],
          "datatype": {
            "type": "CharStyleMapping"
          }
        }
      ],
      "property": [
        {
          "name": "length",
          "rwaccess": "readonly",
          "shortdesc": "The number of objects in the collection.",
          "datatype": {
            "type": "Number"
          }
        }
      ]
    }
  ]
}