{
  "name": "CharacterStyleGroups",
  "dynamic": true,
  "shortdesc": "A collection of character style groups.",
  "elements": [
    {
      "type": "instance",
      "method": [
        {
          "name": "add",
          "shortdesc": "Creates a new CharacterStyleGroup.",
          "parameters": [
            {
              "name": "withProperties",
              "shortdesc": "Initial values for properties of the new CharacterStyleGroup ",
              "datatype": {
                "type": "Object"
              },
              "optional": true
            }
          ],
          "datatype": {
            "type": "CharacterStyleGroup"
          }
        },
        {
          "name": "count",
          "shortdesc": "Displays the number of elements in the CharacterStyleGroup.",
          "datatype": {
            "type": "Number"
          }
        },
        {
          "name": "item",
          "shortdesc": "Returns the CharacterStyleGroup with the specified index or name.",
          "parameters": [
            {
              "name": "index",
              "shortdesc": "The index or name. Can accept: Long Integer or String.",
              "datatype": {
                "type": "Mixed"
              }
            }
          ],
          "datatype": {
            "type": "CharacterStyleGroup"
          }
        },
        {
          "name": "itemByName",
          "shortdesc": "Returns the CharacterStyleGroup with the specified name.",
          "parameters": [
            {
              "name": "name",
              "shortdesc": "The name.",
              "datatype": {
                "type": "String"
              }
            }
          ],
          "datatype": {
            "type": "CharacterStyleGroup"
          }
        },
        {
          "name": "itemByID",
          "shortdesc": "Returns the CharacterStyleGroup with the specified ID.",
          "parameters": [
            {
              "name": "id",
              "shortdesc": "The ID.",
              "datatype": {
                "type": "Number"
              }
            }
          ],
          "datatype": {
            "type": "CharacterStyleGroup"
          }
        },
        {
          "name": "itemByRange",
          "shortdesc": "Returns the CharacterStyleGroups within the specified range.",
          "parameters": [
            {
              "name": "from",
              "shortdesc": "The CharacterStyleGroup, index, or name at the beginning of the range. Can accept: CharacterStyleGroup, Long Integer or String.",
              "datatype": {
                "type": "Mixed"
              }
            },
            {
              "name": "to",
              "shortdesc": "The CharacterStyleGroup, index, or name at the end of the range. Can accept: CharacterStyleGroup, Long Integer or String.",
              "datatype": {
                "type": "Mixed"
              }
            }
          ],
          "datatype": {
            "type": "CharacterStyleGroup",
            "array": true
          }
        },
        {
          "name": "firstItem",
          "shortdesc": "Returns the first CharacterStyleGroup in the collection.",
          "datatype": {
            "type": "CharacterStyleGroup"
          }
        },
        {
          "name": "lastItem",
          "shortdesc": "Returns the last CharacterStyleGroup in the collection.",
          "datatype": {
            "type": "CharacterStyleGroup"
          }
        },
        {
          "name": "middleItem",
          "shortdesc": "Returns the middle CharacterStyleGroup in the collection.",
          "datatype": {
            "type": "CharacterStyleGroup"
          }
        },
        {
          "name": "previousItem",
          "shortdesc": "Returns the CharacterStyleGroup with the index previous to the specified index.",
          "parameters": [
            {
              "name": "obj",
              "shortdesc": "The index of the CharacterStyleGroup that follows the desired CharacterStyleGroup.",
              "datatype": {
                "type": "CharacterStyleGroup"
              }
            }
          ],
          "datatype": {
            "type": "CharacterStyleGroup"
          }
        },
        {
          "name": "nextItem",
          "shortdesc": "Returns the CharacterStyleGroup whose index follows the specified CharacterStyleGroup in the collection.",
          "parameters": [
            {
              "name": "obj",
              "shortdesc": "The CharacterStyleGroup whose index comes before the desired CharacterStyleGroup.",
              "datatype": {
                "type": "CharacterStyleGroup"
              }
            }
          ],
          "datatype": {
            "type": "CharacterStyleGroup"
          }
        },
        {
          "name": "anyItem",
          "shortdesc": "Returns any CharacterStyleGroup in the collection.",
          "datatype": {
            "type": "CharacterStyleGroup"
          }
        },
        {
          "name": "everyItem",
          "shortdesc": "Returns every CharacterStyleGroup in the collection.",
          "datatype": {
            "type": "CharacterStyleGroup",
            "array": true
          }
        },
        {
          "name": "toSource",
          "shortdesc": "Generates a string which, if executed, will return the CharacterStyleGroup.",
          "datatype": {
            "type": "String"
          }
        },
        {
          "name": "[]",
          "shortdesc": "Returns the CharacterStyleGroup with the specified index.",
          "parameters": [
            {
              "name": "index",
              "shortdesc": "The index.",
              "datatype": {
                "type": "Number"
              }
            }
          ],
          "datatype": {
            "type": "CharacterStyleGroup"
          }
        }
      ],
      "property": [
        {
          "name": "length",
          "rwaccess": "readonly",
          "shortdesc": "The number of objects in the collection.",
          "datatype": {
            "type": "Number"
          }
        }
      ]
    }
  ]
}