{
  "name": "CharacterStyle",
  "dynamic": true,
  "shortdesc": "A character style.",
  "elements": [
    {
      "type": "instance",
      "property": [
        {
          "name": "imported",
          "rwaccess": "readonly",
          "shortdesc": "If true, the style was imported from another document. Can return: Boolean or NothingEnum enumerator.",
          "datatype": {
            "type": "Mixed"
          }
        },
        {
          "name": "id",
          "rwaccess": "readonly",
          "shortdesc": "The unique ID of the CharacterStyle.",
          "datatype": {
            "type": "Number"
          }
        },
        {
          "name": "isValid",
          "rwaccess": "readonly",
          "shortdesc": "Returns true if the object specifier resolves to valid objects.",
          "datatype": {
            "type": "Boolean"
          }
        },
        {
          "name": "parent",
          "rwaccess": "readonly",
          "shortdesc": "The parent of the CharacterStyle (a Document, Application or CharacterStyleGroup).",
          "datatype": {
            "type": "Mixed"
          }
        },
        {
          "name": "index",
          "rwaccess": "readonly",
          "shortdesc": "The index of the CharacterStyle within its containing object.",
          "datatype": {
            "type": "Number"
          }
        },
        {
          "name": "styleExportTagMaps",
          "rwaccess": "readonly",
          "shortdesc": "A collection of style export tag maps.",
          "datatype": {
            "type": "StyleExportTagMaps"
          }
        },
        {
          "name": "events",
          "rwaccess": "readonly",
          "shortdesc": "A collection of events.",
          "datatype": {
            "type": "Events"
          }
        },
        {
          "name": "eventListeners",
          "rwaccess": "readonly",
          "shortdesc": "A collection of event listeners.",
          "datatype": {
            "type": "EventListeners"
          }
        },
        {
          "name": "basedOn",
          "shortdesc": "The style that this style is based on. Can return: CharacterStyle or String.",
          "datatype": {
            "type": "Mixed"
          }
        },
        {
          "name": "appliedFont",
          "shortdesc": "The font applied to the CharacterStyle, specified as either a font object or the name of font family. Can return: Font, String or NothingEnum enumerator.",
          "datatype": {
            "type": "Mixed"
          }
        },
        {
          "name": "fontStyle",
          "shortdesc": "The name of the font style. Can return: String or NothingEnum enumerator.",
          "datatype": {
            "type": "Mixed"
          }
        },
        {
          "name": "pointSize",
          "shortdesc": "The text size. Can return: Unit or NothingEnum enumerator.",
          "datatype": {
            "type": "Mixed"
          }
        },
        {
          "name": "leading",
          "shortdesc": "The leading applied to the text. Can return: Unit, Leading enumerator or NothingEnum enumerator.",
          "datatype": {
            "type": "Mixed"
          }
        },
        {
          "name": "kerningMethod",
          "shortdesc": "The type of pair kerning. Can return: String or NothingEnum enumerator.",
          "datatype": {
            "type": "Mixed"
          }
        },
        {
          "name": "tracking",
          "shortdesc": "The amount by which to loosen or tighten a block of text, specified in thousands of an em. Can return: Real or NothingEnum enumerator.",
          "datatype": {
            "type": "Mixed"
          }
        },
        {
          "name": "capitalization",
          "shortdesc": "The capitalization scheme. Can return: Capitalization enumerator or NothingEnum enumerator.",
          "datatype": {
            "type": "Mixed"
          }
        },
        {
          "name": "position",
          "shortdesc": "The text position relative to the baseline. Can return: Position enumerator or NothingEnum enumerator.",
          "datatype": {
            "type": "Mixed"
          }
        },
        {
          "name": "underline",
          "shortdesc": "If true, underlines the text. Can return: Boolean or NothingEnum enumerator.",
          "datatype": {
            "type": "Mixed"
          }
        },
        {
          "name": "strikeThru",
          "shortdesc": "If true, draws a strikethrough line through the text. Can return: Boolean or NothingEnum enumerator.",
          "datatype": {
            "type": "Mixed"
          }
        },
        {
          "name": "ligatures",
          "shortdesc": "If true, replaces specific character combinations (e.g., fl, fi) with ligature characters. Can return: Boolean or NothingEnum enumerator.",
          "datatype": {
            "type": "Mixed"
          }
        },
        {
          "name": "noBreak",
          "shortdesc": "If true, keeps the text on the same line. . Can return: Boolean or NothingEnum enumerator.",
          "datatype": {
            "type": "Mixed"
          }
        },
        {
          "name": "horizontalScale",
          "shortdesc": "The horizontal scaling applied to the CharacterStyle. Can return: Real or NothingEnum enumerator.",
          "datatype": {
            "type": "Mixed"
          }
        },
        {
          "name": "verticalScale",
          "shortdesc": "The vertical scaling applied to the CharacterStyle. Can return: Real or NothingEnum enumerator.",
          "datatype": {
            "type": "Mixed"
          }
        },
        {
          "name": "baselineShift",
          "shortdesc": "The baseline shift applied to the text. Can return: Unit or NothingEnum enumerator.",
          "datatype": {
            "type": "Mixed"
          }
        },
        {
          "name": "skew",
          "shortdesc": "The skew angle of the CharacterStyle. Can return: Real or NothingEnum enumerator.",
          "datatype": {
            "type": "Mixed"
          }
        },
        {
          "name": "fillTint",
          "shortdesc": "The tint (as a percentage) of the fill color of the CharacterStyle. (To specify a tint percentage, use a number in the range of 0 to 100; to use the inherited or overridden value, use -1.). Can return: Real or NothingEnum enumerator.",
          "datatype": {
            "type": "Mixed"
          }
        },
        {
          "name": "strokeTint",
          "shortdesc": "The tint (as a percentage) of the stroke color of the CharacterStyle. (To specify a tint percentage, use a number in the range of 0 to 100; to use the inherited or overridden value, use -1.). Can return: Real or NothingEnum enumerator.",
          "datatype": {
            "type": "Mixed"
          }
        },
        {
          "name": "strokeWeight",
          "shortdesc": "The stroke weight applied to the characters of the text. Can return: Unit or NothingEnum enumerator.",
          "datatype": {
            "type": "Mixed"
          }
        },
        {
          "name": "overprintStroke",
          "shortdesc": "If true, the stroke of the characters will overprint. Can return: Boolean or NothingEnum enumerator.",
          "datatype": {
            "type": "Mixed"
          }
        },
        {
          "name": "overprintFill",
          "shortdesc": "If true, the fill color of the characters will overprint. Can return: Boolean or NothingEnum enumerator.",
          "datatype": {
            "type": "Mixed"
          }
        },
        {
          "name": "otfFigureStyle",
          "shortdesc": "The figure style in OpenType fonts. Can return: OTFFigureStyle enumerator or NothingEnum enumerator.",
          "datatype": {
            "type": "Mixed"
          }
        },
        {
          "name": "otfOrdinal",
          "shortdesc": "If true, uses ordinals in OpenType fonts. Can return: Boolean or NothingEnum enumerator.",
          "datatype": {
            "type": "Mixed"
          }
        },
        {
          "name": "otfFraction",
          "shortdesc": "If true, uses fractions in OpenType fonts. Can return: Boolean or NothingEnum enumerator.",
          "datatype": {
            "type": "Mixed"
          }
        },
        {
          "name": "otfDiscretionaryLigature",
          "shortdesc": "If true, uses discretionary ligatures in OpenType fonts. Can return: Boolean or NothingEnum enumerator.",
          "datatype": {
            "type": "Mixed"
          }
        },
        {
          "name": "otfTitling",
          "shortdesc": "If true, uses titling forms in OpenType fonts. Can return: Boolean or NothingEnum enumerator.",
          "datatype": {
            "type": "Mixed"
          }
        },
        {
          "name": "otfContextualAlternate",
          "shortdesc": "If true, uses contextual alternate forms in OpenType fonts. Can return: Boolean or NothingEnum enumerator.",
          "datatype": {
            "type": "Mixed"
          }
        },
        {
          "name": "otfSwash",
          "shortdesc": "If true, uses swash forms in OpenType fonts. Can return: Boolean or NothingEnum enumerator.",
          "datatype": {
            "type": "Mixed"
          }
        },
        {
          "name": "underlineColor",
          "shortdesc": "The swatch (color, gradient, tint, or mixed ink) applied to the underline stroke. . Can return: Swatch, String or NothingEnum enumerator.",
          "datatype": {
            "type": "Mixed"
          }
        },
        {
          "name": "underlineGapColor",
          "shortdesc": "The swatch (color, gradient, tint, or mixed ink) applied to the gap of the underline stroke. Note: Valid when underline type is not solid. Can return: Swatch, String or NothingEnum enumerator.",
          "datatype": {
            "type": "Mixed"
          }
        },
        {
          "name": "underlineTint",
          "shortdesc": "The underline stroke tint (as a percentage). (Range: 0 to 100). Can return: Real or NothingEnum enumerator.",
          "datatype": {
            "type": "Mixed"
          }
        },
        {
          "name": "underlineGapTint",
          "shortdesc": "The tint (as a percentage) of the gap color of the underline stroke. (Range: 0 to 100) Note: Valid when underline type is not solid. Can return: Real or NothingEnum enumerator.",
          "datatype": {
            "type": "Mixed"
          }
        },
        {
          "name": "underlineOverprint",
          "shortdesc": "If true, the underline stroke color will overprint. Can return: Boolean or NothingEnum enumerator.",
          "datatype": {
            "type": "Mixed"
          }
        },
        {
          "name": "underlineGapOverprint",
          "shortdesc": "If true, the gap color of the underline stroke will overprint. Can return: Boolean or NothingEnum enumerator.",
          "datatype": {
            "type": "Mixed"
          }
        },
        {
          "name": "underlineType",
          "shortdesc": "The stroke type of the underline stroke. Can return: StrokeStyle, String or NothingEnum enumerator.",
          "datatype": {
            "type": "Mixed"
          }
        },
        {
          "name": "underlineOffset",
          "shortdesc": "The amount by which to offset the underline from the text baseline. Can return: Unit or NothingEnum enumerator.",
          "datatype": {
            "type": "Mixed"
          }
        },
        {
          "name": "underlineWeight",
          "shortdesc": "The stroke weight of the underline stroke. Can return: Unit or NothingEnum enumerator.",
          "datatype": {
            "type": "Mixed"
          }
        },
        {
          "name": "strikeThroughColor",
          "shortdesc": "The swatch (color, gradient, tint, or mixed ink) applied to the strikethrough stroke. Can return: Swatch, String or NothingEnum enumerator.",
          "datatype": {
            "type": "Mixed"
          }
        },
        {
          "name": "strikeThroughGapColor",
          "shortdesc": "The swatch (color, gradient, tint, or mixed ink) applied to the gap of the strikethrough stroke. Can return: Swatch, String or NothingEnum enumerator.",
          "datatype": {
            "type": "Mixed"
          }
        },
        {
          "name": "strikeThroughTint",
          "shortdesc": "The tint (as a percentage) of the strikethrough stroke. (Range: 0 to 100). Can return: Real or NothingEnum enumerator.",
          "datatype": {
            "type": "Mixed"
          }
        },
        {
          "name": "strikeThroughGapTint",
          "shortdesc": "The tint (as a percentage) of the strikethrough stroke gap color. (Range: 0 to 100) Note: Valid when strike through type is not solid. Can return: Real or NothingEnum enumerator.",
          "datatype": {
            "type": "Mixed"
          }
        },
        {
          "name": "strikeThroughOverprint",
          "shortdesc": "If true, the strikethrough stroke will overprint. Can return: Boolean or NothingEnum enumerator.",
          "datatype": {
            "type": "Mixed"
          }
        },
        {
          "name": "strikeThroughGapOverprint",
          "shortdesc": "If true, the gap color of the strikethrough stroke will overprint. Note: Valid when strike through type is not solid. Can return: Boolean or NothingEnum enumerator.",
          "datatype": {
            "type": "Mixed"
          }
        },
        {
          "name": "strikeThroughType",
          "shortdesc": "The stroke type of the strikethrough stroke. Can return: StrokeStyle, String or NothingEnum enumerator.",
          "datatype": {
            "type": "Mixed"
          }
        },
        {
          "name": "strikeThroughOffset",
          "shortdesc": "The amount by which to offset the strikethrough stroke from the text baseline. Can return: Unit or NothingEnum enumerator.",
          "datatype": {
            "type": "Mixed"
          }
        },
        {
          "name": "strikeThroughWeight",
          "shortdesc": "The stroke weight of the strikethrough stroke. Can return: Unit or NothingEnum enumerator.",
          "datatype": {
            "type": "Mixed"
          }
        },
        {
          "name": "fillColor",
          "shortdesc": "The swatch (color, gradient, tint, or mixed ink) applied to the fill of the CharacterStyle. . Can return: Swatch or NothingEnum enumerator. Can also accept: String.",
          "datatype": {
            "type": "Mixed"
          }
        },
        {
          "name": "strokeColor",
          "shortdesc": "The swatch (color, gradient, tint, or mixed ink) applied to the stroke of the CharacterStyle. Can return: Swatch or NothingEnum enumerator. Can also accept: String.",
          "datatype": {
            "type": "Mixed"
          }
        },
        {
          "name": "appliedLanguage",
          "shortdesc": "The language of the text. Can return: LanguageWithVendors, Language or NothingEnum enumerator. Can also accept: String.",
          "datatype": {
            "type": "Mixed"
          }
        },
        {
          "name": "otfSlashedZero",
          "shortdesc": "If true, use a slashed zeroes in OpenType fonts. Can return: Boolean or NothingEnum enumerator.",
          "datatype": {
            "type": "Mixed"
          }
        },
        {
          "name": "otfHistorical",
          "shortdesc": "If true, use historical forms in OpenType fonts. Can return: Boolean or NothingEnum enumerator.",
          "datatype": {
            "type": "Mixed"
          }
        },
        {
          "name": "otfStylisticSets",
          "shortdesc": "The stylistic sets to use in OpenType fonts. Can return: Long Integer or NothingEnum enumerator.",
          "datatype": {
            "type": "Mixed"
          }
        },
        {
          "name": "gradientFillLength",
          "shortdesc": "The length (for a linear gradient) or radius (for a radial gradient) applied to the fill of the text. Can return: Real or NothingEnum enumerator.",
          "datatype": {
            "type": "Mixed"
          }
        },
        {
          "name": "gradientFillAngle",
          "shortdesc": "The angle of a linear gradient applied to the fill of the text. (Range: -180 to 180). Can return: Real or NothingEnum enumerator.",
          "datatype": {
            "type": "Mixed"
          }
        },
        {
          "name": "gradientStrokeLength",
          "shortdesc": "The length (for a linear gradient) or radius (for a radial gradient) applied to the stroke of the text. Can return: Real or NothingEnum enumerator.",
          "datatype": {
            "type": "Mixed"
          }
        },
        {
          "name": "gradientStrokeAngle",
          "shortdesc": "The angle of a linear gradient applied to the stroke of the text. (Range: -180 to 180). Can return: Real or NothingEnum enumerator.",
          "datatype": {
            "type": "Mixed"
          }
        },
        {
          "name": "gradientFillStart",
          "shortdesc": "The starting point (in page coordinates) of a gradient applied to the fill of the text, in the format [x, y]. Can return: Array of 2 Units or NothingEnum enumerator.",
          "datatype": {
            "type": "Mixed"
          }
        },
        {
          "name": "gradientStrokeStart",
          "shortdesc": "The starting point (in page coordinates) of a gradient applied to the stroke of the text, in the format [x, y]. Can return: Array of 2 Units or NothingEnum enumerator.",
          "datatype": {
            "type": "Mixed"
          }
        },
        {
          "name": "otfMark",
          "shortdesc": "If true, uses mark positioning in OpenType fonts. Can return: Boolean or NothingEnum enumerator.",
          "datatype": {
            "type": "Mixed"
          }
        },
        {
          "name": "otfLocale",
          "shortdesc": "If true, uses localized forms in OpenType fonts. Can return: Boolean or NothingEnum enumerator.",
          "datatype": {
            "type": "Mixed"
          }
        },
        {
          "name": "positionalForm",
          "shortdesc": "The OpenType positional form. Can return: PositionalForms enumerator or NothingEnum enumerator.",
          "datatype": {
            "type": "Mixed"
          }
        },
        {
          "name": "name",
          "shortdesc": "The name of the style.",
          "datatype": {
            "type": "String"
          }
        },
        {
          "name": "previewColor",
          "shortdesc": "The color to use for preview, specified either as an array of three doubles, each in the range 0 to 255 and representing R, G, and B values, or as a UI color. Can return: Array of 3 Reals (0 - 255) or UIColors enumerator or NothingEnum enumerator.",
          "datatype": {
            "type": "Mixed"
          }
        },
        {
          "name": "miterLimit",
          "shortdesc": "The limit of the ratio of stroke width to miter length before a miter (pointed) join becomes a bevel (squared-off) join. Can return: Real (0 - 1000) or NothingEnum enumerator.",
          "datatype": {
            "type": "Mixed",
            "value": 4
          }
        },
        {
          "name": "strokeAlignment",
          "shortdesc": "The stroke alignment applied to the text. Can return: TextStrokeAlign enumerator or NothingEnum enumerator.",
          "datatype": {
            "type": "Mixed"
          }
        },
        {
          "name": "endJoin",
          "shortdesc": "The stroke join type applied to the characters of the text. Can return: OutlineJoin enumerator or NothingEnum enumerator.",
          "datatype": {
            "type": "Mixed"
          }
        },
        {
          "name": "otfOverlapSwash",
          "shortdesc": "If true, use overlapping swash forms in OpenType fonts. Can return: Boolean or NothingEnum enumerator.",
          "datatype": {
            "type": "Mixed"
          }
        },
        {
          "name": "otfStylisticAlternate",
          "shortdesc": "If true, use stylistic alternate forms in OpenType fonts. Can return: Boolean or NothingEnum enumerator.",
          "datatype": {
            "type": "Mixed"
          }
        },
        {
          "name": "otfJustificationAlternate",
          "shortdesc": "If true, use alternate justification forms in OpenType fonts. Can return: Boolean or NothingEnum enumerator.",
          "datatype": {
            "type": "Mixed"
          }
        },
        {
          "name": "otfStretchedAlternate",
          "shortdesc": "If true, use stretched alternate forms in OpenType fonts. Can return: Boolean or NothingEnum enumerator.",
          "datatype": {
            "type": "Mixed"
          }
        },
        {
          "name": "characterDirection",
          "shortdesc": "The direction of the character. Can return: CharacterDirectionOptions enumerator or NothingEnum enumerator.",
          "datatype": {
            "type": "Mixed"
          }
        },
        {
          "name": "keyboardDirection",
          "shortdesc": "The keyboard direction of the character. Can return: CharacterDirectionOptions enumerator or NothingEnum enumerator.",
          "datatype": {
            "type": "Mixed"
          }
        },
        {
          "name": "digitsType",
          "shortdesc": "The digits type. Can return: DigitsTypeOptions enumerator or NothingEnum enumerator.",
          "datatype": {
            "type": "Mixed"
          }
        },
        {
          "name": "kashidas",
          "shortdesc": "Use of Kashidas for justification. Can return: KashidasOptions enumerator or NothingEnum enumerator.",
          "datatype": {
            "type": "Mixed"
          }
        },
        {
          "name": "diacriticPosition",
          "shortdesc": "Position of diacriticical characters. Can return: DiacriticPositionOptions enumerator or NothingEnum enumerator.",
          "datatype": {
            "type": "Mixed"
          }
        },
        {
          "name": "xOffsetDiacritic",
          "shortdesc": "The x (horizontal) offset for diacritic adjustment. Can return: Real or NothingEnum enumerator.",
          "datatype": {
            "type": "Mixed"
          }
        },
        {
          "name": "yOffsetDiacritic",
          "shortdesc": "The y (vertical) offset for diacritic adjustment. Can return: Real or NothingEnum enumerator.",
          "datatype": {
            "type": "Mixed"
          }
        },
        {
          "name": "characterAlignment",
          "shortdesc": "The alignment of small characters to the largest character in the line. Can return: CharacterAlignment enumerator or NothingEnum enumerator.",
          "datatype": {
            "type": "Mixed"
          }
        },
        {
          "name": "tsume",
          "shortdesc": "The amount of horizontal character compression. Can return: Real or NothingEnum enumerator.",
          "datatype": {
            "type": "Mixed"
          }
        },
        {
          "name": "leadingAki",
          "shortdesc": "The amount of space before each character. Can return: Real or NothingEnum enumerator.",
          "datatype": {
            "type": "Mixed"
          }
        },
        {
          "name": "trailingAki",
          "shortdesc": "The amount of space after each character. Can return: Real or NothingEnum enumerator.",
          "datatype": {
            "type": "Mixed"
          }
        },
        {
          "name": "characterRotation",
          "shortdesc": "The rotation angle (in degrees) of individual characters. Note: The rotation is counterclockwise. Can return: Real or NothingEnum enumerator.",
          "datatype": {
            "type": "Mixed"
          }
        },
        {
          "name": "jidori",
          "shortdesc": "The number of grid squares in which to arrange the text. . Can return: Short Integer or NothingEnum enumerator.",
          "datatype": {
            "type": "Mixed"
          }
        },
        {
          "name": "shataiMagnification",
          "shortdesc": "The amount (as a percentage) of shatai obliquing to apply. Can return: Real or NothingEnum enumerator.",
          "datatype": {
            "type": "Mixed"
          }
        },
        {
          "name": "shataiDegreeAngle",
          "shortdesc": "The shatai lens angle (in degrees). Can return: Real or NothingEnum enumerator.",
          "datatype": {
            "type": "Mixed"
          }
        },
        {
          "name": "shataiAdjustRotation",
          "shortdesc": "If true, applies shatai rotation. Can return: Boolean or NothingEnum enumerator.",
          "datatype": {
            "type": "Mixed"
          }
        },
        {
          "name": "shataiAdjustTsume",
          "shortdesc": "If true, adjusts shatai tsume. Can return: Boolean or NothingEnum enumerator.",
          "datatype": {
            "type": "Mixed"
          }
        },
        {
          "name": "tatechuyoko",
          "shortdesc": "If true, makes the character horizontal in vertical text. Can return: Boolean or NothingEnum enumerator.",
          "datatype": {
            "type": "Mixed"
          }
        },
        {
          "name": "tatechuyokoXOffset",
          "shortdesc": "The horizontal offset for horizontal characters in vertical text. Can return: Real or NothingEnum enumerator.",
          "datatype": {
            "type": "Mixed"
          }
        },
        {
          "name": "tatechuyokoYOffset",
          "shortdesc": "The vertical offset for horizontal characters in vertical text. Can return: Real or NothingEnum enumerator.",
          "datatype": {
            "type": "Mixed"
          }
        },
        {
          "name": "kentenFillColor",
          "shortdesc": "The swatch (color, gradient, tint, or mixed ink) applied to the fill of kenten characters. Can return: Swatch, String or NothingEnum enumerator.",
          "datatype": {
            "type": "Mixed"
          }
        },
        {
          "name": "kentenStrokeColor",
          "shortdesc": "The swatch (color, gradient, tint, or mixed ink) applied to the stroke of kenten characters. Can return: Swatch, String or NothingEnum enumerator.",
          "datatype": {
            "type": "Mixed"
          }
        },
        {
          "name": "kentenTint",
          "shortdesc": "The fill tint (as a percentage) of kenten characters. (Range: 0 to 100). Can return: Real or NothingEnum enumerator.",
          "datatype": {
            "type": "Mixed"
          }
        },
        {
          "name": "kentenStrokeTint",
          "shortdesc": "The stroke tint (as a percentage) of kenten characters. (Range: 0 to 100). Can return: Real or NothingEnum enumerator.",
          "datatype": {
            "type": "Mixed"
          }
        },
        {
          "name": "kentenWeight",
          "shortdesc": "The stroke weight (in points) of kenten characters. Can return: Real or NothingEnum enumerator.",
          "datatype": {
            "type": "Mixed"
          }
        },
        {
          "name": "kentenOverprintFill",
          "shortdesc": "The method of overprinting the kenten fill. Can return: AdornmentOverprint enumerator or NothingEnum enumerator.",
          "datatype": {
            "type": "Mixed"
          }
        },
        {
          "name": "kentenOverprintStroke",
          "shortdesc": "The method of overprinting the kenten stroke. Can return: AdornmentOverprint enumerator or NothingEnum enumerator.",
          "datatype": {
            "type": "Mixed"
          }
        },
        {
          "name": "kentenKind",
          "shortdesc": "The style of kenten characters. Can return: KentenCharacter enumerator or NothingEnum enumerator.",
          "datatype": {
            "type": "Mixed"
          }
        },
        {
          "name": "kentenPlacement",
          "shortdesc": "The distance between kenten characters and their parent characters. Can return: Real or NothingEnum enumerator.",
          "datatype": {
            "type": "Mixed"
          }
        },
        {
          "name": "kentenAlignment",
          "shortdesc": "The alignment of kenten characters relative to the parent characters. . Can return: KentenAlignment enumerator or NothingEnum enumerator.",
          "datatype": {
            "type": "Mixed"
          }
        },
        {
          "name": "kentenPosition",
          "shortdesc": "The kenten position relative to the parent character. Can return: RubyKentenPosition enumerator or NothingEnum enumerator.",
          "datatype": {
            "type": "Mixed"
          }
        },
        {
          "name": "kentenFont",
          "shortdesc": "The font to use for kenten characters. Can return: Font, String or NothingEnum enumerator.",
          "datatype": {
            "type": "Mixed"
          }
        },
        {
          "name": "kentenFontStyle",
          "shortdesc": "The font style of kenten characters. Can return: String or NothingEnum enumerator.",
          "datatype": {
            "type": "Mixed"
          }
        },
        {
          "name": "kentenFontSize",
          "shortdesc": "The size (in points) of kenten characters. Can return: Real or NothingEnum enumerator.",
          "datatype": {
            "type": "Mixed"
          }
        },
        {
          "name": "kentenXScale",
          "shortdesc": "The horizontal size of kenten characters as a percent of the original size. Can return: Real or NothingEnum enumerator.",
          "datatype": {
            "type": "Mixed"
          }
        },
        {
          "name": "kentenYScale",
          "shortdesc": "The vertical size of kenten charachers as a percent of the original size. . Can return: Real or NothingEnum enumerator.",
          "datatype": {
            "type": "Mixed"
          }
        },
        {
          "name": "kentenCustomCharacter",
          "shortdesc": "The character used for kenten. Note: Valid only when kenten kind is custom. Can return: String or NothingEnum enumerator.",
          "datatype": {
            "type": "Mixed"
          }
        },
        {
          "name": "kentenCharacterSet",
          "shortdesc": "The character set used for the custom kenten character. Note: Valid only when kenten kind is custom. . Can return: KentenCharacterSet enumerator or NothingEnum enumerator.",
          "datatype": {
            "type": "Mixed"
          }
        },
        {
          "name": "rubyFill",
          "shortdesc": "The swatch (color, gradient, tint, or mixed ink) applied to the fill of ruby characters. Can return: Swatch, String or NothingEnum enumerator.",
          "datatype": {
            "type": "Mixed"
          }
        },
        {
          "name": "rubyStroke",
          "shortdesc": "The swatch (color, gradient, tint, or mixed ink) applied to the stroke of ruby characters. Can return: Swatch, String or NothingEnum enumerator.",
          "datatype": {
            "type": "Mixed"
          }
        },
        {
          "name": "rubyTint",
          "shortdesc": "The tint (as a percentage) of the ruby fill color. (Range: 0 to 100). Can return: Real or NothingEnum enumerator.",
          "datatype": {
            "type": "Mixed"
          }
        },
        {
          "name": "rubyWeight",
          "shortdesc": "The stroke weight (in points) of ruby characters. Can return: Real or NothingEnum enumerator.",
          "datatype": {
            "type": "Mixed"
          }
        },
        {
          "name": "rubyOverprintFill",
          "shortdesc": "The method of overprinting the ruby fill. Can return: AdornmentOverprint enumerator or NothingEnum enumerator.",
          "datatype": {
            "type": "Mixed"
          }
        },
        {
          "name": "rubyOverprintStroke",
          "shortdesc": "The method of overprinting the ruby stroke. Can return: AdornmentOverprint enumerator or NothingEnum enumerator.",
          "datatype": {
            "type": "Mixed"
          }
        },
        {
          "name": "rubyStrokeTint",
          "shortdesc": "The stroke tint (as a percentage) of ruby characters. Can return: Real or NothingEnum enumerator.",
          "datatype": {
            "type": "Mixed"
          }
        },
        {
          "name": "rubyFont",
          "shortdesc": "The font applied to ruby characters. Can return: Font, String or NothingEnum enumerator.",
          "datatype": {
            "type": "Mixed"
          }
        },
        {
          "name": "rubyFontStyle",
          "shortdesc": "The font style of ruby characters. Can return: String or NothingEnum enumerator.",
          "datatype": {
            "type": "Mixed"
          }
        },
        {
          "name": "rubyFontSize",
          "shortdesc": "The size (in points) of ruby characters. Can return: Real or NothingEnum enumerator.",
          "datatype": {
            "type": "Mixed"
          }
        },
        {
          "name": "rubyOpenTypePro",
          "shortdesc": "If true, uses OpenType Pro fonts for ruby. Can return: Boolean or NothingEnum enumerator.",
          "datatype": {
            "type": "Mixed"
          }
        },
        {
          "name": "rubyXScale",
          "shortdesc": "The horizontal size of ruby characters, specified as a percent of the original size. Can return: Real or NothingEnum enumerator.",
          "datatype": {
            "type": "Mixed"
          }
        },
        {
          "name": "rubyYScale",
          "shortdesc": "The vertical size of ruby characters, specified as a percent of the original size. Can return: Real or NothingEnum enumerator.",
          "datatype": {
            "type": "Mixed"
          }
        },
        {
          "name": "rubyType",
          "shortdesc": "The ruby type. Can return: RubyTypes enumerator or NothingEnum enumerator.",
          "datatype": {
            "type": "Mixed"
          }
        },
        {
          "name": "rubyAlignment",
          "shortdesc": "The ruby alignment. Can return: RubyAlignments enumerator or NothingEnum enumerator.",
          "datatype": {
            "type": "Mixed"
          }
        },
        {
          "name": "rubyPosition",
          "shortdesc": "The position of ruby characters relative to the parent text. Can return: RubyKentenPosition enumerator or NothingEnum enumerator.",
          "datatype": {
            "type": "Mixed"
          }
        },
        {
          "name": "rubyXOffset",
          "shortdesc": "The amount of horizontal space between ruby and parent characters. Can return: Real or NothingEnum enumerator.",
          "datatype": {
            "type": "Mixed"
          }
        },
        {
          "name": "rubyYOffset",
          "shortdesc": "The amount of vertical space between ruby and parent characters. Can return: Real or NothingEnum enumerator.",
          "datatype": {
            "type": "Mixed"
          }
        },
        {
          "name": "rubyParentSpacing",
          "shortdesc": "The ruby spacing relative to the parent text. . Can return: RubyParentSpacing enumerator or NothingEnum enumerator.",
          "datatype": {
            "type": "Mixed"
          }
        },
        {
          "name": "rubyAutoAlign",
          "shortdesc": "If true, auto aligns ruby. Can return: Boolean or NothingEnum enumerator.",
          "datatype": {
            "type": "Mixed"
          }
        },
        {
          "name": "rubyOverhang",
          "shortdesc": "If true, constrains ruby overhang to the specified amount. For information on specifying an amount, see ruby parent overhang amount. . Can return: Boolean or NothingEnum enumerator.",
          "datatype": {
            "type": "Mixed"
          }
        },
        {
          "name": "rubyAutoScaling",
          "shortdesc": "If true, automatically scales ruby to the specified percent of parent text size. For information on specifying a percent, see ruby parent scaling percent. . Can return: Boolean or NothingEnum enumerator.",
          "datatype": {
            "type": "Mixed"
          }
        },
        {
          "name": "rubyParentScalingPercent",
          "shortdesc": "The amount (as a percentage) to scale the parent text size to determine the ruby text size. Can return: Real or NothingEnum enumerator.",
          "datatype": {
            "type": "Mixed"
          }
        },
        {
          "name": "rubyParentOverhangAmount",
          "shortdesc": "The amount by which ruby characters can overhang the parent text. Can return: RubyOverhang enumerator or NothingEnum enumerator.",
          "datatype": {
            "type": "Mixed"
          }
        },
        {
          "name": "warichu",
          "shortdesc": "If true, turns on warichu. Can return: Boolean or NothingEnum enumerator.",
          "datatype": {
            "type": "Mixed"
          }
        },
        {
          "name": "warichuSize",
          "shortdesc": "The amount (as a percentage) to scale parent text size to determine warichu size. Can return: Real or NothingEnum enumerator.",
          "datatype": {
            "type": "Mixed"
          }
        },
        {
          "name": "warichuLines",
          "shortdesc": "The number of lines of warichu within a single normal line. Can return: Short Integer or NothingEnum enumerator.",
          "datatype": {
            "type": "Mixed"
          }
        },
        {
          "name": "warichuLineSpacing",
          "shortdesc": "The gap between lines of warichu characters. Can return: Real or NothingEnum enumerator.",
          "datatype": {
            "type": "Mixed"
          }
        },
        {
          "name": "warichuAlignment",
          "shortdesc": "The warichu alignment. Can return: WarichuAlignment enumerator or NothingEnum enumerator.",
          "datatype": {
            "type": "Mixed"
          }
        },
        {
          "name": "warichuCharsAfterBreak",
          "shortdesc": "The minimum number of characters allowed after a line break. . Can return: Short Integer or NothingEnum enumerator.",
          "datatype": {
            "type": "Mixed"
          }
        },
        {
          "name": "warichuCharsBeforeBreak",
          "shortdesc": "The minimum number of characters allowed before a line break. Can return: Short Integer or NothingEnum enumerator.",
          "datatype": {
            "type": "Mixed"
          }
        },
        {
          "name": "otfProportionalMetrics",
          "shortdesc": "If true, kerns according to proportional CJK metrics in OpenType fonts. Can return: Boolean or NothingEnum enumerator.",
          "datatype": {
            "type": "Mixed"
          }
        },
        {
          "name": "otfHVKana",
          "shortdesc": "If true, switches hiragana fonts, which have different glyphs for horizontal and vertical. . Can return: Boolean or NothingEnum enumerator.",
          "datatype": {
            "type": "Mixed"
          }
        },
        {
          "name": "otfRomanItalics",
          "shortdesc": "If true, applies italics to half-width alphanumerics. . Can return: Boolean or NothingEnum enumerator.",
          "datatype": {
            "type": "Mixed"
          }
        },
        {
          "name": "scaleAffectsLineHeight",
          "shortdesc": "If true, the line changes size when characters are scaled. . Can return: Boolean or NothingEnum enumerator.",
          "datatype": {
            "type": "Mixed"
          }
        },
        {
          "name": "cjkGridTracking",
          "shortdesc": "If true, uses grid tracking to track non-Roman characters in CJK grids. Can return: Boolean or NothingEnum enumerator.",
          "datatype": {
            "type": "Mixed"
          }
        },
        {
          "name": "glyphForm",
          "shortdesc": "The glyph variant to substitute for standard glyphs. Can return: AlternateGlyphForms enumerator or NothingEnum enumerator.",
          "datatype": {
            "type": "Mixed"
          }
        },
        {
          "name": "rubyAutoTcyDigits",
          "shortdesc": "The number of digits included in auto tcy (tate-chuu-yoko) in ruby. Can return: Short Integer or NothingEnum enumerator.",
          "datatype": {
            "type": "Mixed"
          }
        },
        {
          "name": "rubyAutoTcyIncludeRoman",
          "shortdesc": "If true, includes Roman characters in auto tcy (tate-chuu-yoko) in ruby. Can return: Boolean or NothingEnum enumerator.",
          "datatype": {
            "type": "Mixed"
          }
        },
        {
          "name": "rubyAutoTcyAutoScale",
          "shortdesc": "If true, automatically scales glyphs in auto tcy (tate-chuu-yoko) in ruby to fit one em. Can return: Boolean or NothingEnum enumerator.",
          "datatype": {
            "type": "Mixed"
          }
        },
        {
          "name": "label",
          "shortdesc": "A property that can be set to any string.",
          "datatype": {
            "type": "String"
          }
        },
        {
          "name": "properties",
          "shortdesc": "A property that allows setting of several properties at the same time.",
          "datatype": {
            "type": "Object"
          }
        }
      ],
      "method": [
        {
          "name": "remove",
          "shortdesc": "Deletes the style.",
          "parameters": [
            {
              "name": "replacingWith",
              "shortdesc": "The style to apply in place of the deleted style. ",
              "datatype": {
                "type": "CharacterStyle"
              },
              "optional": true
            }
          ]
        },
        {
          "name": "duplicate",
          "shortdesc": "Duplicates the CharacterStyle.",
          "datatype": {
            "type": "CharacterStyle"
          }
        },
        {
          "name": "move",
          "shortdesc": "Moves the style to the specified location.",
          "parameters": [
            {
              "name": "to",
              "shortdesc": "The location relative to the reference object or within the containing object.",
              "datatype": {
                "type": "LocationOptions"
              }
            },
            {
              "name": "reference",
              "shortdesc": "The reference object. Note: Required when the to parameter specifies before or after. Can accept: ParagraphStyle, ParagraphStyleGroup, CharacterStyle, CharacterStyleGroup, CellStyle, CellStyleGroup, TableStyle, TableStyleGroup, Document or Application. ",
              "datatype": {
                "type": "Mixed"
              },
              "optional": true
            }
          ],
          "datatype": {
            "type": "CharacterStyle"
          }
        },
        {
          "name": "insertLabel",
          "shortdesc": "Sets the label to the value associated with the specified key.",
          "parameters": [
            {
              "name": "key",
              "shortdesc": "The key.",
              "datatype": {
                "type": "String"
              }
            },
            {
              "name": "value",
              "shortdesc": "The value.",
              "datatype": {
                "type": "String"
              }
            }
          ]
        },
        {
          "name": "extractLabel",
          "shortdesc": "Gets the label value associated with the specified key.",
          "parameters": [
            {
              "name": "key",
              "shortdesc": "The key.",
              "datatype": {
                "type": "String"
              }
            }
          ],
          "datatype": {
            "type": "String"
          }
        },
        {
          "name": "toSource",
          "shortdesc": "Generates a string which, if executed, will return the CharacterStyle.",
          "datatype": {
            "type": "String"
          }
        },
        {
          "name": "getElements",
          "shortdesc": "Resolves the object specifier, creating an array of object references.",
          "datatype": {
            "type": "CharacterStyle",
            "array": true
          }
        },
        {
          "name": "toSpecifier",
          "shortdesc": "Retrieves the object specifier.",
          "datatype": {
            "type": "String"
          }
        },
        {
          "name": "addEventListener",
          "shortdesc": "Adds an event listener.",
          "parameters": [
            {
              "name": "eventType",
              "shortdesc": "The event type.",
              "datatype": {
                "type": "String"
              }
            },
            {
              "name": "handler",
              "shortdesc": "The event handler. Can accept: File or JavaScript Function.",
              "datatype": {
                "type": "Mixed"
              }
            },
            {
              "name": "captures",
              "optional": true,
              "shortdesc": "This parameter is obsolete. ",
              "datatype": {
                "type": "Boolean",
                "value": false
              }
            }
          ],
          "datatype": {
            "type": "EventListener"
          }
        },
        {
          "name": "removeEventListener",
          "shortdesc": "Removes the event listener.",
          "parameters": [
            {
              "name": "eventType",
              "shortdesc": "The registered event type.",
              "datatype": {
                "type": "String"
              }
            },
            {
              "name": "handler",
              "shortdesc": "The registered event handler. Can accept: File or JavaScript Function.",
              "datatype": {
                "type": "Mixed"
              }
            },
            {
              "name": "captures",
              "optional": true,
              "shortdesc": "This parameter is obsolete. ",
              "datatype": {
                "type": "Boolean",
                "value": false
              }
            }
          ],
          "datatype": {
            "type": "Boolean"
          }
        }
      ]
    }
  ]
}