{
  "name": "CharacterAlignment",
  "enumeration": true,
  "shortdesc": "Options for aligning small characters to the largest character in the line.",
  "elements": [
    {
      "type": "class",
      "property": [
        {
          "name": "ALIGN_BASELINE",
          "rwaccess": "readonly",
          "shortdesc": "Aligns small characters in a line to the large character.",
          "datatype": {
            "type": "Number",
            "value": 1247896172
          }
        },
        {
          "name": "ALIGN_EM_TOP",
          "rwaccess": "readonly",
          "shortdesc": "Aligns small characters in horizontal text to the top of the em box of large characters. In vertical text, aligns characters to the right of the em box.",
          "datatype": {
            "type": "Number",
            "value": 1247900784
          }
        },
        {
          "name": "ALIGN_EM_CENTER",
          "rwaccess": "readonly",
          "shortdesc": "Aligns small characters to the center of the em box of large characters.",
          "datatype": {
            "type": "Number",
            "value": 1247896436
          }
        },
        {
          "name": "ALIGN_EM_BOTTOM",
          "rwaccess": "readonly",
          "shortdesc": "Aligns small characters in horizontal text to the bottom of the em box of large characters. In vertical text, aligns characters to the left of the em box.",
          "datatype": {
            "type": "Number",
            "value": 1247896173
          }
        },
        {
          "name": "ALIGN_ICF_TOP",
          "rwaccess": "readonly",
          "shortdesc": "Aligns small characters in horizontal text to the top of the ICF of large characters. In vertical text, aligns characters to the right of the ICF.",
          "datatype": {
            "type": "Number",
            "value": 1248425072
          }
        },
        {
          "name": "ALIGN_ICF_BOTTOM",
          "rwaccess": "readonly",
          "shortdesc": "Aligns small characters in horizontal text to the bottom of the ICF of large characters. In vertical text, aligns characters to the left of the ICF.",
          "datatype": {
            "type": "Number",
            "value": 1248420461
          }
        }
      ]
    }
  ]
}