{
  "name": "Characters",
  "dynamic": true,
  "shortdesc": "A collection of characters.",
  "elements": [
    {
      "type": "instance",
      "method": [
        {
          "name": "count",
          "shortdesc": "Displays the number of elements in the Character.",
          "datatype": {
            "type": "Number"
          }
        },
        {
          "name": "item",
          "shortdesc": "Returns the Character with the specified index or name.",
          "parameters": [
            {
              "name": "index",
              "shortdesc": "The index or name. Can accept: Long Integer or String.",
              "datatype": {
                "type": "Mixed"
              }
            }
          ],
          "datatype": {
            "type": "Character"
          }
        },
        {
          "name": "itemByRange",
          "shortdesc": "Returns the Characters within the specified range.",
          "parameters": [
            {
              "name": "from",
              "shortdesc": "The Character, index, or name at the beginning of the range. Can accept: Character, Long Integer or String.",
              "datatype": {
                "type": "Mixed"
              }
            },
            {
              "name": "to",
              "shortdesc": "The Character, index, or name at the end of the range. Can accept: Character, Long Integer or String.",
              "datatype": {
                "type": "Mixed"
              }
            }
          ],
          "datatype": {
            "type": "Character",
            "array": true
          }
        },
        {
          "name": "firstItem",
          "shortdesc": "Returns the first Character in the collection.",
          "datatype": {
            "type": "Character"
          }
        },
        {
          "name": "lastItem",
          "shortdesc": "Returns the last Character in the collection.",
          "datatype": {
            "type": "Character"
          }
        },
        {
          "name": "middleItem",
          "shortdesc": "Returns the middle Character in the collection.",
          "datatype": {
            "type": "Character"
          }
        },
        {
          "name": "previousItem",
          "shortdesc": "Returns the Character with the index previous to the specified index.",
          "parameters": [
            {
              "name": "obj",
              "shortdesc": "The index of the Character that follows the desired Character.",
              "datatype": {
                "type": "Character"
              }
            }
          ],
          "datatype": {
            "type": "Character"
          }
        },
        {
          "name": "nextItem",
          "shortdesc": "Returns the Character whose index follows the specified Character in the collection.",
          "parameters": [
            {
              "name": "obj",
              "shortdesc": "The Character whose index comes before the desired Character.",
              "datatype": {
                "type": "Character"
              }
            }
          ],
          "datatype": {
            "type": "Character"
          }
        },
        {
          "name": "anyItem",
          "shortdesc": "Returns any Character in the collection.",
          "datatype": {
            "type": "Character"
          }
        },
        {
          "name": "everyItem",
          "shortdesc": "Returns every Character in the collection.",
          "datatype": {
            "type": "Character",
            "array": true
          }
        },
        {
          "name": "toSource",
          "shortdesc": "Generates a string which, if executed, will return the Character.",
          "datatype": {
            "type": "String"
          }
        },
        {
          "name": "[]",
          "shortdesc": "Returns the Character with the specified index.",
          "parameters": [
            {
              "name": "index",
              "shortdesc": "The index.",
              "datatype": {
                "type": "Number"
              }
            }
          ],
          "datatype": {
            "type": "Character"
          }
        }
      ],
      "property": [
        {
          "name": "length",
          "rwaccess": "readonly",
          "shortdesc": "The number of objects in the collection.",
          "datatype": {
            "type": "Number"
          }
        }
      ]
    }
  ]
}