{
  "name": "CheckboxControls",
  "dynamic": true,
  "shortdesc": "A collection of checkbox controls.",
  "elements": [
    {
      "type": "instance",
      "method": [
        {
          "name": "add",
          "shortdesc": "Creates a new CheckboxControl.",
          "parameters": [
            {
              "name": "withProperties",
              "shortdesc": "Initial values for properties of the new CheckboxControl ",
              "datatype": {
                "type": "Object"
              },
              "optional": true
            }
          ],
          "datatype": {
            "type": "CheckboxControl"
          }
        },
        {
          "name": "count",
          "shortdesc": "Displays the number of elements in the CheckboxControl.",
          "datatype": {
            "type": "Number"
          }
        },
        {
          "name": "item",
          "shortdesc": "Returns the CheckboxControl with the specified index or name.",
          "parameters": [
            {
              "name": "index",
              "shortdesc": "The index or name. Can accept: Long Integer or String.",
              "datatype": {
                "type": "Mixed"
              }
            }
          ],
          "datatype": {
            "type": "CheckboxControl"
          }
        },
        {
          "name": "itemByID",
          "shortdesc": "Returns the CheckboxControl with the specified ID.",
          "parameters": [
            {
              "name": "id",
              "shortdesc": "The ID.",
              "datatype": {
                "type": "Number"
              }
            }
          ],
          "datatype": {
            "type": "CheckboxControl"
          }
        },
        {
          "name": "itemByRange",
          "shortdesc": "Returns the CheckboxControls within the specified range.",
          "parameters": [
            {
              "name": "from",
              "shortdesc": "The CheckboxControl, index, or name at the beginning of the range. Can accept: CheckboxControl, Long Integer or String.",
              "datatype": {
                "type": "Mixed"
              }
            },
            {
              "name": "to",
              "shortdesc": "The CheckboxControl, index, or name at the end of the range. Can accept: CheckboxControl, Long Integer or String.",
              "datatype": {
                "type": "Mixed"
              }
            }
          ],
          "datatype": {
            "type": "CheckboxControl",
            "array": true
          }
        },
        {
          "name": "firstItem",
          "shortdesc": "Returns the first CheckboxControl in the collection.",
          "datatype": {
            "type": "CheckboxControl"
          }
        },
        {
          "name": "lastItem",
          "shortdesc": "Returns the last CheckboxControl in the collection.",
          "datatype": {
            "type": "CheckboxControl"
          }
        },
        {
          "name": "middleItem",
          "shortdesc": "Returns the middle CheckboxControl in the collection.",
          "datatype": {
            "type": "CheckboxControl"
          }
        },
        {
          "name": "previousItem",
          "shortdesc": "Returns the CheckboxControl with the index previous to the specified index.",
          "parameters": [
            {
              "name": "obj",
              "shortdesc": "The index of the CheckboxControl that follows the desired CheckboxControl.",
              "datatype": {
                "type": "CheckboxControl"
              }
            }
          ],
          "datatype": {
            "type": "CheckboxControl"
          }
        },
        {
          "name": "nextItem",
          "shortdesc": "Returns the CheckboxControl whose index follows the specified CheckboxControl in the collection.",
          "parameters": [
            {
              "name": "obj",
              "shortdesc": "The CheckboxControl whose index comes before the desired CheckboxControl.",
              "datatype": {
                "type": "CheckboxControl"
              }
            }
          ],
          "datatype": {
            "type": "CheckboxControl"
          }
        },
        {
          "name": "anyItem",
          "shortdesc": "Returns any CheckboxControl in the collection.",
          "datatype": {
            "type": "CheckboxControl"
          }
        },
        {
          "name": "everyItem",
          "shortdesc": "Returns every CheckboxControl in the collection.",
          "datatype": {
            "type": "CheckboxControl",
            "array": true
          }
        },
        {
          "name": "toSource",
          "shortdesc": "Generates a string which, if executed, will return the CheckboxControl.",
          "datatype": {
            "type": "String"
          }
        },
        {
          "name": "[]",
          "shortdesc": "Returns the CheckboxControl with the specified index.",
          "parameters": [
            {
              "name": "index",
              "shortdesc": "The index.",
              "datatype": {
                "type": "Number"
              }
            }
          ],
          "datatype": {
            "type": "CheckboxControl"
          }
        }
      ],
      "property": [
        {
          "name": "length",
          "rwaccess": "readonly",
          "shortdesc": "The number of objects in the collection.",
          "datatype": {
            "type": "Number"
          }
        }
      ]
    }
  ]
}