{
  "name": "ClearFormBehaviors",
  "dynamic": true,
  "shortdesc": "A collection of clear form behavior objects.",
  "elements": [
    {
      "type": "instance",
      "method": [
        {
          "name": "count",
          "shortdesc": "Displays the number of elements in the ClearFormBehavior.",
          "datatype": {
            "type": "Number"
          }
        },
        {
          "name": "add",
          "shortdesc": "Creates a new ClearFormBehavior.",
          "parameters": [
            {
              "name": "withProperties",
              "shortdesc": "Initial values for properties of the new ClearFormBehavior ",
              "datatype": {
                "type": "Object"
              },
              "optional": true
            }
          ],
          "datatype": {
            "type": "ClearFormBehavior"
          }
        },
        {
          "name": "item",
          "shortdesc": "Returns the ClearFormBehavior with the specified index or name.",
          "parameters": [
            {
              "name": "index",
              "shortdesc": "The index or name. Can accept: Long Integer or String.",
              "datatype": {
                "type": "Mixed"
              }
            }
          ],
          "datatype": {
            "type": "ClearFormBehavior"
          }
        },
        {
          "name": "itemByName",
          "shortdesc": "Returns the ClearFormBehavior with the specified name.",
          "parameters": [
            {
              "name": "name",
              "shortdesc": "The name.",
              "datatype": {
                "type": "String"
              }
            }
          ],
          "datatype": {
            "type": "ClearFormBehavior"
          }
        },
        {
          "name": "itemByID",
          "shortdesc": "Returns the ClearFormBehavior with the specified ID.",
          "parameters": [
            {
              "name": "id",
              "shortdesc": "The ID.",
              "datatype": {
                "type": "Number"
              }
            }
          ],
          "datatype": {
            "type": "ClearFormBehavior"
          }
        },
        {
          "name": "itemByRange",
          "shortdesc": "Returns the ClearFormBehaviors within the specified range.",
          "parameters": [
            {
              "name": "from",
              "shortdesc": "The ClearFormBehavior, index, or name at the beginning of the range. Can accept: ClearFormBehavior, Long Integer or String.",
              "datatype": {
                "type": "Mixed"
              }
            },
            {
              "name": "to",
              "shortdesc": "The ClearFormBehavior, index, or name at the end of the range. Can accept: ClearFormBehavior, Long Integer or String.",
              "datatype": {
                "type": "Mixed"
              }
            }
          ],
          "datatype": {
            "type": "ClearFormBehavior",
            "array": true
          }
        },
        {
          "name": "firstItem",
          "shortdesc": "Returns the first ClearFormBehavior in the collection.",
          "datatype": {
            "type": "ClearFormBehavior"
          }
        },
        {
          "name": "lastItem",
          "shortdesc": "Returns the last ClearFormBehavior in the collection.",
          "datatype": {
            "type": "ClearFormBehavior"
          }
        },
        {
          "name": "middleItem",
          "shortdesc": "Returns the middle ClearFormBehavior in the collection.",
          "datatype": {
            "type": "ClearFormBehavior"
          }
        },
        {
          "name": "previousItem",
          "shortdesc": "Returns the ClearFormBehavior with the index previous to the specified index.",
          "parameters": [
            {
              "name": "obj",
              "shortdesc": "The index of the ClearFormBehavior that follows the desired ClearFormBehavior.",
              "datatype": {
                "type": "ClearFormBehavior"
              }
            }
          ],
          "datatype": {
            "type": "ClearFormBehavior"
          }
        },
        {
          "name": "nextItem",
          "shortdesc": "Returns the ClearFormBehavior whose index follows the specified ClearFormBehavior in the collection.",
          "parameters": [
            {
              "name": "obj",
              "shortdesc": "The ClearFormBehavior whose index comes before the desired ClearFormBehavior.",
              "datatype": {
                "type": "ClearFormBehavior"
              }
            }
          ],
          "datatype": {
            "type": "ClearFormBehavior"
          }
        },
        {
          "name": "anyItem",
          "shortdesc": "Returns any ClearFormBehavior in the collection.",
          "datatype": {
            "type": "ClearFormBehavior"
          }
        },
        {
          "name": "everyItem",
          "shortdesc": "Returns every ClearFormBehavior in the collection.",
          "datatype": {
            "type": "ClearFormBehavior",
            "array": true
          }
        },
        {
          "name": "toSource",
          "shortdesc": "Generates a string which, if executed, will return the ClearFormBehavior.",
          "datatype": {
            "type": "String"
          }
        },
        {
          "name": "[]",
          "shortdesc": "Returns the ClearFormBehavior with the specified index.",
          "parameters": [
            {
              "name": "index",
              "shortdesc": "The index.",
              "datatype": {
                "type": "Number"
              }
            }
          ],
          "datatype": {
            "type": "ClearFormBehavior"
          }
        }
      ],
      "property": [
        {
          "name": "length",
          "rwaccess": "readonly",
          "shortdesc": "The number of objects in the collection.",
          "datatype": {
            "type": "Number"
          }
        }
      ]
    }
  ]
}