{
  "name": "Colors",
  "dynamic": true,
  "shortdesc": "A collection of colors.",
  "elements": [
    {
      "type": "instance",
      "method": [
        {
          "name": "count",
          "shortdesc": "Displays the number of elements in the Color.",
          "datatype": {
            "type": "Number"
          }
        },
        {
          "name": "add",
          "shortdesc": "Creates a new Color.",
          "parameters": [
            {
              "name": "withProperties",
              "shortdesc": "Initial values for properties of the new Color ",
              "datatype": {
                "type": "Object"
              },
              "optional": true
            }
          ],
          "datatype": {
            "type": "Color"
          }
        },
        {
          "name": "item",
          "shortdesc": "Returns the Color with the specified index or name.",
          "parameters": [
            {
              "name": "index",
              "shortdesc": "The index or name. Can accept: Long Integer or String.",
              "datatype": {
                "type": "Mixed"
              }
            }
          ],
          "datatype": {
            "type": "Color"
          }
        },
        {
          "name": "itemByName",
          "shortdesc": "Returns the Color with the specified name.",
          "parameters": [
            {
              "name": "name",
              "shortdesc": "The name.",
              "datatype": {
                "type": "String"
              }
            }
          ],
          "datatype": {
            "type": "Color"
          }
        },
        {
          "name": "itemByID",
          "shortdesc": "Returns the Color with the specified ID.",
          "parameters": [
            {
              "name": "id",
              "shortdesc": "The ID.",
              "datatype": {
                "type": "Number"
              }
            }
          ],
          "datatype": {
            "type": "Color"
          }
        },
        {
          "name": "itemByRange",
          "shortdesc": "Returns the Colors within the specified range.",
          "parameters": [
            {
              "name": "from",
              "shortdesc": "The Color, index, or name at the beginning of the range. Can accept: Color, Long Integer or String.",
              "datatype": {
                "type": "Mixed"
              }
            },
            {
              "name": "to",
              "shortdesc": "The Color, index, or name at the end of the range. Can accept: Color, Long Integer or String.",
              "datatype": {
                "type": "Mixed"
              }
            }
          ],
          "datatype": {
            "type": "Color",
            "array": true
          }
        },
        {
          "name": "firstItem",
          "shortdesc": "Returns the first Color in the collection.",
          "datatype": {
            "type": "Color"
          }
        },
        {
          "name": "lastItem",
          "shortdesc": "Returns the last Color in the collection.",
          "datatype": {
            "type": "Color"
          }
        },
        {
          "name": "middleItem",
          "shortdesc": "Returns the middle Color in the collection.",
          "datatype": {
            "type": "Color"
          }
        },
        {
          "name": "previousItem",
          "shortdesc": "Returns the Color with the index previous to the specified index.",
          "parameters": [
            {
              "name": "obj",
              "shortdesc": "The index of the Color that follows the desired Color.",
              "datatype": {
                "type": "Color"
              }
            }
          ],
          "datatype": {
            "type": "Color"
          }
        },
        {
          "name": "nextItem",
          "shortdesc": "Returns the Color whose index follows the specified Color in the collection.",
          "parameters": [
            {
              "name": "obj",
              "shortdesc": "The Color whose index comes before the desired Color.",
              "datatype": {
                "type": "Color"
              }
            }
          ],
          "datatype": {
            "type": "Color"
          }
        },
        {
          "name": "anyItem",
          "shortdesc": "Returns any Color in the collection.",
          "datatype": {
            "type": "Color"
          }
        },
        {
          "name": "everyItem",
          "shortdesc": "Returns every Color in the collection.",
          "datatype": {
            "type": "Color",
            "array": true
          }
        },
        {
          "name": "toSource",
          "shortdesc": "Generates a string which, if executed, will return the Color.",
          "datatype": {
            "type": "String"
          }
        },
        {
          "name": "[]",
          "shortdesc": "Returns the Color with the specified index.",
          "parameters": [
            {
              "name": "index",
              "shortdesc": "The index.",
              "datatype": {
                "type": "Number"
              }
            }
          ],
          "datatype": {
            "type": "Color"
          }
        }
      ],
      "property": [
        {
          "name": "length",
          "rwaccess": "readonly",
          "shortdesc": "The number of objects in the collection.",
          "datatype": {
            "type": "Number"
          }
        }
      ]
    }
  ]
}