{
  "name": "ColorSettingsPolicy",
  "enumeration": true,
  "shortdesc": "The policy for handling mismatched CMYK configurations.",
  "elements": [
    {
      "type": "class",
      "property": [
        {
          "name": "COLOR_POLICY_OFF",
          "rwaccess": "readonly",
          "shortdesc": "Turns off color management for documents whose profiles do not match the working space. For imported colors, numeric values override color appearance.",
          "datatype": {
            "type": "Number",
            "value": 1129344870
          }
        },
        {
          "name": "PRESERVE_EMBEDDED_PROFILES",
          "rwaccess": "readonly",
          "shortdesc": "Preserves embedded color profiles in newly opened documents.",
          "datatype": {
            "type": "Number",
            "value": 1129345136
          }
        },
        {
          "name": "CONVERT_TO_WORKING_SPACE",
          "rwaccess": "readonly",
          "shortdesc": "Converts newly opened documents to the current working space. For imported colors, color appearance overrides numeric values.",
          "datatype": {
            "type": "Number",
            "value": 1129346931
          }
        },
        {
          "name": "COMBINATION_OF_PRESERVE_AND_SAFE_CMYK",
          "rwaccess": "readonly",
          "shortdesc": "Preserves raw color numbers and ignores embedded color profiles.",
          "datatype": {
            "type": "Number",
            "value": 1129345124
          }
        }
      ]
    }
  ]
}