{
  "name": "ColorSpace",
  "enumeration": true,
  "shortdesc": "Color space options.",
  "elements": [
    {
      "type": "class",
      "property": [
        {
          "name": "RGB",
          "rwaccess": "readonly",
          "shortdesc": "RGB.",
          "datatype": {
            "type": "Number",
            "value": 1666336578
          }
        },
        {
          "name": "CMYK",
          "rwaccess": "readonly",
          "shortdesc": "CMYK.",
          "datatype": {
            "type": "Number",
            "value": 1129142603
          }
        },
        {
          "name": "LAB",
          "rwaccess": "readonly",
          "shortdesc": "LAB.",
          "datatype": {
            "type": "Number",
            "value": 1665941826
          }
        },
        {
          "name": "MIXEDINK",
          "rwaccess": "readonly",
          "shortdesc": "Mixed ink.",
          "datatype": {
            "type": "Number",
            "value": 1666009432
          }
        }
      ]
    }
  ]
}