{
  "name": "ComboBoxes",
  "dynamic": true,
  "shortdesc": "A collection of comboboxes.",
  "elements": [
    {
      "type": "instance",
      "method": [
        {
          "name": "count",
          "shortdesc": "Displays the number of elements in the ComboBox.",
          "datatype": {
            "type": "Number"
          }
        },
        {
          "name": "add",
          "shortdesc": "Creates a new ComboBox",
          "parameters": [
            {
              "name": "layer",
              "shortdesc": "The layer on which to create the ComboBox. ",
              "datatype": {
                "type": "Layer"
              },
              "optional": true
            },
            {
              "name": "at",
              "optional": true,
              "shortdesc": "The location at which to insert the ComboBox relative to the reference object or within the container object. ",
              "datatype": {
                "type": "LocationOptions",
                "value": "LocationOptions.UNKNOWN"
              }
            },
            {
              "name": "reference",
              "shortdesc": "The reference object. Note: Required when the at parameter is before or after. Can accept: Document, Spread, MasterSpread, Page, Layer or PageItem. ",
              "datatype": {
                "type": "Mixed"
              },
              "optional": true
            },
            {
              "name": "withProperties",
              "shortdesc": "Initial values for properties of the new ComboBox ",
              "datatype": {
                "type": "Object"
              },
              "optional": true
            }
          ],
          "datatype": {
            "type": "ComboBox"
          }
        },
        {
          "name": "item",
          "shortdesc": "Returns the ComboBox with the specified index or name.",
          "parameters": [
            {
              "name": "index",
              "shortdesc": "The index or name. Can accept: Long Integer or String.",
              "datatype": {
                "type": "Mixed"
              }
            }
          ],
          "datatype": {
            "type": "ComboBox"
          }
        },
        {
          "name": "itemByName",
          "shortdesc": "Returns the ComboBox with the specified name.",
          "parameters": [
            {
              "name": "name",
              "shortdesc": "The name.",
              "datatype": {
                "type": "String"
              }
            }
          ],
          "datatype": {
            "type": "ComboBox"
          }
        },
        {
          "name": "itemByID",
          "shortdesc": "Returns the ComboBox with the specified ID.",
          "parameters": [
            {
              "name": "id",
              "shortdesc": "The ID.",
              "datatype": {
                "type": "Number"
              }
            }
          ],
          "datatype": {
            "type": "ComboBox"
          }
        },
        {
          "name": "itemByRange",
          "shortdesc": "Returns the ComboBoxes within the specified range.",
          "parameters": [
            {
              "name": "from",
              "shortdesc": "The ComboBox, index, or name at the beginning of the range. Can accept: ComboBox, Long Integer or String.",
              "datatype": {
                "type": "Mixed"
              }
            },
            {
              "name": "to",
              "shortdesc": "The ComboBox, index, or name at the end of the range. Can accept: ComboBox, Long Integer or String.",
              "datatype": {
                "type": "Mixed"
              }
            }
          ],
          "datatype": {
            "type": "ComboBox",
            "array": true
          }
        },
        {
          "name": "firstItem",
          "shortdesc": "Returns the first ComboBox in the collection.",
          "datatype": {
            "type": "ComboBox"
          }
        },
        {
          "name": "lastItem",
          "shortdesc": "Returns the last ComboBox in the collection.",
          "datatype": {
            "type": "ComboBox"
          }
        },
        {
          "name": "middleItem",
          "shortdesc": "Returns the middle ComboBox in the collection.",
          "datatype": {
            "type": "ComboBox"
          }
        },
        {
          "name": "previousItem",
          "shortdesc": "Returns the ComboBox with the index previous to the specified index.",
          "parameters": [
            {
              "name": "obj",
              "shortdesc": "The index of the ComboBox that follows the desired ComboBox.",
              "datatype": {
                "type": "ComboBox"
              }
            }
          ],
          "datatype": {
            "type": "ComboBox"
          }
        },
        {
          "name": "nextItem",
          "shortdesc": "Returns the ComboBox whose index follows the specified ComboBox in the collection.",
          "parameters": [
            {
              "name": "obj",
              "shortdesc": "The ComboBox whose index comes before the desired ComboBox.",
              "datatype": {
                "type": "ComboBox"
              }
            }
          ],
          "datatype": {
            "type": "ComboBox"
          }
        },
        {
          "name": "anyItem",
          "shortdesc": "Returns any ComboBox in the collection.",
          "datatype": {
            "type": "ComboBox"
          }
        },
        {
          "name": "everyItem",
          "shortdesc": "Returns every ComboBox in the collection.",
          "datatype": {
            "type": "ComboBox",
            "array": true
          }
        },
        {
          "name": "toSource",
          "shortdesc": "Generates a string which, if executed, will return the ComboBox.",
          "datatype": {
            "type": "String"
          }
        },
        {
          "name": "[]",
          "shortdesc": "Returns the ComboBox with the specified index.",
          "parameters": [
            {
              "name": "index",
              "shortdesc": "The index.",
              "datatype": {
                "type": "Number"
              }
            }
          ],
          "datatype": {
            "type": "ComboBox"
          }
        }
      ],
      "property": [
        {
          "name": "length",
          "rwaccess": "readonly",
          "shortdesc": "The number of objects in the collection.",
          "datatype": {
            "type": "Number"
          }
        }
      ]
    }
  ]
}