{
  "name": "CompressionQuality",
  "enumeration": true,
  "shortdesc": "The amount and type of compression to use for bitmap images.",
  "elements": [
    {
      "type": "class",
      "property": [
        {
          "name": "MINIMUM",
          "rwaccess": "readonly",
          "shortdesc": "Uses minimum compression. Not valid when bitmap compression is ZIP.",
          "datatype": {
            "type": "Number",
            "value": 1701727598
          }
        },
        {
          "name": "LOW",
          "rwaccess": "readonly",
          "shortdesc": "Uses low compression. Not valid when bitmap compression is ZIP.",
          "datatype": {
            "type": "Number",
            "value": 1701727351
          }
        },
        {
          "name": "MEDIUM",
          "rwaccess": "readonly",
          "shortdesc": "Uses medium compression. Not valid when bitmap compression is ZIP.",
          "datatype": {
            "type": "Number",
            "value": 1701727588
          }
        },
        {
          "name": "HIGH",
          "rwaccess": "readonly",
          "shortdesc": "Uses high compression. Not valid when bitmap compression is ZIP.",
          "datatype": {
            "type": "Number",
            "value": 1701726313
          }
        },
        {
          "name": "MAXIMUM",
          "rwaccess": "readonly",
          "shortdesc": "Uses maximum compression. Not valid when bitmap compression is ZIP.",
          "datatype": {
            "type": "Number",
            "value": 1701727608
          }
        },
        {
          "name": "FOUR_BIT",
          "rwaccess": "readonly",
          "shortdesc": "Uses 4-bit compression. Valid only when bitmap compression is ZIP.",
          "datatype": {
            "type": "Number",
            "value": 1701721186
          }
        },
        {
          "name": "EIGHT_BIT",
          "rwaccess": "readonly",
          "shortdesc": "Uses 8-bit compression. Valid only when bitmap compression is ZIP.",
          "datatype": {
            "type": "Number",
            "value": 1701722210
          }
        }
      ]
    }
  ]
}