{
  "name": "CompositeFontEntries",
  "dynamic": true,
  "shortdesc": "A collection of composite font entries.",
  "elements": [
    {
      "type": "instance",
      "method": [
        {
          "name": "add",
          "shortdesc": "Creates a new CompositeFontEntry.",
          "parameters": [
            {
              "name": "withProperties",
              "shortdesc": "Initial values for properties of the new CompositeFontEntry ",
              "datatype": {
                "type": "Object"
              },
              "optional": true
            }
          ],
          "datatype": {
            "type": "CompositeFontEntry"
          }
        },
        {
          "name": "count",
          "shortdesc": "Displays the number of elements in the CompositeFontEntry.",
          "datatype": {
            "type": "Number"
          }
        },
        {
          "name": "item",
          "shortdesc": "Returns the CompositeFontEntry with the specified index or name.",
          "parameters": [
            {
              "name": "index",
              "shortdesc": "The index or name. Can accept: Long Integer or String.",
              "datatype": {
                "type": "Mixed"
              }
            }
          ],
          "datatype": {
            "type": "CompositeFontEntry"
          }
        },
        {
          "name": "itemByName",
          "shortdesc": "Returns the CompositeFontEntry with the specified name.",
          "parameters": [
            {
              "name": "name",
              "shortdesc": "The name.",
              "datatype": {
                "type": "String"
              }
            }
          ],
          "datatype": {
            "type": "CompositeFontEntry"
          }
        },
        {
          "name": "itemByID",
          "shortdesc": "Returns the CompositeFontEntry with the specified ID.",
          "parameters": [
            {
              "name": "id",
              "shortdesc": "The ID.",
              "datatype": {
                "type": "Number"
              }
            }
          ],
          "datatype": {
            "type": "CompositeFontEntry"
          }
        },
        {
          "name": "itemByRange",
          "shortdesc": "Returns the CompositeFontEntries within the specified range.",
          "parameters": [
            {
              "name": "from",
              "shortdesc": "The CompositeFontEntry, index, or name at the beginning of the range. Can accept: CompositeFontEntry, Long Integer or String.",
              "datatype": {
                "type": "Mixed"
              }
            },
            {
              "name": "to",
              "shortdesc": "The CompositeFontEntry, index, or name at the end of the range. Can accept: CompositeFontEntry, Long Integer or String.",
              "datatype": {
                "type": "Mixed"
              }
            }
          ],
          "datatype": {
            "type": "CompositeFontEntry",
            "array": true
          }
        },
        {
          "name": "firstItem",
          "shortdesc": "Returns the first CompositeFontEntry in the collection.",
          "datatype": {
            "type": "CompositeFontEntry"
          }
        },
        {
          "name": "lastItem",
          "shortdesc": "Returns the last CompositeFontEntry in the collection.",
          "datatype": {
            "type": "CompositeFontEntry"
          }
        },
        {
          "name": "middleItem",
          "shortdesc": "Returns the middle CompositeFontEntry in the collection.",
          "datatype": {
            "type": "CompositeFontEntry"
          }
        },
        {
          "name": "previousItem",
          "shortdesc": "Returns the CompositeFontEntry with the index previous to the specified index.",
          "parameters": [
            {
              "name": "obj",
              "shortdesc": "The index of the CompositeFontEntry that follows the desired CompositeFontEntry.",
              "datatype": {
                "type": "CompositeFontEntry"
              }
            }
          ],
          "datatype": {
            "type": "CompositeFontEntry"
          }
        },
        {
          "name": "nextItem",
          "shortdesc": "Returns the CompositeFontEntry whose index follows the specified CompositeFontEntry in the collection.",
          "parameters": [
            {
              "name": "obj",
              "shortdesc": "The CompositeFontEntry whose index comes before the desired CompositeFontEntry.",
              "datatype": {
                "type": "CompositeFontEntry"
              }
            }
          ],
          "datatype": {
            "type": "CompositeFontEntry"
          }
        },
        {
          "name": "anyItem",
          "shortdesc": "Returns any CompositeFontEntry in the collection.",
          "datatype": {
            "type": "CompositeFontEntry"
          }
        },
        {
          "name": "everyItem",
          "shortdesc": "Returns every CompositeFontEntry in the collection.",
          "datatype": {
            "type": "CompositeFontEntry",
            "array": true
          }
        },
        {
          "name": "toSource",
          "shortdesc": "Generates a string which, if executed, will return the CompositeFontEntry.",
          "datatype": {
            "type": "String"
          }
        },
        {
          "name": "[]",
          "shortdesc": "Returns the CompositeFontEntry with the specified index.",
          "parameters": [
            {
              "name": "index",
              "shortdesc": "The index.",
              "datatype": {
                "type": "Number"
              }
            }
          ],
          "datatype": {
            "type": "CompositeFontEntry"
          }
        }
      ],
      "property": [
        {
          "name": "length",
          "rwaccess": "readonly",
          "shortdesc": "The number of objects in the collection.",
          "datatype": {
            "type": "Number"
          }
        }
      ]
    }
  ]
}