{
  "name": "CompositeFonts",
  "dynamic": true,
  "shortdesc": "A collection of composite fonts.",
  "elements": [
    {
      "type": "instance",
      "method": [
        {
          "name": "add",
          "shortdesc": "Creates a new CompositeFont.",
          "parameters": [
            {
              "name": "withProperties",
              "shortdesc": "Initial values for properties of the new CompositeFont ",
              "datatype": {
                "type": "Object"
              },
              "optional": true
            }
          ],
          "datatype": {
            "type": "CompositeFont"
          }
        },
        {
          "name": "count",
          "shortdesc": "Displays the number of elements in the CompositeFont.",
          "datatype": {
            "type": "Number"
          }
        },
        {
          "name": "item",
          "shortdesc": "Returns the CompositeFont with the specified index or name.",
          "parameters": [
            {
              "name": "index",
              "shortdesc": "The index or name. Can accept: Long Integer or String.",
              "datatype": {
                "type": "Mixed"
              }
            }
          ],
          "datatype": {
            "type": "CompositeFont"
          }
        },
        {
          "name": "itemByName",
          "shortdesc": "Returns the CompositeFont with the specified name.",
          "parameters": [
            {
              "name": "name",
              "shortdesc": "The name.",
              "datatype": {
                "type": "String"
              }
            }
          ],
          "datatype": {
            "type": "CompositeFont"
          }
        },
        {
          "name": "itemByID",
          "shortdesc": "Returns the CompositeFont with the specified ID.",
          "parameters": [
            {
              "name": "id",
              "shortdesc": "The ID.",
              "datatype": {
                "type": "Number"
              }
            }
          ],
          "datatype": {
            "type": "CompositeFont"
          }
        },
        {
          "name": "itemByRange",
          "shortdesc": "Returns the CompositeFonts within the specified range.",
          "parameters": [
            {
              "name": "from",
              "shortdesc": "The CompositeFont, index, or name at the beginning of the range. Can accept: CompositeFont, Long Integer or String.",
              "datatype": {
                "type": "Mixed"
              }
            },
            {
              "name": "to",
              "shortdesc": "The CompositeFont, index, or name at the end of the range. Can accept: CompositeFont, Long Integer or String.",
              "datatype": {
                "type": "Mixed"
              }
            }
          ],
          "datatype": {
            "type": "CompositeFont",
            "array": true
          }
        },
        {
          "name": "firstItem",
          "shortdesc": "Returns the first CompositeFont in the collection.",
          "datatype": {
            "type": "CompositeFont"
          }
        },
        {
          "name": "lastItem",
          "shortdesc": "Returns the last CompositeFont in the collection.",
          "datatype": {
            "type": "CompositeFont"
          }
        },
        {
          "name": "middleItem",
          "shortdesc": "Returns the middle CompositeFont in the collection.",
          "datatype": {
            "type": "CompositeFont"
          }
        },
        {
          "name": "previousItem",
          "shortdesc": "Returns the CompositeFont with the index previous to the specified index.",
          "parameters": [
            {
              "name": "obj",
              "shortdesc": "The index of the CompositeFont that follows the desired CompositeFont.",
              "datatype": {
                "type": "CompositeFont"
              }
            }
          ],
          "datatype": {
            "type": "CompositeFont"
          }
        },
        {
          "name": "nextItem",
          "shortdesc": "Returns the CompositeFont whose index follows the specified CompositeFont in the collection.",
          "parameters": [
            {
              "name": "obj",
              "shortdesc": "The CompositeFont whose index comes before the desired CompositeFont.",
              "datatype": {
                "type": "CompositeFont"
              }
            }
          ],
          "datatype": {
            "type": "CompositeFont"
          }
        },
        {
          "name": "anyItem",
          "shortdesc": "Returns any CompositeFont in the collection.",
          "datatype": {
            "type": "CompositeFont"
          }
        },
        {
          "name": "everyItem",
          "shortdesc": "Returns every CompositeFont in the collection.",
          "datatype": {
            "type": "CompositeFont",
            "array": true
          }
        },
        {
          "name": "toSource",
          "shortdesc": "Generates a string which, if executed, will return the CompositeFont.",
          "datatype": {
            "type": "String"
          }
        },
        {
          "name": "[]",
          "shortdesc": "Returns the CompositeFont with the specified index.",
          "parameters": [
            {
              "name": "index",
              "shortdesc": "The index.",
              "datatype": {
                "type": "Number"
              }
            }
          ],
          "datatype": {
            "type": "CompositeFont"
          }
        }
      ],
      "property": [
        {
          "name": "length",
          "rwaccess": "readonly",
          "shortdesc": "The number of objects in the collection.",
          "datatype": {
            "type": "Number"
          }
        }
      ]
    }
  ]
}