{
  "name": "Conditions",
  "dynamic": true,
  "shortdesc": "A collection of conditions for conditional text.",
  "elements": [
    {
      "type": "instance",
      "method": [
        {
          "name": "add",
          "shortdesc": "Creates a new Condition.",
          "parameters": [
            {
              "name": "withProperties",
              "shortdesc": "Initial values for properties of the new Condition ",
              "datatype": {
                "type": "Object"
              },
              "optional": true
            }
          ],
          "datatype": {
            "type": "Condition"
          }
        },
        {
          "name": "count",
          "shortdesc": "Displays the number of elements in the Condition.",
          "datatype": {
            "type": "Number"
          }
        },
        {
          "name": "item",
          "shortdesc": "Returns the Condition with the specified index or name.",
          "parameters": [
            {
              "name": "index",
              "shortdesc": "The index or name. Can accept: Long Integer or String.",
              "datatype": {
                "type": "Mixed"
              }
            }
          ],
          "datatype": {
            "type": "Condition"
          }
        },
        {
          "name": "itemByName",
          "shortdesc": "Returns the Condition with the specified name.",
          "parameters": [
            {
              "name": "name",
              "shortdesc": "The name.",
              "datatype": {
                "type": "String"
              }
            }
          ],
          "datatype": {
            "type": "Condition"
          }
        },
        {
          "name": "itemByID",
          "shortdesc": "Returns the Condition with the specified ID.",
          "parameters": [
            {
              "name": "id",
              "shortdesc": "The ID.",
              "datatype": {
                "type": "Number"
              }
            }
          ],
          "datatype": {
            "type": "Condition"
          }
        },
        {
          "name": "itemByRange",
          "shortdesc": "Returns the Conditions within the specified range.",
          "parameters": [
            {
              "name": "from",
              "shortdesc": "The Condition, index, or name at the beginning of the range. Can accept: Condition, Long Integer or String.",
              "datatype": {
                "type": "Mixed"
              }
            },
            {
              "name": "to",
              "shortdesc": "The Condition, index, or name at the end of the range. Can accept: Condition, Long Integer or String.",
              "datatype": {
                "type": "Mixed"
              }
            }
          ],
          "datatype": {
            "type": "Condition",
            "array": true
          }
        },
        {
          "name": "firstItem",
          "shortdesc": "Returns the first Condition in the collection.",
          "datatype": {
            "type": "Condition"
          }
        },
        {
          "name": "lastItem",
          "shortdesc": "Returns the last Condition in the collection.",
          "datatype": {
            "type": "Condition"
          }
        },
        {
          "name": "middleItem",
          "shortdesc": "Returns the middle Condition in the collection.",
          "datatype": {
            "type": "Condition"
          }
        },
        {
          "name": "previousItem",
          "shortdesc": "Returns the Condition with the index previous to the specified index.",
          "parameters": [
            {
              "name": "obj",
              "shortdesc": "The index of the Condition that follows the desired Condition.",
              "datatype": {
                "type": "Condition"
              }
            }
          ],
          "datatype": {
            "type": "Condition"
          }
        },
        {
          "name": "nextItem",
          "shortdesc": "Returns the Condition whose index follows the specified Condition in the collection.",
          "parameters": [
            {
              "name": "obj",
              "shortdesc": "The Condition whose index comes before the desired Condition.",
              "datatype": {
                "type": "Condition"
              }
            }
          ],
          "datatype": {
            "type": "Condition"
          }
        },
        {
          "name": "anyItem",
          "shortdesc": "Returns any Condition in the collection.",
          "datatype": {
            "type": "Condition"
          }
        },
        {
          "name": "everyItem",
          "shortdesc": "Returns every Condition in the collection.",
          "datatype": {
            "type": "Condition",
            "array": true
          }
        },
        {
          "name": "toSource",
          "shortdesc": "Generates a string which, if executed, will return the Condition.",
          "datatype": {
            "type": "String"
          }
        },
        {
          "name": "[]",
          "shortdesc": "Returns the Condition with the specified index.",
          "parameters": [
            {
              "name": "index",
              "shortdesc": "The index.",
              "datatype": {
                "type": "Number"
              }
            }
          ],
          "datatype": {
            "type": "Condition"
          }
        }
      ],
      "property": [
        {
          "name": "length",
          "rwaccess": "readonly",
          "shortdesc": "The number of objects in the collection.",
          "datatype": {
            "type": "Number"
          }
        }
      ]
    }
  ]
}