{
  "name": "ConditionIndicatorMode",
  "enumeration": true,
  "shortdesc": "Condition indicator mode options.",
  "elements": [
    {
      "type": "class",
      "property": [
        {
          "name": "SHOW_INDICATORS",
          "rwaccess": "readonly",
          "shortdesc": "Condition indicators show only.",
          "datatype": {
            "type": "Number",
            "value": 1698908531
          }
        },
        {
          "name": "SHOW_AND_PRINT_INDICATORS",
          "rwaccess": "readonly",
          "shortdesc": "Conditions indicators show and print.",
          "datatype": {
            "type": "Number",
            "value": 1698908528
          }
        },
        {
          "name": "HIDE_INDICATORS",
          "rwaccess": "readonly",
          "shortdesc": "Conditions indicators hide.",
          "datatype": {
            "type": "Number",
            "value": 1698908520
          }
        }
      ]
    }
  ]
}