{
  "name": "ContentType",
  "enumeration": true,
  "shortdesc": "The content type of an object.",
  "elements": [
    {
      "type": "class",
      "property": [
        {
          "name": "UNASSIGNED",
          "rwaccess": "readonly",
          "shortdesc": "No content type assigned.",
          "datatype": {
            "type": "Number",
            "value": 1970168179
          }
        },
        {
          "name": "GRAPHIC_TYPE",
          "rwaccess": "readonly",
          "shortdesc": "The frame is a graphics frame.",
          "datatype": {
            "type": "Number",
            "value": 1735553140
          }
        },
        {
          "name": "TEXT_TYPE",
          "rwaccess": "readonly",
          "shortdesc": "The frame is a text frame.",
          "datatype": {
            "type": "Number",
            "value": 1952412773
          }
        }
      ]
    }
  ]
}