{
  "name": "ContourOptionsTypes",
  "enumeration": true,
  "shortdesc": "The path on which to base the contour text wrap.",
  "elements": [
    {
      "type": "class",
      "property": [
        {
          "name": "BOUNDING_BOX",
          "rwaccess": "readonly",
          "shortdesc": "Sets the text wrap shape to the object's bounding box.",
          "datatype": {
            "type": "Number",
            "value": 1701732962
          }
        },
        {
          "name": "PHOTOSHOP_PATH",
          "rwaccess": "readonly",
          "shortdesc": "Sets the text wrap shape to the specified Photoshop path. To specify the Photoshop path, see contour path name.",
          "datatype": {
            "type": "Number",
            "value": 1886613620
          }
        },
        {
          "name": "DETECT_EDGES",
          "rwaccess": "readonly",
          "shortdesc": "Sets the text wrap shape to the edges of the image.",
          "datatype": {
            "type": "Number",
            "value": 1685349735
          }
        },
        {
          "name": "ALPHA_CHANNEL",
          "rwaccess": "readonly",
          "shortdesc": "Sets the text wrap shape to the edges of the specified alpha channel. To specify the alpha channel, see contour path name.",
          "datatype": {
            "type": "Number",
            "value": 1634756707
          }
        },
        {
          "name": "GRAPHIC_FRAME",
          "rwaccess": "readonly",
          "shortdesc": "Sets the text wrap shape to the wrapped object's graphics frame.",
          "datatype": {
            "type": "Number",
            "value": 1701734246
          }
        },
        {
          "name": "SAME_AS_CLIPPING",
          "rwaccess": "readonly",
          "shortdesc": "Sets the text wrap shape to the clipping path (if any) defined in Photoshop. Note: A path cannot be specified using this enumeration. To set the text wrap shape to a specific path, use the photoshop path contour options type enumeration value.",
          "datatype": {
            "type": "Number",
            "value": 1935762288
          }
        }
      ]
    }
  ]
}