{
  "name": "ContentTransparencySetting",
  "dynamic": true,
  "superclass": {
    "href": "#/Preference",
    "$t": "Preference"
  },
  "shortdesc": "Transparency settings for the content of the parent object.",
  "elements": [
    {
      "type": "instance",
      "property": [
        {
          "name": "blendingSettings",
          "rwaccess": "readonly",
          "shortdesc": "Blending mode settings.",
          "datatype": {
            "type": "BlendingSetting"
          }
        },
        {
          "name": "dropShadowSettings",
          "rwaccess": "readonly",
          "shortdesc": "Settings related to the drop shadow effect.",
          "datatype": {
            "type": "DropShadowSetting"
          }
        },
        {
          "name": "featherSettings",
          "rwaccess": "readonly",
          "shortdesc": "Settings related to the feather effect.",
          "datatype": {
            "type": "FeatherSetting"
          }
        },
        {
          "name": "innerShadowSettings",
          "rwaccess": "readonly",
          "shortdesc": "Settings related to the inner shadow effect.",
          "datatype": {
            "type": "InnerShadowSetting"
          }
        },
        {
          "name": "outerGlowSettings",
          "rwaccess": "readonly",
          "shortdesc": "Settings related to the outer glow effect.",
          "datatype": {
            "type": "OuterGlowSetting"
          }
        },
        {
          "name": "innerGlowSettings",
          "rwaccess": "readonly",
          "shortdesc": "Settings related to the inner glow effect.",
          "datatype": {
            "type": "InnerGlowSetting"
          }
        },
        {
          "name": "bevelAndEmbossSettings",
          "rwaccess": "readonly",
          "shortdesc": "Settings related to the bevel and emboss effect.",
          "datatype": {
            "type": "BevelAndEmbossSetting"
          }
        },
        {
          "name": "satinSettings",
          "rwaccess": "readonly",
          "shortdesc": "Settings related to the satin effect",
          "datatype": {
            "type": "SatinSetting"
          }
        },
        {
          "name": "directionalFeatherSettings",
          "rwaccess": "readonly",
          "shortdesc": "Settings related to the directional feather effect.",
          "datatype": {
            "type": "DirectionalFeatherSetting"
          }
        },
        {
          "name": "gradientFeatherSettings",
          "rwaccess": "readonly",
          "shortdesc": "Settings related to the gradient feather effect.",
          "datatype": {
            "type": "GradientFeatherSetting"
          }
        },
        {
          "name": "isValid",
          "rwaccess": "readonly",
          "shortdesc": "Returns true if the object specifier resolves to valid objects.",
          "datatype": {
            "type": "Boolean"
          }
        },
        {
          "name": "parent",
          "rwaccess": "readonly",
          "shortdesc": "The parent of the ContentTransparencySetting (a PageItem, HtmlItem, FormField, SignatureField, TextBox, RadioButton, ListBox, ComboBox, CheckBox, MultiStateObject, Button, MediaItem, Sound, Movie, EPSText, SplineItem, Polygon, GraphicLine, Rectangle, Oval, Graphic, ImportedPage, PICT, WMF, PDF, EPS, Image, Group, TextFrame, PageItemDefault or ObjectStyle).",
          "datatype": {
            "type": "Mixed"
          }
        },
        {
          "name": "preferences",
          "rwaccess": "readonly",
          "shortdesc": "A collection of preferences objects.",
          "datatype": {
            "type": "Preferences"
          }
        },
        {
          "name": "events",
          "rwaccess": "readonly",
          "shortdesc": "A collection of events.",
          "datatype": {
            "type": "Events"
          }
        },
        {
          "name": "eventListeners",
          "rwaccess": "readonly",
          "shortdesc": "A collection of event listeners.",
          "datatype": {
            "type": "EventListeners"
          }
        },
        {
          "name": "properties",
          "shortdesc": "A property that allows setting of several properties at the same time.",
          "datatype": {
            "type": "Object"
          }
        }
      ],
      "method": [
        {
          "name": "toSource",
          "shortdesc": "Generates a string which, if executed, will return the ContentTransparencySetting.",
          "datatype": {
            "type": "String"
          }
        },
        {
          "name": "getElements",
          "shortdesc": "Resolves the object specifier, creating an array of object references.",
          "datatype": {
            "type": "ContentTransparencySetting",
            "array": true
          }
        },
        {
          "name": "toSpecifier",
          "shortdesc": "Retrieves the object specifier.",
          "datatype": {
            "type": "String"
          }
        },
        {
          "name": "addEventListener",
          "shortdesc": "Adds an event listener.",
          "parameters": [
            {
              "name": "eventType",
              "shortdesc": "The event type.",
              "datatype": {
                "type": "String"
              }
            },
            {
              "name": "handler",
              "shortdesc": "The event handler. Can accept: File or JavaScript Function.",
              "datatype": {
                "type": "Mixed"
              }
            },
            {
              "name": "captures",
              "optional": true,
              "shortdesc": "This parameter is obsolete. ",
              "datatype": {
                "type": "Boolean",
                "value": false
              }
            }
          ],
          "datatype": {
            "type": "EventListener"
          }
        },
        {
          "name": "removeEventListener",
          "shortdesc": "Removes the event listener.",
          "parameters": [
            {
              "name": "eventType",
              "shortdesc": "The registered event type.",
              "datatype": {
                "type": "String"
              }
            },
            {
              "name": "handler",
              "shortdesc": "The registered event handler. Can accept: File or JavaScript Function.",
              "datatype": {
                "type": "Mixed"
              }
            },
            {
              "name": "captures",
              "optional": true,
              "shortdesc": "This parameter is obsolete. ",
              "datatype": {
                "type": "Boolean",
                "value": false
              }
            }
          ],
          "datatype": {
            "type": "Boolean"
          }
        }
      ]
    }
  ]
}