{
  "name": "ContainerType",
  "enumeration": true,
  "shortdesc": "The container type.",
  "elements": [
    {
      "type": "class",
      "property": [
        {
          "name": "BAG",
          "rwaccess": "readonly",
          "shortdesc": "The container contains unordered items.",
          "datatype": {
            "type": "Number",
            "value": 1298424423
          }
        },
        {
          "name": "SEQ",
          "rwaccess": "readonly",
          "shortdesc": "The container contains ordered or sequential items.",
          "datatype": {
            "type": "Number",
            "value": 1298428785
          }
        },
        {
          "name": "ALT",
          "rwaccess": "readonly",
          "shortdesc": "The container contains alternative values of which only one can be used.",
          "datatype": {
            "type": "Number",
            "value": 1298424180
          }
        }
      ]
    }
  ]
}