{
  "name": "ConvertPageBreaks",
  "enumeration": true,
  "shortdesc": "Options for converting manual page breaks.",
  "elements": [
    {
      "type": "class",
      "property": [
        {
          "name": "NONE",
          "rwaccess": "readonly",
          "shortdesc": "Does not preserve page breaks; allows text to flow.",
          "datatype": {
            "type": "Number",
            "value": 1852796517
          }
        },
        {
          "name": "PAGE_BREAK",
          "rwaccess": "readonly",
          "shortdesc": "Preserves page breaks.",
          "datatype": {
            "type": "Number",
            "value": 1397778242
          }
        },
        {
          "name": "COLUMN_BREAK",
          "rwaccess": "readonly",
          "shortdesc": "Converts manual page breaks to column breaks.",
          "datatype": {
            "type": "Number",
            "value": 1396927554
          }
        }
      ]
    }
  ]
}