{
  "name": "ConvertTablesOptions",
  "enumeration": true,
  "shortdesc": "Options for converting tables.",
  "elements": [
    {
      "type": "class",
      "property": [
        {
          "name": "UNFORMATTED_TABLE",
          "rwaccess": "readonly",
          "shortdesc": "Converts tables to basic, unformatted tables.",
          "datatype": {
            "type": "Number",
            "value": 1396921684
          }
        },
        {
          "name": "UNFORMATTED_TABBED_TEXT",
          "rwaccess": "readonly",
          "shortdesc": "Convert tables to unformatted, tab-delimited text.",
          "datatype": {
            "type": "Number",
            "value": 1398101076
          }
        }
      ]
    }
  ]
}