{
  "name": "CopyrightStatus",
  "enumeration": true,
  "shortdesc": "The copyright status of the document.",
  "elements": [
    {
      "type": "class",
      "property": [
        {
          "name": "UNKNOWN",
          "rwaccess": "readonly",
          "shortdesc": "The copyright status is unknown.",
          "datatype": {
            "type": "Number",
            "value": 1433299822
          }
        },
        {
          "name": true,
          "rwaccess": "readonly",
          "shortdesc": "The document is copyrighted.",
          "datatype": {
            "type": "Number",
            "value": 2036691744
          }
        },
        {
          "name": false,
          "rwaccess": "readonly",
          "shortdesc": "The document is in the public domain.",
          "datatype": {
            "type": "Number",
            "value": 1852776480
          }
        }
      ]
    }
  ]
}