{
  "name": "CrossReferences",
  "dynamic": true,
  "shortdesc": "A collection of index cross references. &amp;&#35;40;For cross references in text, use the &apos;cross reference source' and 'hyperlink' objects.&#41;",
  "elements": [
    {
      "type": "instance",
      "method": [
        {
          "name": "add",
          "shortdesc": "Creates a new cross reference.",
          "parameters": [
            {
              "name": "referencedTopic",
              "shortdesc": "The topic that the cross reference points to.",
              "datatype": {
                "type": "Topic"
              }
            },
            {
              "name": "crossReferenceType",
              "shortdesc": "The cross reference type.",
              "datatype": {
                "type": "CrossReferenceType"
              }
            },
            {
              "name": "customTypeString",
              "shortdesc": "The custom string to use in the cross reference. Valid only for custom cross reference types. ",
              "datatype": {
                "type": "String"
              },
              "optional": true
            },
            {
              "name": "withProperties",
              "shortdesc": "Initial values for properties of the new CrossReference ",
              "datatype": {
                "type": "Object"
              },
              "optional": true
            }
          ],
          "datatype": {
            "type": "CrossReference"
          }
        },
        {
          "name": "count",
          "shortdesc": "Displays the number of elements in the CrossReference.",
          "datatype": {
            "type": "Number"
          }
        },
        {
          "name": "item",
          "shortdesc": "Returns the CrossReference with the specified index or name.",
          "parameters": [
            {
              "name": "index",
              "shortdesc": "The index or name. Can accept: Long Integer or String.",
              "datatype": {
                "type": "Mixed"
              }
            }
          ],
          "datatype": {
            "type": "CrossReference"
          }
        },
        {
          "name": "itemByName",
          "shortdesc": "Returns the CrossReference with the specified name.",
          "parameters": [
            {
              "name": "name",
              "shortdesc": "The name.",
              "datatype": {
                "type": "String"
              }
            }
          ],
          "datatype": {
            "type": "CrossReference"
          }
        },
        {
          "name": "itemByID",
          "shortdesc": "Returns the CrossReference with the specified ID.",
          "parameters": [
            {
              "name": "id",
              "shortdesc": "The ID.",
              "datatype": {
                "type": "Number"
              }
            }
          ],
          "datatype": {
            "type": "CrossReference"
          }
        },
        {
          "name": "itemByRange",
          "shortdesc": "Returns the CrossReferences within the specified range.",
          "parameters": [
            {
              "name": "from",
              "shortdesc": "The CrossReference, index, or name at the beginning of the range. Can accept: CrossReference, Long Integer or String.",
              "datatype": {
                "type": "Mixed"
              }
            },
            {
              "name": "to",
              "shortdesc": "The CrossReference, index, or name at the end of the range. Can accept: CrossReference, Long Integer or String.",
              "datatype": {
                "type": "Mixed"
              }
            }
          ],
          "datatype": {
            "type": "CrossReference",
            "array": true
          }
        },
        {
          "name": "firstItem",
          "shortdesc": "Returns the first CrossReference in the collection.",
          "datatype": {
            "type": "CrossReference"
          }
        },
        {
          "name": "lastItem",
          "shortdesc": "Returns the last CrossReference in the collection.",
          "datatype": {
            "type": "CrossReference"
          }
        },
        {
          "name": "middleItem",
          "shortdesc": "Returns the middle CrossReference in the collection.",
          "datatype": {
            "type": "CrossReference"
          }
        },
        {
          "name": "previousItem",
          "shortdesc": "Returns the CrossReference with the index previous to the specified index.",
          "parameters": [
            {
              "name": "obj",
              "shortdesc": "The index of the CrossReference that follows the desired CrossReference.",
              "datatype": {
                "type": "CrossReference"
              }
            }
          ],
          "datatype": {
            "type": "CrossReference"
          }
        },
        {
          "name": "nextItem",
          "shortdesc": "Returns the CrossReference whose index follows the specified CrossReference in the collection.",
          "parameters": [
            {
              "name": "obj",
              "shortdesc": "The CrossReference whose index comes before the desired CrossReference.",
              "datatype": {
                "type": "CrossReference"
              }
            }
          ],
          "datatype": {
            "type": "CrossReference"
          }
        },
        {
          "name": "anyItem",
          "shortdesc": "Returns any CrossReference in the collection.",
          "datatype": {
            "type": "CrossReference"
          }
        },
        {
          "name": "everyItem",
          "shortdesc": "Returns every CrossReference in the collection.",
          "datatype": {
            "type": "CrossReference",
            "array": true
          }
        },
        {
          "name": "toSource",
          "shortdesc": "Generates a string which, if executed, will return the CrossReference.",
          "datatype": {
            "type": "String"
          }
        },
        {
          "name": "[]",
          "shortdesc": "Returns the CrossReference with the specified index.",
          "parameters": [
            {
              "name": "index",
              "shortdesc": "The index.",
              "datatype": {
                "type": "Number"
              }
            }
          ],
          "datatype": {
            "type": "CrossReference"
          }
        }
      ],
      "property": [
        {
          "name": "length",
          "rwaccess": "readonly",
          "shortdesc": "The number of objects in the collection.",
          "datatype": {
            "type": "Number"
          }
        }
      ]
    }
  ]
}