{
  "name": "CrossReferenceType",
  "enumeration": true,
  "shortdesc": "Instructional text options for cross reference.",
  "elements": [
    {
      "type": "class",
      "property": [
        {
          "name": "SEE_OR_ALSO_BRACKET",
          "rwaccess": "readonly",
          "shortdesc": "Inserts 'See also' in front of the referenced topic if the topic has an associated page reference; inserts 'See' if the topic does not have a page reference.",
          "datatype": {
            "type": "Number",
            "value": 1399800172
          }
        },
        {
          "name": "SEE",
          "rwaccess": "readonly",
          "shortdesc": "Inserts 'See' in front of the referenced topic.",
          "datatype": {
            "type": "Number",
            "value": 1701729125
          }
        },
        {
          "name": "SEE_ALSO",
          "rwaccess": "readonly",
          "shortdesc": "Inserts 'See also' in front of the referenced topic.",
          "datatype": {
            "type": "Number",
            "value": 1399144812
          }
        },
        {
          "name": "SEE_HEREIN",
          "rwaccess": "readonly",
          "shortdesc": "Inserts 'See herein' in front of the referenced topic.",
          "datatype": {
            "type": "Number",
            "value": 1397256814
          }
        },
        {
          "name": "SEE_ALSO_HEREIN",
          "rwaccess": "readonly",
          "shortdesc": "Inserts 'See also herein' in front of the referenced topic.",
          "datatype": {
            "type": "Number",
            "value": 1398884466
          }
        },
        {
          "name": "CUSTOM_CROSS_REFERENCE",
          "rwaccess": "readonly",
          "shortdesc": "Inserts the specified string in front of the referenced topic.",
          "datatype": {
            "type": "Number",
            "value": 1131639875
          }
        },
        {
          "name": "CUSTOM_CROSS_REFERENCE_BEFORE",
          "rwaccess": "readonly",
          "shortdesc": "Inserts the specified string and the specified before cross reference separator in front of the referenced topic. If no before cross reference separator is specified, inserts a space.",
          "datatype": {
            "type": "Number",
            "value": 1131639906
          }
        },
        {
          "name": "CUSTOM_CROSS_REFERENCE_AFTER",
          "rwaccess": "readonly",
          "shortdesc": "Inserts the specified following topic separator and the specified string after the referenced topic. If no following topic separator is specified, inserts a space.",
          "datatype": {
            "type": "Number",
            "value": 1131639905
          }
        }
      ]
    }
  ]
}