{
  "name": "CrossReferenceSources",
  "dynamic": true,
  "shortdesc": "A collection of cross reference text sources.",
  "elements": [
    {
      "type": "instance",
      "method": [
        {
          "name": "add",
          "shortdesc": "Creates a new cross reference text source.",
          "parameters": [
            {
              "name": "source",
              "shortdesc": "The text or insertion point to create the source.",
              "datatype": {
                "type": "Text"
              }
            },
            {
              "name": "appliedFormat",
              "shortdesc": "Format used for cross reference source.",
              "datatype": {
                "type": "CrossReferenceFormat"
              }
            },
            {
              "name": "withProperties",
              "shortdesc": "Initial values for properties of the new CrossReferenceSource ",
              "datatype": {
                "type": "Object"
              },
              "optional": true
            }
          ],
          "datatype": {
            "type": "CrossReferenceSource"
          }
        },
        {
          "name": "count",
          "shortdesc": "Displays the number of elements in the CrossReferenceSource.",
          "datatype": {
            "type": "Number"
          }
        },
        {
          "name": "item",
          "shortdesc": "Returns the CrossReferenceSource with the specified index or name.",
          "parameters": [
            {
              "name": "index",
              "shortdesc": "The index or name. Can accept: Long Integer or String.",
              "datatype": {
                "type": "Mixed"
              }
            }
          ],
          "datatype": {
            "type": "CrossReferenceSource"
          }
        },
        {
          "name": "itemByName",
          "shortdesc": "Returns the CrossReferenceSource with the specified name.",
          "parameters": [
            {
              "name": "name",
              "shortdesc": "The name.",
              "datatype": {
                "type": "String"
              }
            }
          ],
          "datatype": {
            "type": "CrossReferenceSource"
          }
        },
        {
          "name": "itemByID",
          "shortdesc": "Returns the CrossReferenceSource with the specified ID.",
          "parameters": [
            {
              "name": "id",
              "shortdesc": "The ID.",
              "datatype": {
                "type": "Number"
              }
            }
          ],
          "datatype": {
            "type": "CrossReferenceSource"
          }
        },
        {
          "name": "itemByRange",
          "shortdesc": "Returns the CrossReferenceSources within the specified range.",
          "parameters": [
            {
              "name": "from",
              "shortdesc": "The CrossReferenceSource, index, or name at the beginning of the range. Can accept: CrossReferenceSource, Long Integer or String.",
              "datatype": {
                "type": "Mixed"
              }
            },
            {
              "name": "to",
              "shortdesc": "The CrossReferenceSource, index, or name at the end of the range. Can accept: CrossReferenceSource, Long Integer or String.",
              "datatype": {
                "type": "Mixed"
              }
            }
          ],
          "datatype": {
            "type": "CrossReferenceSource",
            "array": true
          }
        },
        {
          "name": "firstItem",
          "shortdesc": "Returns the first CrossReferenceSource in the collection.",
          "datatype": {
            "type": "CrossReferenceSource"
          }
        },
        {
          "name": "lastItem",
          "shortdesc": "Returns the last CrossReferenceSource in the collection.",
          "datatype": {
            "type": "CrossReferenceSource"
          }
        },
        {
          "name": "middleItem",
          "shortdesc": "Returns the middle CrossReferenceSource in the collection.",
          "datatype": {
            "type": "CrossReferenceSource"
          }
        },
        {
          "name": "previousItem",
          "shortdesc": "Returns the CrossReferenceSource with the index previous to the specified index.",
          "parameters": [
            {
              "name": "obj",
              "shortdesc": "The index of the CrossReferenceSource that follows the desired CrossReferenceSource.",
              "datatype": {
                "type": "CrossReferenceSource"
              }
            }
          ],
          "datatype": {
            "type": "CrossReferenceSource"
          }
        },
        {
          "name": "nextItem",
          "shortdesc": "Returns the CrossReferenceSource whose index follows the specified CrossReferenceSource in the collection.",
          "parameters": [
            {
              "name": "obj",
              "shortdesc": "The CrossReferenceSource whose index comes before the desired CrossReferenceSource.",
              "datatype": {
                "type": "CrossReferenceSource"
              }
            }
          ],
          "datatype": {
            "type": "CrossReferenceSource"
          }
        },
        {
          "name": "anyItem",
          "shortdesc": "Returns any CrossReferenceSource in the collection.",
          "datatype": {
            "type": "CrossReferenceSource"
          }
        },
        {
          "name": "everyItem",
          "shortdesc": "Returns every CrossReferenceSource in the collection.",
          "datatype": {
            "type": "CrossReferenceSource",
            "array": true
          }
        },
        {
          "name": "toSource",
          "shortdesc": "Generates a string which, if executed, will return the CrossReferenceSource.",
          "datatype": {
            "type": "String"
          }
        },
        {
          "name": "[]",
          "shortdesc": "Returns the CrossReferenceSource with the specified index.",
          "parameters": [
            {
              "name": "index",
              "shortdesc": "The index.",
              "datatype": {
                "type": "Number"
              }
            }
          ],
          "datatype": {
            "type": "CrossReferenceSource"
          }
        }
      ],
      "property": [
        {
          "name": "length",
          "rwaccess": "readonly",
          "shortdesc": "The number of objects in the collection.",
          "datatype": {
            "type": "Number"
          }
        }
      ]
    }
  ]
}