{
  "name": "CustomLayoutTypeEnum",
  "enumeration": true,
  "shortdesc": "Custom Layout Type Options.",
  "elements": [
    {
      "type": "class",
      "property": [
        {
          "name": "FLOAT_LEFT",
          "rwaccess": "readonly",
          "shortdesc": "Float Left.",
          "datatype": {
            "type": "Number",
            "value": 1181502565
          }
        },
        {
          "name": "FLOAT_RIGHT",
          "rwaccess": "readonly",
          "shortdesc": "Float Right.",
          "datatype": {
            "type": "Number",
            "value": 1181504105
          }
        },
        {
          "name": "ALIGNMENT_AND_SPACING",
          "rwaccess": "readonly",
          "shortdesc": "Alignment And Spacing.",
          "datatype": {
            "type": "Number",
            "value": 1097618288
          }
        }
      ]
    }
  ]
}