{
  "name": "DataMergeOption",
  "dynamic": true,
  "superclass": {
    "href": "#/Preference",
    "$t": "Preference"
  },
  "shortdesc": "Data merge options.",
  "elements": [
    {
      "type": "instance",
      "property": [
        {
          "name": "isValid",
          "rwaccess": "readonly",
          "shortdesc": "Returns true if the object specifier resolves to valid objects.",
          "datatype": {
            "type": "Boolean"
          }
        },
        {
          "name": "parent",
          "rwaccess": "readonly",
          "shortdesc": "The parent of the DataMergeOption (a Application or Document).",
          "datatype": {
            "type": "Mixed"
          }
        },
        {
          "name": "events",
          "rwaccess": "readonly",
          "shortdesc": "A collection of events.",
          "datatype": {
            "type": "Events"
          }
        },
        {
          "name": "eventListeners",
          "rwaccess": "readonly",
          "shortdesc": "A collection of event listeners.",
          "datatype": {
            "type": "EventListeners"
          }
        },
        {
          "name": "fittingOption",
          "shortdesc": "Instructions for fitting content in a frame.",
          "datatype": {
            "type": "Fitting"
          }
        },
        {
          "name": "centerImage",
          "shortdesc": "If true, centers the image in the frame; preserves the frame size as well as content size and proportions. Note: If the content is larger than the frame, content around the edges is obscured by the bounding box of the frame.",
          "datatype": {
            "type": "Boolean"
          }
        },
        {
          "name": "linkImages",
          "shortdesc": "If true, links images to the target document. If false, embeds images in the target document.",
          "datatype": {
            "type": "Boolean"
          }
        },
        {
          "name": "removeBlankLines",
          "shortdesc": "If true, removes blank lines caused by empty fields.",
          "datatype": {
            "type": "Boolean"
          }
        },
        {
          "name": "createNewDocument",
          "shortdesc": "If true, creates a new document when records are merged.",
          "datatype": {
            "type": "Boolean"
          }
        },
        {
          "name": "documentSize",
          "shortdesc": "The maximum number of pages per document.",
          "datatype": {
            "type": "Number"
          }
        },
        {
          "name": "properties",
          "shortdesc": "A property that allows setting of several properties at the same time.",
          "datatype": {
            "type": "Object"
          }
        }
      ],
      "method": [
        {
          "name": "toSource",
          "shortdesc": "Generates a string which, if executed, will return the DataMergeOption.",
          "datatype": {
            "type": "String"
          }
        },
        {
          "name": "getElements",
          "shortdesc": "Resolves the object specifier, creating an array of object references.",
          "datatype": {
            "type": "DataMergeOption",
            "array": true
          }
        },
        {
          "name": "toSpecifier",
          "shortdesc": "Retrieves the object specifier.",
          "datatype": {
            "type": "String"
          }
        },
        {
          "name": "addEventListener",
          "shortdesc": "Adds an event listener.",
          "parameters": [
            {
              "name": "eventType",
              "shortdesc": "The event type.",
              "datatype": {
                "type": "String"
              }
            },
            {
              "name": "handler",
              "shortdesc": "The event handler. Can accept: File or JavaScript Function.",
              "datatype": {
                "type": "Mixed"
              }
            },
            {
              "name": "captures",
              "optional": true,
              "shortdesc": "This parameter is obsolete. ",
              "datatype": {
                "type": "Boolean",
                "value": false
              }
            }
          ],
          "datatype": {
            "type": "EventListener"
          }
        },
        {
          "name": "removeEventListener",
          "shortdesc": "Removes the event listener.",
          "parameters": [
            {
              "name": "eventType",
              "shortdesc": "The registered event type.",
              "datatype": {
                "type": "String"
              }
            },
            {
              "name": "handler",
              "shortdesc": "The registered event handler. Can accept: File or JavaScript Function.",
              "datatype": {
                "type": "Mixed"
              }
            },
            {
              "name": "captures",
              "optional": true,
              "shortdesc": "This parameter is obsolete. ",
              "datatype": {
                "type": "Boolean",
                "value": false
              }
            }
          ],
          "datatype": {
            "type": "Boolean"
          }
        }
      ]
    }
  ]
}