{
  "name": "DataFormat",
  "enumeration": true,
  "shortdesc": "Format options for image data.",
  "elements": [
    {
      "type": "class",
      "property": [
        {
          "name": "ASCII",
          "rwaccess": "readonly",
          "shortdesc": "Uses ASCII format.",
          "datatype": {
            "type": "Number",
            "value": 1095975753
          }
        },
        {
          "name": "BINARY",
          "rwaccess": "readonly",
          "shortdesc": "Uses binary format.",
          "datatype": {
            "type": "Number",
            "value": 1114534521
          }
        }
      ]
    }
  ]
}