{
  "name": "DesignOptions",
  "enumeration": true,
  "shortdesc": "The animation design options.",
  "elements": [
    {
      "type": "class",
      "property": [
        {
          "name": "FROM_CURRENT_APPEARANCE",
          "rwaccess": "readonly",
          "shortdesc": "Uses the current object's properties as the starting appearance of the animation at runtime.",
          "datatype": {
            "type": "Number",
            "value": 1634551405
          }
        },
        {
          "name": "TO_CURRENT_APPEARANCE",
          "rwaccess": "readonly",
          "shortdesc": "Uses the current object's properties as the end appearance of the animation at runtime.",
          "datatype": {
            "type": "Number",
            "value": 1634554991
          }
        },
        {
          "name": "TO_CURRENT_LOCATION",
          "rwaccess": "readonly",
          "shortdesc": "Uses the current object's properties as the starting appearance, and current position as the end location of the animation at runtime.",
          "datatype": {
            "type": "Number",
            "value": 1634553702
          }
        }
      ]
    }
  ]
}