{
  "name": "DiacriticPositionOptions",
  "enumeration": true,
  "shortdesc": "Diacritic position.",
  "elements": [
    {
      "type": "class",
      "property": [
        {
          "name": "DEFAULT_POSITION",
          "rwaccess": "readonly",
          "shortdesc": "Default position",
          "datatype": {
            "type": "Number",
            "value": 1685090150
          }
        },
        {
          "name": "LOOSE_POSITION",
          "rwaccess": "readonly",
          "shortdesc": "Loose position",
          "datatype": {
            "type": "Number",
            "value": 1685089391
          }
        },
        {
          "name": "MEDIUM_POSITION",
          "rwaccess": "readonly",
          "shortdesc": "Medium position",
          "datatype": {
            "type": "Number",
            "value": 1685089637
          }
        },
        {
          "name": "TIGHT_POSITION",
          "rwaccess": "readonly",
          "shortdesc": "Tight position",
          "datatype": {
            "type": "Number",
            "value": 1685091433
          }
        },
        {
          "name": "OPENTYPE_POSITION",
          "rwaccess": "readonly",
          "shortdesc": "OpenType position",
          "datatype": {
            "type": "Number",
            "value": 1685090164
          }
        },
        {
          "name": "OPENTYPE_POSITION_FROM_BASELINE",
          "rwaccess": "readonly",
          "shortdesc": "OpenType position from baseline",
          "datatype": {
            "type": "Number",
            "value": 1685090146
          }
        }
      ]
    }
  ]
}