{
  "name": "DialogColumn",
  "dynamic": true,
  "shortdesc": "A borderless column for containing controls in a dialog.",
  "elements": [
    {
      "type": "instance",
      "property": [
        {
          "name": "id",
          "rwaccess": "readonly",
          "shortdesc": "The unique ID of the DialogColumn.",
          "datatype": {
            "type": "Number"
          }
        },
        {
          "name": "isValid",
          "rwaccess": "readonly",
          "shortdesc": "Returns true if the object specifier resolves to valid objects.",
          "datatype": {
            "type": "Boolean"
          }
        },
        {
          "name": "parent",
          "rwaccess": "readonly",
          "shortdesc": "The parent of the DialogColumn (a Dialog, DialogRow, EnablingGroup or BorderPanel).",
          "datatype": {
            "type": "Mixed"
          }
        },
        {
          "name": "index",
          "rwaccess": "readonly",
          "shortdesc": "The index of the DialogColumn within its containing object.",
          "datatype": {
            "type": "Number"
          }
        },
        {
          "name": "events",
          "rwaccess": "readonly",
          "shortdesc": "A collection of events.",
          "datatype": {
            "type": "Events"
          }
        },
        {
          "name": "eventListeners",
          "rwaccess": "readonly",
          "shortdesc": "A collection of event listeners.",
          "datatype": {
            "type": "EventListeners"
          }
        },
        {
          "name": "dialogRows",
          "rwaccess": "readonly",
          "shortdesc": "A collection of dialog rows.",
          "datatype": {
            "type": "DialogRows"
          }
        },
        {
          "name": "widgets",
          "rwaccess": "readonly",
          "shortdesc": "A collection of widgets.",
          "datatype": {
            "type": "Widgets"
          }
        },
        {
          "name": "textEditboxes",
          "rwaccess": "readonly",
          "shortdesc": "A collection of text editboxes.",
          "datatype": {
            "type": "TextEditboxes"
          }
        },
        {
          "name": "integerEditboxes",
          "rwaccess": "readonly",
          "shortdesc": "A collection of integer editboxes.",
          "datatype": {
            "type": "IntegerEditboxes"
          }
        },
        {
          "name": "measurementEditboxes",
          "rwaccess": "readonly",
          "shortdesc": "A collection of measurement editboxes.",
          "datatype": {
            "type": "MeasurementEditboxes"
          }
        },
        {
          "name": "realEditboxes",
          "rwaccess": "readonly",
          "shortdesc": "A collection of real number editboxes.",
          "datatype": {
            "type": "RealEditboxes"
          }
        },
        {
          "name": "angleEditboxes",
          "rwaccess": "readonly",
          "shortdesc": "A collection of angle editboxes.",
          "datatype": {
            "type": "AngleEditboxes"
          }
        },
        {
          "name": "percentEditboxes",
          "rwaccess": "readonly",
          "shortdesc": "A collection of percent editboxes.",
          "datatype": {
            "type": "PercentEditboxes"
          }
        },
        {
          "name": "integerComboboxes",
          "rwaccess": "readonly",
          "shortdesc": "A collection of integer comboboxes.",
          "datatype": {
            "type": "IntegerComboboxes"
          }
        },
        {
          "name": "measurementComboboxes",
          "rwaccess": "readonly",
          "shortdesc": "A collection of measurement comboboxes.",
          "datatype": {
            "type": "MeasurementComboboxes"
          }
        },
        {
          "name": "realComboboxes",
          "rwaccess": "readonly",
          "shortdesc": "A collection of real number comboboxes.",
          "datatype": {
            "type": "RealComboboxes"
          }
        },
        {
          "name": "angleComboboxes",
          "rwaccess": "readonly",
          "shortdesc": "A collection of angle comboboxes.",
          "datatype": {
            "type": "AngleComboboxes"
          }
        },
        {
          "name": "percentComboboxes",
          "rwaccess": "readonly",
          "shortdesc": "A collection of percent comboboxes.",
          "datatype": {
            "type": "PercentComboboxes"
          }
        },
        {
          "name": "checkboxControls",
          "rwaccess": "readonly",
          "shortdesc": "A collection of checkbox controls.",
          "datatype": {
            "type": "CheckboxControls"
          }
        },
        {
          "name": "staticTexts",
          "rwaccess": "readonly",
          "shortdesc": "A collection of static text objects.",
          "datatype": {
            "type": "StaticTexts"
          }
        },
        {
          "name": "dropdowns",
          "rwaccess": "readonly",
          "shortdesc": "A collection of dropdowns.",
          "datatype": {
            "type": "Dropdowns"
          }
        },
        {
          "name": "borderPanels",
          "rwaccess": "readonly",
          "shortdesc": "A collection of border panels.",
          "datatype": {
            "type": "BorderPanels"
          }
        },
        {
          "name": "enablingGroups",
          "rwaccess": "readonly",
          "shortdesc": "A collection of enabling groups.",
          "datatype": {
            "type": "EnablingGroups"
          }
        },
        {
          "name": "radiobuttonGroups",
          "rwaccess": "readonly",
          "shortdesc": "A collection of radiobutton groups.",
          "datatype": {
            "type": "RadiobuttonGroups"
          }
        },
        {
          "name": "properties",
          "shortdesc": "A property that allows setting of several properties at the same time.",
          "datatype": {
            "type": "Object"
          }
        }
      ],
      "method": [
        {
          "name": "toSource",
          "shortdesc": "Generates a string which, if executed, will return the DialogColumn.",
          "datatype": {
            "type": "String"
          }
        },
        {
          "name": "getElements",
          "shortdesc": "Resolves the object specifier, creating an array of object references.",
          "datatype": {
            "type": "DialogColumn",
            "array": true
          }
        },
        {
          "name": "toSpecifier",
          "shortdesc": "Retrieves the object specifier.",
          "datatype": {
            "type": "String"
          }
        },
        {
          "name": "addEventListener",
          "shortdesc": "Adds an event listener.",
          "parameters": [
            {
              "name": "eventType",
              "shortdesc": "The event type.",
              "datatype": {
                "type": "String"
              }
            },
            {
              "name": "handler",
              "shortdesc": "The event handler. Can accept: File or JavaScript Function.",
              "datatype": {
                "type": "Mixed"
              }
            },
            {
              "name": "captures",
              "optional": true,
              "shortdesc": "This parameter is obsolete. ",
              "datatype": {
                "type": "Boolean",
                "value": false
              }
            }
          ],
          "datatype": {
            "type": "EventListener"
          }
        },
        {
          "name": "removeEventListener",
          "shortdesc": "Removes the event listener.",
          "parameters": [
            {
              "name": "eventType",
              "shortdesc": "The registered event type.",
              "datatype": {
                "type": "String"
              }
            },
            {
              "name": "handler",
              "shortdesc": "The registered event handler. Can accept: File or JavaScript Function.",
              "datatype": {
                "type": "Mixed"
              }
            },
            {
              "name": "captures",
              "optional": true,
              "shortdesc": "This parameter is obsolete. ",
              "datatype": {
                "type": "Boolean",
                "value": false
              }
            }
          ],
          "datatype": {
            "type": "Boolean"
          }
        }
      ]
    }
  ]
}