{
  "name": "DialogColumns",
  "dynamic": true,
  "shortdesc": "A collection of dialog columns.",
  "elements": [
    {
      "type": "instance",
      "method": [
        {
          "name": "add",
          "shortdesc": "Creates a new DialogColumn.",
          "parameters": [
            {
              "name": "withProperties",
              "shortdesc": "Initial values for properties of the new DialogColumn ",
              "datatype": {
                "type": "Object"
              },
              "optional": true
            }
          ],
          "datatype": {
            "type": "DialogColumn"
          }
        },
        {
          "name": "count",
          "shortdesc": "Displays the number of elements in the DialogColumn.",
          "datatype": {
            "type": "Number"
          }
        },
        {
          "name": "item",
          "shortdesc": "Returns the DialogColumn with the specified index or name.",
          "parameters": [
            {
              "name": "index",
              "shortdesc": "The index or name. Can accept: Long Integer or String.",
              "datatype": {
                "type": "Mixed"
              }
            }
          ],
          "datatype": {
            "type": "DialogColumn"
          }
        },
        {
          "name": "itemByID",
          "shortdesc": "Returns the DialogColumn with the specified ID.",
          "parameters": [
            {
              "name": "id",
              "shortdesc": "The ID.",
              "datatype": {
                "type": "Number"
              }
            }
          ],
          "datatype": {
            "type": "DialogColumn"
          }
        },
        {
          "name": "itemByRange",
          "shortdesc": "Returns the DialogColumns within the specified range.",
          "parameters": [
            {
              "name": "from",
              "shortdesc": "The DialogColumn, index, or name at the beginning of the range. Can accept: DialogColumn, Long Integer or String.",
              "datatype": {
                "type": "Mixed"
              }
            },
            {
              "name": "to",
              "shortdesc": "The DialogColumn, index, or name at the end of the range. Can accept: DialogColumn, Long Integer or String.",
              "datatype": {
                "type": "Mixed"
              }
            }
          ],
          "datatype": {
            "type": "DialogColumn",
            "array": true
          }
        },
        {
          "name": "firstItem",
          "shortdesc": "Returns the first DialogColumn in the collection.",
          "datatype": {
            "type": "DialogColumn"
          }
        },
        {
          "name": "lastItem",
          "shortdesc": "Returns the last DialogColumn in the collection.",
          "datatype": {
            "type": "DialogColumn"
          }
        },
        {
          "name": "middleItem",
          "shortdesc": "Returns the middle DialogColumn in the collection.",
          "datatype": {
            "type": "DialogColumn"
          }
        },
        {
          "name": "previousItem",
          "shortdesc": "Returns the DialogColumn with the index previous to the specified index.",
          "parameters": [
            {
              "name": "obj",
              "shortdesc": "The index of the DialogColumn that follows the desired DialogColumn.",
              "datatype": {
                "type": "DialogColumn"
              }
            }
          ],
          "datatype": {
            "type": "DialogColumn"
          }
        },
        {
          "name": "nextItem",
          "shortdesc": "Returns the DialogColumn whose index follows the specified DialogColumn in the collection.",
          "parameters": [
            {
              "name": "obj",
              "shortdesc": "The DialogColumn whose index comes before the desired DialogColumn.",
              "datatype": {
                "type": "DialogColumn"
              }
            }
          ],
          "datatype": {
            "type": "DialogColumn"
          }
        },
        {
          "name": "anyItem",
          "shortdesc": "Returns any DialogColumn in the collection.",
          "datatype": {
            "type": "DialogColumn"
          }
        },
        {
          "name": "everyItem",
          "shortdesc": "Returns every DialogColumn in the collection.",
          "datatype": {
            "type": "DialogColumn",
            "array": true
          }
        },
        {
          "name": "toSource",
          "shortdesc": "Generates a string which, if executed, will return the DialogColumn.",
          "datatype": {
            "type": "String"
          }
        },
        {
          "name": "[]",
          "shortdesc": "Returns the DialogColumn with the specified index.",
          "parameters": [
            {
              "name": "index",
              "shortdesc": "The index.",
              "datatype": {
                "type": "Number"
              }
            }
          ],
          "datatype": {
            "type": "DialogColumn"
          }
        }
      ],
      "property": [
        {
          "name": "length",
          "rwaccess": "readonly",
          "shortdesc": "The number of objects in the collection.",
          "datatype": {
            "type": "Number"
          }
        }
      ]
    }
  ]
}