{
  "name": "DigitsTypeOptions",
  "enumeration": true,
  "shortdesc": "Digits type options.",
  "elements": [
    {
      "type": "class",
      "property": [
        {
          "name": "DEFAULT_DIGITS",
          "rwaccess": "readonly",
          "shortdesc": "Default digits",
          "datatype": {
            "type": "Number",
            "value": 1684628581
          }
        },
        {
          "name": "ARABIC_DIGITS",
          "rwaccess": "readonly",
          "shortdesc": "Arabic digits",
          "datatype": {
            "type": "Number",
            "value": 1684627826
          }
        },
        {
          "name": "HINDI_DIGITS",
          "rwaccess": "readonly",
          "shortdesc": "Hindi digits",
          "datatype": {
            "type": "Number",
            "value": 1684629609
          }
        },
        {
          "name": "FARSI_DIGITS",
          "rwaccess": "readonly",
          "shortdesc": "Farsi digits",
          "datatype": {
            "type": "Number",
            "value": 1684629089
          }
        },
        {
          "name": "NATIVE_DIGITS",
          "rwaccess": "readonly",
          "shortdesc": "native digits",
          "datatype": {
            "type": "Number",
            "value": 1684631137
          }
        },
        {
          "name": "FULL_FARSI_DIGITS",
          "rwaccess": "readonly",
          "shortdesc": "Full Farsi digits",
          "datatype": {
            "type": "Number",
            "value": 1684629094
          }
        },
        {
          "name": "THAI_DIGITS",
          "rwaccess": "readonly",
          "shortdesc": "Thai digits",
          "datatype": {
            "type": "Number",
            "value": 1684632680
          }
        },
        {
          "name": "LAO_DIGITS",
          "rwaccess": "readonly",
          "shortdesc": "Lao digits",
          "datatype": {
            "type": "Number",
            "value": 1684630625
          }
        },
        {
          "name": "DEVANAGARI_DIGITS",
          "rwaccess": "readonly",
          "shortdesc": "Devanagari digits",
          "datatype": {
            "type": "Number",
            "value": 1684628598
          }
        },
        {
          "name": "BENGALI_DIGITS",
          "rwaccess": "readonly",
          "shortdesc": "Bengali digits",
          "datatype": {
            "type": "Number",
            "value": 1684628069
          }
        },
        {
          "name": "GURMUKHI_DIGITS",
          "rwaccess": "readonly",
          "shortdesc": "Gurmukhi digits",
          "datatype": {
            "type": "Number",
            "value": 1684629357
          }
        },
        {
          "name": "GUJARATI_DIGITS",
          "rwaccess": "readonly",
          "shortdesc": "Gujarati digits",
          "datatype": {
            "type": "Number",
            "value": 1684629354
          }
        },
        {
          "name": "ORIYA_DIGITS",
          "rwaccess": "readonly",
          "shortdesc": "Oriya digits",
          "datatype": {
            "type": "Number",
            "value": 1684631410
          }
        },
        {
          "name": "TAMIL_DIGITS",
          "rwaccess": "readonly",
          "shortdesc": "Tamil digits",
          "datatype": {
            "type": "Number",
            "value": 1684632673
          }
        },
        {
          "name": "TELUGU_DIGITS",
          "rwaccess": "readonly",
          "shortdesc": "Telugu digits",
          "datatype": {
            "type": "Number",
            "value": 1684632677
          }
        },
        {
          "name": "KANNADA_DIGITS",
          "rwaccess": "readonly",
          "shortdesc": "Kannada digits",
          "datatype": {
            "type": "Number",
            "value": 1684630369
          }
        },
        {
          "name": "MALAYALAM_DIGITS",
          "rwaccess": "readonly",
          "shortdesc": "Malayalam digits",
          "datatype": {
            "type": "Number",
            "value": 1684630881
          }
        },
        {
          "name": "TIBETAN_DIGITS",
          "rwaccess": "readonly",
          "shortdesc": "Tibetan digits",
          "datatype": {
            "type": "Number",
            "value": 1684632681
          }
        },
        {
          "name": "KHMER_DIGITS",
          "rwaccess": "readonly",
          "shortdesc": "Khmer digits",
          "datatype": {
            "type": "Number",
            "value": 1684630376
          }
        },
        {
          "name": "BURMESE_DIGITS",
          "rwaccess": "readonly",
          "shortdesc": "Burmese digits",
          "datatype": {
            "type": "Number",
            "value": 1684628085
          }
        }
      ]
    }
  ]
}