{
  "name": "DigpubVersion",
  "enumeration": true,
  "shortdesc": "The versions that are available.",
  "elements": [
    {
      "type": "class",
      "property": [
        {
          "name": "ALL",
          "rwaccess": "readonly",
          "shortdesc": "plugin, folio and plist versions in that order.",
          "datatype": {
            "type": "Number",
            "value": 1634495520
          }
        },
        {
          "name": "PLUGIN",
          "rwaccess": "readonly",
          "shortdesc": "plugin version.",
          "datatype": {
            "type": "Number",
            "value": 1685090412
          }
        },
        {
          "name": "FOLIO",
          "rwaccess": "readonly",
          "shortdesc": "folio version.",
          "datatype": {
            "type": "Number",
            "value": 1685087862
          }
        },
        {
          "name": "PLIST",
          "rwaccess": "readonly",
          "shortdesc": "plist version.",
          "datatype": {
            "type": "Number",
            "value": 1685090422
          }
        }
      ]
    }
  ]
}