{
  "name": "DisplayOrderOptions",
  "enumeration": true,
  "shortdesc": "Values to specify the order table cells will display in story and galley views.",
  "elements": [
    {
      "type": "class",
      "property": [
        {
          "name": "ORDER_BY_ROWS",
          "rwaccess": "readonly",
          "shortdesc": "Order by rows.",
          "datatype": {
            "type": "Number",
            "value": 1652118103
          }
        },
        {
          "name": "ORDER_BY_COLUMNS",
          "rwaccess": "readonly",
          "shortdesc": "Order by columns.",
          "datatype": {
            "type": "Number",
            "value": 1652114254
          }
        }
      ]
    }
  ]
}