{
  "name": "DistributeOptions",
  "enumeration": true,
  "shortdesc": "Options for distributing objects.",
  "elements": [
    {
      "type": "class",
      "property": [
        {
          "name": "LEFT_EDGES",
          "rwaccess": "readonly",
          "shortdesc": "Distribute based on the left edges of the objects.",
          "datatype": {
            "type": "Number",
            "value": 1281770852
          }
        },
        {
          "name": "TOP_EDGES",
          "rwaccess": "readonly",
          "shortdesc": "Distribute based on the top edges of the objects.",
          "datatype": {
            "type": "Number",
            "value": 1416643940
          }
        },
        {
          "name": "RIGHT_EDGES",
          "rwaccess": "readonly",
          "shortdesc": "Distribute based on the right edges of the objects.",
          "datatype": {
            "type": "Number",
            "value": 1383351652
          }
        },
        {
          "name": "BOTTOM_EDGES",
          "rwaccess": "readonly",
          "shortdesc": "Distribute based on the bottom edges of the objects.",
          "datatype": {
            "type": "Number",
            "value": 1114916196
          }
        },
        {
          "name": "HORIZONTAL_CENTERS",
          "rwaccess": "readonly",
          "shortdesc": "Distribute based on the horizontal centers of the objects.",
          "datatype": {
            "type": "Number",
            "value": 1215257187
          }
        },
        {
          "name": "VERTICAL_CENTERS",
          "rwaccess": "readonly",
          "shortdesc": "Distribute based on the vertical centers of the objects.",
          "datatype": {
            "type": "Number",
            "value": 1449481315
          }
        },
        {
          "name": "HORIZONTAL_SPACE",
          "rwaccess": "readonly",
          "shortdesc": "Distribute based on the horizontal spacing of the objects.",
          "datatype": {
            "type": "Number",
            "value": 1215257203
          }
        },
        {
          "name": "VERTICAL_SPACE",
          "rwaccess": "readonly",
          "shortdesc": "Distribute based on the vertical spacing of the objects.",
          "datatype": {
            "type": "Number",
            "value": 1449489523
          }
        }
      ]
    }
  ]
}