{
  "name": "DocumentPresets",
  "dynamic": true,
  "shortdesc": "A collection of document presets.",
  "elements": [
    {
      "type": "instance",
      "method": [
        {
          "name": "add",
          "shortdesc": "Creates a new DocumentPreset.",
          "parameters": [
            {
              "name": "withProperties",
              "shortdesc": "Initial values for properties of the new DocumentPreset ",
              "datatype": {
                "type": "Object"
              },
              "optional": true
            }
          ],
          "datatype": {
            "type": "DocumentPreset"
          }
        },
        {
          "name": "count",
          "shortdesc": "Displays the number of elements in the DocumentPreset.",
          "datatype": {
            "type": "Number"
          }
        },
        {
          "name": "item",
          "shortdesc": "Returns the DocumentPreset with the specified index or name.",
          "parameters": [
            {
              "name": "index",
              "shortdesc": "The index or name. Can accept: Long Integer or String.",
              "datatype": {
                "type": "Mixed"
              }
            }
          ],
          "datatype": {
            "type": "DocumentPreset"
          }
        },
        {
          "name": "itemByName",
          "shortdesc": "Returns the DocumentPreset with the specified name.",
          "parameters": [
            {
              "name": "name",
              "shortdesc": "The name.",
              "datatype": {
                "type": "String"
              }
            }
          ],
          "datatype": {
            "type": "DocumentPreset"
          }
        },
        {
          "name": "itemByID",
          "shortdesc": "Returns the DocumentPreset with the specified ID.",
          "parameters": [
            {
              "name": "id",
              "shortdesc": "The ID.",
              "datatype": {
                "type": "Number"
              }
            }
          ],
          "datatype": {
            "type": "DocumentPreset"
          }
        },
        {
          "name": "itemByRange",
          "shortdesc": "Returns the DocumentPresets within the specified range.",
          "parameters": [
            {
              "name": "from",
              "shortdesc": "The DocumentPreset, index, or name at the beginning of the range. Can accept: DocumentPreset, Long Integer or String.",
              "datatype": {
                "type": "Mixed"
              }
            },
            {
              "name": "to",
              "shortdesc": "The DocumentPreset, index, or name at the end of the range. Can accept: DocumentPreset, Long Integer or String.",
              "datatype": {
                "type": "Mixed"
              }
            }
          ],
          "datatype": {
            "type": "DocumentPreset",
            "array": true
          }
        },
        {
          "name": "firstItem",
          "shortdesc": "Returns the first DocumentPreset in the collection.",
          "datatype": {
            "type": "DocumentPreset"
          }
        },
        {
          "name": "lastItem",
          "shortdesc": "Returns the last DocumentPreset in the collection.",
          "datatype": {
            "type": "DocumentPreset"
          }
        },
        {
          "name": "middleItem",
          "shortdesc": "Returns the middle DocumentPreset in the collection.",
          "datatype": {
            "type": "DocumentPreset"
          }
        },
        {
          "name": "previousItem",
          "shortdesc": "Returns the DocumentPreset with the index previous to the specified index.",
          "parameters": [
            {
              "name": "obj",
              "shortdesc": "The index of the DocumentPreset that follows the desired DocumentPreset.",
              "datatype": {
                "type": "DocumentPreset"
              }
            }
          ],
          "datatype": {
            "type": "DocumentPreset"
          }
        },
        {
          "name": "nextItem",
          "shortdesc": "Returns the DocumentPreset whose index follows the specified DocumentPreset in the collection.",
          "parameters": [
            {
              "name": "obj",
              "shortdesc": "The DocumentPreset whose index comes before the desired DocumentPreset.",
              "datatype": {
                "type": "DocumentPreset"
              }
            }
          ],
          "datatype": {
            "type": "DocumentPreset"
          }
        },
        {
          "name": "anyItem",
          "shortdesc": "Returns any DocumentPreset in the collection.",
          "datatype": {
            "type": "DocumentPreset"
          }
        },
        {
          "name": "everyItem",
          "shortdesc": "Returns every DocumentPreset in the collection.",
          "datatype": {
            "type": "DocumentPreset",
            "array": true
          }
        },
        {
          "name": "toSource",
          "shortdesc": "Generates a string which, if executed, will return the DocumentPreset.",
          "datatype": {
            "type": "String"
          }
        },
        {
          "name": "[]",
          "shortdesc": "Returns the DocumentPreset with the specified index.",
          "parameters": [
            {
              "name": "index",
              "shortdesc": "The index.",
              "datatype": {
                "type": "Number"
              }
            }
          ],
          "datatype": {
            "type": "DocumentPreset"
          }
        }
      ],
      "property": [
        {
          "name": "length",
          "rwaccess": "readonly",
          "shortdesc": "The number of objects in the collection.",
          "datatype": {
            "type": "Number"
          }
        }
      ]
    }
  ]
}