{
  "name": "DocumentEvent",
  "dynamic": true,
  "superclass": {
    "href": "#/Event",
    "$t": "Event"
  },
  "shortdesc": "A document event.",
  "elements": [
    {
      "type": "class",
      "property": [
        {
          "name": "BEFORE_NEW",
          "rwaccess": "readonly",
          "shortdesc": "Dispatched before a Document is created. This event bubbles. This event is cancelable.",
          "datatype": {
            "type": "String",
            "value": "beforeNew"
          }
        },
        {
          "name": "AFTER_NEW",
          "rwaccess": "readonly",
          "shortdesc": "Dispatched after a Document is created. This event bubbles. This event is not cancelable.",
          "datatype": {
            "type": "String",
            "value": "afterNew"
          }
        },
        {
          "name": "BEFORE_OPEN",
          "rwaccess": "readonly",
          "shortdesc": "Dispatched before a Document is opened. This event bubbles. This event is cancelable.",
          "datatype": {
            "type": "String",
            "value": "beforeOpen"
          }
        },
        {
          "name": "AFTER_OPEN",
          "rwaccess": "readonly",
          "shortdesc": "Dispatched after a Document is opened. This event bubbles. This event is not cancelable.",
          "datatype": {
            "type": "String",
            "value": "afterOpen"
          }
        },
        {
          "name": "BEFORE_SAVE",
          "rwaccess": "readonly",
          "shortdesc": "Dispatched before a Document is saved. This event bubbles. This event is cancelable.",
          "datatype": {
            "type": "String",
            "value": "beforeSave"
          }
        },
        {
          "name": "AFTER_SAVE",
          "rwaccess": "readonly",
          "shortdesc": "Dispatched after a Document is saved. This event bubbles. This event is not cancelable.",
          "datatype": {
            "type": "String",
            "value": "afterSave"
          }
        },
        {
          "name": "BEFORE_SAVE_AS",
          "rwaccess": "readonly",
          "shortdesc": "Dispatched before a Document is saved under a new name. This event bubbles. This event is cancelable.",
          "datatype": {
            "type": "String",
            "value": "beforeSaveAs"
          }
        },
        {
          "name": "AFTER_SAVE_AS",
          "rwaccess": "readonly",
          "shortdesc": "Dispatched after a Document is saved under a new name. This event bubbles. This event is not cancelable.",
          "datatype": {
            "type": "String",
            "value": "afterSaveAs"
          }
        },
        {
          "name": "BEFORE_SAVE_A_COPY",
          "rwaccess": "readonly",
          "shortdesc": "Dispatched before a copy of a Document is saved. This event bubbles. This event is cancelable.",
          "datatype": {
            "type": "String",
            "value": "beforeSaveACopy"
          }
        },
        {
          "name": "AFTER_SAVE_A_COPY",
          "rwaccess": "readonly",
          "shortdesc": "Dispatched after a copy of a Document is saved. This event bubbles. This event is not cancelable.",
          "datatype": {
            "type": "String",
            "value": "afterSaveACopy"
          }
        },
        {
          "name": "BEFORE_REVERT",
          "rwaccess": "readonly",
          "shortdesc": "Dispatched before a Document is reverted. This event bubbles. This event is cancelable.",
          "datatype": {
            "type": "String",
            "value": "beforeRevert"
          }
        },
        {
          "name": "AFTER_REVERT",
          "rwaccess": "readonly",
          "shortdesc": "Dispatched after a Document is reverted. This event bubbles. This event is not cancelable.",
          "datatype": {
            "type": "String",
            "value": "afterRevert"
          }
        },
        {
          "name": "BEFORE_CLOSE",
          "rwaccess": "readonly",
          "shortdesc": "Dispatched before a Document is closed. This event bubbles. This event is not cancelable.",
          "datatype": {
            "type": "String",
            "value": "beforeClose"
          }
        },
        {
          "name": "AFTER_CLOSE",
          "rwaccess": "readonly",
          "shortdesc": "Dispatched after a Document is closed. This event bubbles. This event is not cancelable.",
          "datatype": {
            "type": "String",
            "value": "afterClose"
          }
        }
      ]
    },
    {
      "type": "instance",
      "property": [
        {
          "name": "fullName",
          "rwaccess": "readonly",
          "shortdesc": "The full path to the DocumentEvent, including the name of the DocumentEvent.",
          "datatype": {
            "type": "File"
          }
        },
        {
          "name": "eventType",
          "rwaccess": "readonly",
          "shortdesc": "The name of the event.",
          "datatype": {
            "type": "String"
          }
        },
        {
          "name": "target",
          "rwaccess": "readonly",
          "shortdesc": "The target of the event.",
          "datatype": {
            "type": "Object"
          }
        },
        {
          "name": "currentTarget",
          "rwaccess": "readonly",
          "shortdesc": "The current propagation target of the event.",
          "datatype": {
            "type": "Object"
          }
        },
        {
          "name": "eventPhase",
          "rwaccess": "readonly",
          "shortdesc": "The current propagation phase of the event.",
          "datatype": {
            "type": "EventPhases"
          }
        },
        {
          "name": "bubbles",
          "rwaccess": "readonly",
          "shortdesc": "If true, the event supports the bubbling phase of propagation.",
          "datatype": {
            "type": "Boolean"
          }
        },
        {
          "name": "cancelable",
          "rwaccess": "readonly",
          "shortdesc": "If true, the default behavior of the event on its target can be canceled.",
          "datatype": {
            "type": "Boolean"
          }
        },
        {
          "name": "timeStamp",
          "rwaccess": "readonly",
          "shortdesc": "The time the event was initialized.",
          "datatype": {
            "type": "Date"
          }
        },
        {
          "name": "propagationStopped",
          "rwaccess": "readonly",
          "shortdesc": "If true, propagation of the event beyond the current target has been stopped.",
          "datatype": {
            "type": "Boolean"
          }
        },
        {
          "name": "defaultPrevented",
          "rwaccess": "readonly",
          "shortdesc": "If true, the default behavior of the event on its target has been canceled.",
          "datatype": {
            "type": "Boolean"
          }
        },
        {
          "name": "id",
          "rwaccess": "readonly",
          "shortdesc": "The unique ID of the DocumentEvent.",
          "datatype": {
            "type": "Number"
          }
        },
        {
          "name": "isValid",
          "rwaccess": "readonly",
          "shortdesc": "Returns true if the object specifier resolves to valid objects.",
          "datatype": {
            "type": "Boolean"
          }
        },
        {
          "name": "parent",
          "rwaccess": "readonly",
          "shortdesc": "The parent of the DocumentEvent (a Application or Document).",
          "datatype": {
            "type": "Mixed"
          }
        },
        {
          "name": "index",
          "rwaccess": "readonly",
          "shortdesc": "The index of the DocumentEvent within its containing object.",
          "datatype": {
            "type": "Number"
          }
        },
        {
          "name": "userInteractionLevel",
          "shortdesc": "Controls the display of dialogs and alerts during script processing.",
          "datatype": {
            "type": "UserInteractionLevels"
          }
        },
        {
          "name": "properties",
          "shortdesc": "A property that allows setting of several properties at the same time.",
          "datatype": {
            "type": "Object"
          }
        }
      ],
      "method": [
        {
          "name": "stopPropagation",
          "shortdesc": "Stops propagation of the event beyond the current target."
        },
        {
          "name": "preventDefault",
          "shortdesc": "Cancels the default behavior of the event on its target."
        },
        {
          "name": "toSource",
          "shortdesc": "Generates a string which, if executed, will return the DocumentEvent.",
          "datatype": {
            "type": "String"
          }
        },
        {
          "name": "getElements",
          "shortdesc": "Resolves the object specifier, creating an array of object references.",
          "datatype": {
            "type": "DocumentEvent",
            "array": true
          }
        },
        {
          "name": "toSpecifier",
          "shortdesc": "Retrieves the object specifier.",
          "datatype": {
            "type": "String"
          }
        }
      ]
    }
  ]
}