{
  "name": "DottedStrokeStyles",
  "dynamic": true,
  "shortdesc": "A collection of dotted stroke styles.",
  "elements": [
    {
      "type": "instance",
      "method": [
        {
          "name": "add",
          "shortdesc": "Creates a new DottedStrokeStyle.",
          "parameters": [
            {
              "name": "withProperties",
              "shortdesc": "Initial values for properties of the new DottedStrokeStyle ",
              "datatype": {
                "type": "Object"
              },
              "optional": true
            }
          ],
          "datatype": {
            "type": "DottedStrokeStyle"
          }
        },
        {
          "name": "count",
          "shortdesc": "Displays the number of elements in the DottedStrokeStyle.",
          "datatype": {
            "type": "Number"
          }
        },
        {
          "name": "item",
          "shortdesc": "Returns the DottedStrokeStyle with the specified index or name.",
          "parameters": [
            {
              "name": "index",
              "shortdesc": "The index or name. Can accept: Long Integer or String.",
              "datatype": {
                "type": "Mixed"
              }
            }
          ],
          "datatype": {
            "type": "DottedStrokeStyle"
          }
        },
        {
          "name": "itemByName",
          "shortdesc": "Returns the DottedStrokeStyle with the specified name.",
          "parameters": [
            {
              "name": "name",
              "shortdesc": "The name.",
              "datatype": {
                "type": "String"
              }
            }
          ],
          "datatype": {
            "type": "DottedStrokeStyle"
          }
        },
        {
          "name": "itemByID",
          "shortdesc": "Returns the DottedStrokeStyle with the specified ID.",
          "parameters": [
            {
              "name": "id",
              "shortdesc": "The ID.",
              "datatype": {
                "type": "Number"
              }
            }
          ],
          "datatype": {
            "type": "DottedStrokeStyle"
          }
        },
        {
          "name": "itemByRange",
          "shortdesc": "Returns the DottedStrokeStyles within the specified range.",
          "parameters": [
            {
              "name": "from",
              "shortdesc": "The DottedStrokeStyle, index, or name at the beginning of the range. Can accept: DottedStrokeStyle, Long Integer or String.",
              "datatype": {
                "type": "Mixed"
              }
            },
            {
              "name": "to",
              "shortdesc": "The DottedStrokeStyle, index, or name at the end of the range. Can accept: DottedStrokeStyle, Long Integer or String.",
              "datatype": {
                "type": "Mixed"
              }
            }
          ],
          "datatype": {
            "type": "DottedStrokeStyle",
            "array": true
          }
        },
        {
          "name": "firstItem",
          "shortdesc": "Returns the first DottedStrokeStyle in the collection.",
          "datatype": {
            "type": "DottedStrokeStyle"
          }
        },
        {
          "name": "lastItem",
          "shortdesc": "Returns the last DottedStrokeStyle in the collection.",
          "datatype": {
            "type": "DottedStrokeStyle"
          }
        },
        {
          "name": "middleItem",
          "shortdesc": "Returns the middle DottedStrokeStyle in the collection.",
          "datatype": {
            "type": "DottedStrokeStyle"
          }
        },
        {
          "name": "previousItem",
          "shortdesc": "Returns the DottedStrokeStyle with the index previous to the specified index.",
          "parameters": [
            {
              "name": "obj",
              "shortdesc": "The index of the DottedStrokeStyle that follows the desired DottedStrokeStyle.",
              "datatype": {
                "type": "DottedStrokeStyle"
              }
            }
          ],
          "datatype": {
            "type": "DottedStrokeStyle"
          }
        },
        {
          "name": "nextItem",
          "shortdesc": "Returns the DottedStrokeStyle whose index follows the specified DottedStrokeStyle in the collection.",
          "parameters": [
            {
              "name": "obj",
              "shortdesc": "The DottedStrokeStyle whose index comes before the desired DottedStrokeStyle.",
              "datatype": {
                "type": "DottedStrokeStyle"
              }
            }
          ],
          "datatype": {
            "type": "DottedStrokeStyle"
          }
        },
        {
          "name": "anyItem",
          "shortdesc": "Returns any DottedStrokeStyle in the collection.",
          "datatype": {
            "type": "DottedStrokeStyle"
          }
        },
        {
          "name": "everyItem",
          "shortdesc": "Returns every DottedStrokeStyle in the collection.",
          "datatype": {
            "type": "DottedStrokeStyle",
            "array": true
          }
        },
        {
          "name": "toSource",
          "shortdesc": "Generates a string which, if executed, will return the DottedStrokeStyle.",
          "datatype": {
            "type": "String"
          }
        },
        {
          "name": "[]",
          "shortdesc": "Returns the DottedStrokeStyle with the specified index.",
          "parameters": [
            {
              "name": "index",
              "shortdesc": "The index.",
              "datatype": {
                "type": "Number"
              }
            }
          ],
          "datatype": {
            "type": "DottedStrokeStyle"
          }
        }
      ],
      "property": [
        {
          "name": "length",
          "rwaccess": "readonly",
          "shortdesc": "The number of objects in the collection.",
          "datatype": {
            "type": "Number"
          }
        }
      ]
    }
  ]
}