{
  "name": "Dropdowns",
  "dynamic": true,
  "shortdesc": "A collection of dropdowns.",
  "elements": [
    {
      "type": "instance",
      "method": [
        {
          "name": "add",
          "shortdesc": "Creates a new Dropdown.",
          "parameters": [
            {
              "name": "withProperties",
              "shortdesc": "Initial values for properties of the new Dropdown ",
              "datatype": {
                "type": "Object"
              },
              "optional": true
            }
          ],
          "datatype": {
            "type": "Dropdown"
          }
        },
        {
          "name": "count",
          "shortdesc": "Displays the number of elements in the Dropdown.",
          "datatype": {
            "type": "Number"
          }
        },
        {
          "name": "item",
          "shortdesc": "Returns the Dropdown with the specified index or name.",
          "parameters": [
            {
              "name": "index",
              "shortdesc": "The index or name. Can accept: Long Integer or String.",
              "datatype": {
                "type": "Mixed"
              }
            }
          ],
          "datatype": {
            "type": "Dropdown"
          }
        },
        {
          "name": "itemByID",
          "shortdesc": "Returns the Dropdown with the specified ID.",
          "parameters": [
            {
              "name": "id",
              "shortdesc": "The ID.",
              "datatype": {
                "type": "Number"
              }
            }
          ],
          "datatype": {
            "type": "Dropdown"
          }
        },
        {
          "name": "itemByRange",
          "shortdesc": "Returns the Dropdowns within the specified range.",
          "parameters": [
            {
              "name": "from",
              "shortdesc": "The Dropdown, index, or name at the beginning of the range. Can accept: Dropdown, Long Integer or String.",
              "datatype": {
                "type": "Mixed"
              }
            },
            {
              "name": "to",
              "shortdesc": "The Dropdown, index, or name at the end of the range. Can accept: Dropdown, Long Integer or String.",
              "datatype": {
                "type": "Mixed"
              }
            }
          ],
          "datatype": {
            "type": "Dropdown",
            "array": true
          }
        },
        {
          "name": "firstItem",
          "shortdesc": "Returns the first Dropdown in the collection.",
          "datatype": {
            "type": "Dropdown"
          }
        },
        {
          "name": "lastItem",
          "shortdesc": "Returns the last Dropdown in the collection.",
          "datatype": {
            "type": "Dropdown"
          }
        },
        {
          "name": "middleItem",
          "shortdesc": "Returns the middle Dropdown in the collection.",
          "datatype": {
            "type": "Dropdown"
          }
        },
        {
          "name": "previousItem",
          "shortdesc": "Returns the Dropdown with the index previous to the specified index.",
          "parameters": [
            {
              "name": "obj",
              "shortdesc": "The index of the Dropdown that follows the desired Dropdown.",
              "datatype": {
                "type": "Dropdown"
              }
            }
          ],
          "datatype": {
            "type": "Dropdown"
          }
        },
        {
          "name": "nextItem",
          "shortdesc": "Returns the Dropdown whose index follows the specified Dropdown in the collection.",
          "parameters": [
            {
              "name": "obj",
              "shortdesc": "The Dropdown whose index comes before the desired Dropdown.",
              "datatype": {
                "type": "Dropdown"
              }
            }
          ],
          "datatype": {
            "type": "Dropdown"
          }
        },
        {
          "name": "anyItem",
          "shortdesc": "Returns any Dropdown in the collection.",
          "datatype": {
            "type": "Dropdown"
          }
        },
        {
          "name": "everyItem",
          "shortdesc": "Returns every Dropdown in the collection.",
          "datatype": {
            "type": "Dropdown",
            "array": true
          }
        },
        {
          "name": "toSource",
          "shortdesc": "Generates a string which, if executed, will return the Dropdown.",
          "datatype": {
            "type": "String"
          }
        },
        {
          "name": "[]",
          "shortdesc": "Returns the Dropdown with the specified index.",
          "parameters": [
            {
              "name": "index",
              "shortdesc": "The index.",
              "datatype": {
                "type": "Number"
              }
            }
          ],
          "datatype": {
            "type": "Dropdown"
          }
        }
      ],
      "property": [
        {
          "name": "length",
          "rwaccess": "readonly",
          "shortdesc": "The number of objects in the collection.",
          "datatype": {
            "type": "Number"
          }
        }
      ]
    }
  ]
}