{
  "name": "AlignOptions",
  "enumeration": true,
  "shortdesc": "Options for aligning objects.",
  "elements": [
    {
      "type": "class",
      "property": [
        {
          "name": "LEFT_EDGES",
          "rwaccess": "readonly",
          "shortdesc": "Align the left edges of the objects.",
          "datatype": {
            "type": "number",
            "value": 1281770852
          }
        },
        {
          "name": "TOP_EDGES",
          "rwaccess": "readonly",
          "shortdesc": "Align the top edges of the objects.",
          "datatype": {
            "type": "number",
            "value": 1416643940
          }
        },
        {
          "name": "RIGHT_EDGES",
          "rwaccess": "readonly",
          "shortdesc": "Align the right edges of the objects.",
          "datatype": {
            "type": "number",
            "value": 1383351652
          }
        },
        {
          "name": "BOTTOM_EDGES",
          "rwaccess": "readonly",
          "shortdesc": "Align the bottom edges of the objects.",
          "datatype": {
            "type": "number",
            "value": 1114916196
          }
        },
        {
          "name": "HORIZONTAL_CENTERS",
          "rwaccess": "readonly",
          "shortdesc": "Align the horizontal centers of the objects.",
          "datatype": {
            "type": "number",
            "value": 1215257187
          }
        },
        {
          "name": "VERTICAL_CENTERS",
          "rwaccess": "readonly",
          "shortdesc": "Align the vertical centers of the objects.",
          "datatype": {
            "type": "number",
            "value": 1449481315
          }
        }
      ]
    }
  ]
}