{
  "name": "AlignmentStyleOptions",
  "enumeration": true,
  "shortdesc": "Alignment options.",
  "elements": [
    {
      "type": "class",
      "property": [
        {
          "name": "SPREADSHEET",
          "rwaccess": "readonly",
          "shortdesc": "Preserves the spreadsheet&apos;s alignment.",
          "datatype": {
            "type": "number",
            "value": 1936749171
          }
        },
        {
          "name": "LEFT_ALIGN",
          "rwaccess": "readonly",
          "shortdesc": "Left aligns cells.",
          "datatype": {
            "type": "number",
            "value": 1818584692
          }
        },
        {
          "name": "RIGHT_ALIGN",
          "rwaccess": "readonly",
          "shortdesc": "Right aligns cells.",
          "datatype": {
            "type": "number",
            "value": 1919379572
          }
        },
        {
          "name": "CENTER_ALIGN",
          "rwaccess": "readonly",
          "shortdesc": "Center aligns cells.",
          "datatype": {
            "type": "number",
            "value": 1667591796
          }
        }
      ]
    }
  ]
}