{
  "name": "AnchoredObjectSetting",
  "dynamic": true,
  "superclass": {
    "href": "#/Preference",
    "$t": "Preference"
  },
  "shortdesc": "The settings for an anchored object.",
  "elements": [
    {
      "type": "instance",
      "property": [
        {
          "name": "isValid",
          "rwaccess": "readonly",
          "shortdesc": "Returns true if the object specifier resolves to valid objects.",
          "datatype": {
            "type": "bool"
          }
        },
        {
          "name": "parent",
          "rwaccess": "readonly",
          "shortdesc": "The parent of the AnchoredObjectSetting &amp;&#35;40;a Application, Document, EPSText, SplineItem, Polygon, GraphicLine, Rectangle, Oval, Group, TextFrame, Button, FormField, SignatureField, TextBox, RadioButton, ListBox, ComboBox, CheckBox, MultiStateObject or ObjectStyle&#41;.",
          "datatype": {
            "type": "mixed"
          }
        },
        {
          "name": "events",
          "rwaccess": "readonly",
          "shortdesc": "A collection of events.",
          "datatype": {
            "type": "Events"
          }
        },
        {
          "name": "eventListeners",
          "rwaccess": "readonly",
          "shortdesc": "A collection of event listeners.",
          "datatype": {
            "type": "EventListeners"
          }
        },
        {
          "name": "anchoredPosition",
          "shortdesc": "The position of the anchored object relative to the anchor.",
          "datatype": {
            "type": "AnchorPosition"
          }
        },
        {
          "name": "spineRelative",
          "shortdesc": "If true, the position of the anchored object is relative to the binding spine of the page or spread.",
          "datatype": {
            "type": "bool"
          }
        },
        {
          "name": "lockPosition",
          "shortdesc": "If true, prevents manual positioning of the anchored object.",
          "datatype": {
            "type": "bool"
          }
        },
        {
          "name": "pinPosition",
          "shortdesc": "If true, pins the position of the anchored object within the text frame top and bottom.",
          "datatype": {
            "type": "bool"
          }
        },
        {
          "name": "anchorPoint",
          "shortdesc": "The point in the anchored object to position.",
          "datatype": {
            "type": "AnchorPoint"
          }
        },
        {
          "name": "horizontalAlignment",
          "shortdesc": "When anchored position is above line, the position of the anchored object is relative to the text area. When anchored position is custom, the horizontal alignment of the anchored object is set by the horizontal reference point. Note: Not valid when anchored position is inline.",
          "datatype": {
            "type": "HorizontalAlignment"
          }
        },
        {
          "name": "horizontalReferencePoint",
          "shortdesc": "The horizontal reference point on the page. Valid only when anchored position is custom.",
          "datatype": {
            "type": "AnchoredRelativeTo"
          }
        },
        {
          "name": "verticalAlignment",
          "shortdesc": "The vertical alignment of the anchored object reference point with the vertical reference point on the page. Notes: Valid only when anchored position is custom.",
          "datatype": {
            "type": "VerticalAlignment"
          }
        },
        {
          "name": "verticalReferencePoint",
          "shortdesc": "The vertical reference point on the page. Valid when anchored position is custom.",
          "datatype": {
            "type": "VerticallyRelativeTo"
          }
        },
        {
          "name": "anchorXoffset",
          "shortdesc": "The horizontal &amp;&#35;40;x&#41; offset of the anchored object.",
          "datatype": {
            "type": "Measurement Unit &amp;&#35;40;Number or String&#41;=any"
          }
        },
        {
          "name": "anchorYoffset",
          "shortdesc": "The vertical &amp;&#35;40;y&#41; offset of the anchored object. Corresponds to the space after property for above line positioning.",
          "datatype": {
            "type": "Measurement Unit &amp;&#35;40;Number or String&#41;=any"
          }
        },
        {
          "name": "anchorSpaceAbove",
          "shortdesc": "The space above an above-line anchored object.",
          "datatype": {
            "type": "Measurement Unit &amp;&#35;40;Number or String&#41;=any"
          }
        },
        {
          "name": "properties",
          "shortdesc": "A property that allows setting of several properties at the same time.",
          "datatype": {
            "type": "Object"
          }
        }
      ],
      "method": [
        {
          "name": "insertAnchoredObject",
          "shortdesc": "Inserts the anchored object into specified story.",
          "parameters": {
            "parameter": [
              {
                "name": "storyOffset",
                "shortdesc": "The location within the story, specified as an insertion point.",
                "datatype": {
                  "type": "InsertionPoint"
                }
              },
              {
                "name": "anchoredPosition",
                "shortdesc": "The position of the anchored object relative to the anchor. &amp;&#35;40;Optional&#41;",
                "datatype": {
                  "type": "AnchorPosition"
                }
              }
            ]
          }
        },
        {
          "name": "releaseAnchoredObject",
          "shortdesc": "Releases the anchored object from its associated text."
        },
        {
          "name": "toSource",
          "shortdesc": "Generates a string which, if executed, will return the AnchoredObjectSetting.",
          "datatype": {
            "type": "string"
          }
        },
        {
          "name": "getElements",
          "shortdesc": "Resolves the object specifier, creating an array of object references.",
          "datatype": {
            "type": "AnchoredObjectSetting",
            "array": {}
          }
        },
        {
          "name": "toSpecifier",
          "shortdesc": "Retrieves the object specifier.",
          "datatype": {
            "type": "string"
          }
        },
        {
          "name": "addEventListener",
          "shortdesc": "Adds an event listener.",
          "parameters": {
            "parameter": [
              {
                "name": "eventType",
                "shortdesc": "The event type.",
                "datatype": {
                  "type": "string"
                }
              },
              {
                "name": "handler",
                "shortdesc": "The event handler. Can accept: File or JavaScript Function.",
                "datatype": {
                  "type": "mixed"
                }
              },
              {
                "name": "captures",
                "optional": true,
                "shortdesc": "This parameter is obsolete. &amp;&#35;40;Optional&#41;",
                "datatype": {
                  "type": "bool",
                  "value": false
                }
              }
            ]
          },
          "datatype": {
            "type": "EventListener"
          }
        },
        {
          "name": "removeEventListener",
          "shortdesc": "Removes the event listener.",
          "parameters": {
            "parameter": [
              {
                "name": "eventType",
                "shortdesc": "The registered event type.",
                "datatype": {
                  "type": "string"
                }
              },
              {
                "name": "handler",
                "shortdesc": "The registered event handler. Can accept: File or JavaScript Function.",
                "datatype": {
                  "type": "mixed"
                }
              },
              {
                "name": "captures",
                "optional": true,
                "shortdesc": "This parameter is obsolete. &amp;&#35;40;Optional&#41;",
                "datatype": {
                  "type": "bool",
                  "value": false
                }
              }
            ]
          },
          "datatype": {
            "type": "bool"
          }
        }
      ]
    }
  ]
}