{
  "name": "AnchorPoint",
  "enumeration": true,
  "shortdesc": "The reference point on the object&apos;s bounding box that does not move during transformation operations. Note: Transformations include rotation, scaling, flipping, and shearing.",
  "elements": [
    {
      "type": "class",
      "property": [
        {
          "name": "TOP_LEFT_ANCHOR",
          "rwaccess": "readonly",
          "shortdesc": "The top left corner.",
          "datatype": {
            "type": "Number",
            "value": 1095660652
          }
        },
        {
          "name": "TOP_CENTER_ANCHOR",
          "rwaccess": "readonly",
          "shortdesc": "The center point on the top of the bounding box.",
          "datatype": {
            "type": "Number",
            "value": 1095660643
          }
        },
        {
          "name": "TOP_RIGHT_ANCHOR",
          "rwaccess": "readonly",
          "shortdesc": "The top right corner.",
          "datatype": {
            "type": "Number",
            "value": 1095660658
          }
        },
        {
          "name": "LEFT_CENTER_ANCHOR",
          "rwaccess": "readonly",
          "shortdesc": "The center point on the left side of the bounding box.",
          "datatype": {
            "type": "Number",
            "value": 1095658595
          }
        },
        {
          "name": "CENTER_ANCHOR",
          "rwaccess": "readonly",
          "shortdesc": "The center point in the bounding box.",
          "datatype": {
            "type": "Number",
            "value": 1095656308
          }
        },
        {
          "name": "RIGHT_CENTER_ANCHOR",
          "rwaccess": "readonly",
          "shortdesc": "The center point on the right side of the bounding box.",
          "datatype": {
            "type": "Number",
            "value": 1095660131
          }
        },
        {
          "name": "BOTTOM_LEFT_ANCHOR",
          "rwaccess": "readonly",
          "shortdesc": "The bottom left corner.",
          "datatype": {
            "type": "Number",
            "value": 1095656044
          }
        },
        {
          "name": "BOTTOM_CENTER_ANCHOR",
          "rwaccess": "readonly",
          "shortdesc": "The center point on the bottom of the bounding box.",
          "datatype": {
            "type": "Number",
            "value": 1095656035
          }
        },
        {
          "name": "BOTTOM_RIGHT_ANCHOR",
          "rwaccess": "readonly",
          "shortdesc": "The bottom right corner.",
          "datatype": {
            "type": "Number",
            "value": 1095656050
          }
        }
      ]
    }
  ]
}