{
  "name": "AnchorPosition",
  "enumeration": true,
  "shortdesc": "Options for specifying the position of the anchored object relative to the its anchor.",
  "elements": [
    {
      "type": "class",
      "property": [
        {
          "name": "INLINE_POSITION",
          "rwaccess": "readonly",
          "shortdesc": "Align the anchored object with the baseline of the line that contains the object.",
          "datatype": {
            "type": "number",
            "value": 1095716969
          }
        },
        {
          "name": "ABOVE_LINE",
          "rwaccess": "readonly",
          "shortdesc": "Place the anchored object above the line of text that contains the object.",
          "datatype": {
            "type": "number",
            "value": 1095716961
          }
        },
        {
          "name": "ANCHORED",
          "rwaccess": "readonly",
          "shortdesc": "Custom anchor position.",
          "datatype": {
            "type": "number",
            "value": 1097814113
          }
        }
      ]
    }
  ]
}