{
  "name": "AngleEditboxes",
  "dynamic": true,
  "shortdesc": "A collection of angle editboxes.",
  "elements": [
    {
      "type": "instance",
      "method": [
        {
          "name": "add",
          "shortdesc": "Creates a new AngleEditbox.",
          "parameters": {
            "parameter": [
              {
                "name": "withProperties",
                "shortdesc": "Initial values for properties of the new AngleEditbox &amp;&#35;40;Optional&#41;",
                "datatype": {
                  "type": "Object"
                }
              }
            ]
          },
          "datatype": {
            "type": "AngleEditbox"
          }
        },
        {
          "name": "count",
          "shortdesc": "Displays the number of elements in the AngleEditbox.",
          "datatype": {
            "type": "number"
          }
        },
        {
          "name": "item",
          "shortdesc": "Returns the AngleEditbox with the specified index or name.",
          "parameters": {
            "parameter": [
              {
                "name": "index",
                "shortdesc": "The index or name. Can accept: Long Integer or String.",
                "datatype": {
                  "type": "mixed"
                }
              }
            ]
          },
          "datatype": {
            "type": "AngleEditbox"
          }
        },
        {
          "name": "itemByID",
          "shortdesc": "Returns the AngleEditbox with the specified ID.",
          "parameters": {
            "parameter": [
              {
                "name": "id",
                "shortdesc": "The ID.",
                "datatype": {
                  "type": "number"
                }
              }
            ]
          },
          "datatype": {
            "type": "AngleEditbox"
          }
        },
        {
          "name": "itemByRange",
          "shortdesc": "Returns the AngleEditboxes within the specified range.",
          "parameters": {
            "parameter": [
              {
                "name": "from",
                "shortdesc": "The AngleEditbox, index, or name at the beginning of the range. Can accept: AngleEditbox, Long Integer or String.",
                "datatype": {
                  "type": "mixed"
                }
              },
              {
                "name": "to",
                "shortdesc": "The AngleEditbox, index, or name at the end of the range. Can accept: AngleEditbox, Long Integer or String.",
                "datatype": {
                  "type": "mixed"
                }
              }
            ]
          },
          "datatype": {
            "type": "AngleEditbox",
            "array": {}
          }
        },
        {
          "name": "firstItem",
          "shortdesc": "Returns the first AngleEditbox in the collection.",
          "datatype": {
            "type": "AngleEditbox"
          }
        },
        {
          "name": "lastItem",
          "shortdesc": "Returns the last AngleEditbox in the collection.",
          "datatype": {
            "type": "AngleEditbox"
          }
        },
        {
          "name": "middleItem",
          "shortdesc": "Returns the middle AngleEditbox in the collection.",
          "datatype": {
            "type": "AngleEditbox"
          }
        },
        {
          "name": "previousItem",
          "shortdesc": "Returns the AngleEditbox with the index previous to the specified index.",
          "parameters": {
            "parameter": [
              {
                "name": "obj",
                "shortdesc": "The index of the AngleEditbox that follows the desired AngleEditbox.",
                "datatype": {
                  "type": "AngleEditbox"
                }
              }
            ]
          },
          "datatype": {
            "type": "AngleEditbox"
          }
        },
        {
          "name": "nextItem",
          "shortdesc": "Returns the AngleEditbox whose index follows the specified AngleEditbox in the collection.",
          "parameters": {
            "parameter": [
              {
                "name": "obj",
                "shortdesc": "The AngleEditbox whose index comes before the desired AngleEditbox.",
                "datatype": {
                  "type": "AngleEditbox"
                }
              }
            ]
          },
          "datatype": {
            "type": "AngleEditbox"
          }
        },
        {
          "name": "anyItem",
          "shortdesc": "Returns any AngleEditbox in the collection.",
          "datatype": {
            "type": "AngleEditbox"
          }
        },
        {
          "name": "everyItem",
          "shortdesc": "Returns every AngleEditbox in the collection.",
          "datatype": {
            "type": "AngleEditbox",
            "array": {}
          }
        },
        {
          "name": "toSource",
          "shortdesc": "Generates a string which, if executed, will return the AngleEditbox.",
          "datatype": {
            "type": "string"
          }
        },
        {
          "name": "[]",
          "shortdesc": "Returns the AngleEditbox with the specified index.",
          "parameters": {
            "parameter": [
              {
                "name": "index",
                "shortdesc": "The index.",
                "datatype": {
                  "type": "number"
                }
              }
            ]
          },
          "datatype": {
            "type": "AngleEditbox"
          }
        }
      ],
      "property": [
        {
          "name": "length",
          "rwaccess": "readonly",
          "shortdesc": "The number of objects in the collection.",
          "datatype": {
            "type": "number"
          }
        }
      ]
    }
  ]
}