{
  "name": "AngleComboboxes",
  "dynamic": true,
  "shortdesc": "A collection of angle comboboxes.",
  "elements": [
    {
      "type": "instance",
      "method": [
        {
          "name": "add",
          "shortdesc": "Creates a new AngleCombobox.",
          "parameters": [
            {
              "name": "withProperties",
              "shortdesc": "Initial values for properties of the new AngleCombobox &#40;Optional)",
              "datatype": {
                "type": "Object"
              }
            }
          ],
          "datatype": {
            "type": "AngleCombobox"
          }
        },
        {
          "name": "count",
          "shortdesc": "Displays the number of elements in the AngleCombobox.",
          "datatype": {
            "type": "Number"
          }
        },
        {
          "name": "item",
          "shortdesc": "Returns the AngleCombobox with the specified index or name.",
          "parameters": [
            {
              "name": "index",
              "shortdesc": "The index or name. Can accept: Long Integer or String.",
              "datatype": {
                "type": "Mixed"
              }
            }
          ],
          "datatype": {
            "type": "AngleCombobox"
          }
        },
        {
          "name": "itemByID",
          "shortdesc": "Returns the AngleCombobox with the specified ID.",
          "parameters": [
            {
              "name": "id",
              "shortdesc": "The ID.",
              "datatype": {
                "type": "Number"
              }
            }
          ],
          "datatype": {
            "type": "AngleCombobox"
          }
        },
        {
          "name": "itemByRange",
          "shortdesc": "Returns the AngleComboboxes within the specified range.",
          "parameters": [
            {
              "name": "from",
              "shortdesc": "The AngleCombobox, index, or name at the beginning of the range. Can accept: AngleCombobox, Long Integer or String.",
              "datatype": {
                "type": "Mixed"
              }
            },
            {
              "name": "to",
              "shortdesc": "The AngleCombobox, index, or name at the end of the range. Can accept: AngleCombobox, Long Integer or String.",
              "datatype": {
                "type": "Mixed"
              }
            }
          ],
          "datatype": {
            "type": "AngleCombobox",
            "array": true
          }
        },
        {
          "name": "firstItem",
          "shortdesc": "Returns the first AngleCombobox in the collection.",
          "datatype": {
            "type": "AngleCombobox"
          }
        },
        {
          "name": "lastItem",
          "shortdesc": "Returns the last AngleCombobox in the collection.",
          "datatype": {
            "type": "AngleCombobox"
          }
        },
        {
          "name": "middleItem",
          "shortdesc": "Returns the middle AngleCombobox in the collection.",
          "datatype": {
            "type": "AngleCombobox"
          }
        },
        {
          "name": "previousItem",
          "shortdesc": "Returns the AngleCombobox with the index previous to the specified index.",
          "parameters": [
            {
              "name": "obj",
              "shortdesc": "The index of the AngleCombobox that follows the desired AngleCombobox.",
              "datatype": {
                "type": "AngleCombobox"
              }
            }
          ],
          "datatype": {
            "type": "AngleCombobox"
          }
        },
        {
          "name": "nextItem",
          "shortdesc": "Returns the AngleCombobox whose index follows the specified AngleCombobox in the collection.",
          "parameters": [
            {
              "name": "obj",
              "shortdesc": "The AngleCombobox whose index comes before the desired AngleCombobox.",
              "datatype": {
                "type": "AngleCombobox"
              }
            }
          ],
          "datatype": {
            "type": "AngleCombobox"
          }
        },
        {
          "name": "anyItem",
          "shortdesc": "Returns any AngleCombobox in the collection.",
          "datatype": {
            "type": "AngleCombobox"
          }
        },
        {
          "name": "everyItem",
          "shortdesc": "Returns every AngleCombobox in the collection.",
          "datatype": {
            "type": "AngleCombobox",
            "array": true
          }
        },
        {
          "name": "toSource",
          "shortdesc": "Generates a string which, if executed, will return the AngleCombobox.",
          "datatype": {
            "type": "String"
          }
        },
        {
          "name": "[]",
          "shortdesc": "Returns the AngleCombobox with the specified index.",
          "parameters": [
            {
              "name": "index",
              "shortdesc": "The index.",
              "datatype": {
                "type": "Number"
              }
            }
          ],
          "datatype": {
            "type": "AngleCombobox"
          }
        }
      ],
      "property": [
        {
          "name": "length",
          "rwaccess": "readonly",
          "shortdesc": "The number of objects in the collection.",
          "datatype": {
            "type": "Number"
          }
        }
      ]
    }
  ]
}