{
  "name": "AngleCombobox",
  "dynamic": true,
  "superclass": {
    "href": "#/Widget",
    "$t": "Widget"
  },
  "shortdesc": "A degree entry control featuring both a pop-up menu and and entry field.",
  "elements": [
    {
      "type": "instance",
      "property": [
        {
          "name": "id",
          "rwaccess": "readonly",
          "shortdesc": "The unique ID of the AngleCombobox.",
          "datatype": {
            "type": "Number"
          }
        },
        {
          "name": "isValid",
          "rwaccess": "readonly",
          "shortdesc": "Returns true if the object specifier resolves to valid objects.",
          "datatype": {
            "type": "Boolean"
          }
        },
        {
          "name": "parent",
          "rwaccess": "readonly",
          "shortdesc": "The parent of the AngleCombobox &#40;a DialogColumn, DialogRow, EnablingGroup or BorderPanel).",
          "datatype": {
            "type": "Mixed"
          }
        },
        {
          "name": "index",
          "rwaccess": "readonly",
          "shortdesc": "The index of the AngleCombobox within its containing object.",
          "datatype": {
            "type": "Number"
          }
        },
        {
          "name": "events",
          "rwaccess": "readonly",
          "shortdesc": "A collection of events.",
          "datatype": {
            "type": "Events"
          }
        },
        {
          "name": "eventListeners",
          "rwaccess": "readonly",
          "shortdesc": "A collection of event listeners.",
          "datatype": {
            "type": "EventListeners"
          }
        },
        {
          "name": "stringList",
          "shortdesc": "The menu items on a dropdown or combobox control, as an array of strings.",
          "datatype": {
            "type": "String",
            "array": true
          }
        },
        {
          "name": "minimumValue",
          "shortdesc": "The minumim value that a user is allowed to type in a numeric editbox or combobox. Note: The value for a measurement editbox or combobox is interpreted in points, regardless of the edit units specified for the control. The points value is converted automatically to the edit unit when the dialog is opened.",
          "datatype": {
            "type": "Number"
          }
        },
        {
          "name": "maximumValue",
          "shortdesc": "The maximum value that a user is allowed to type in a numeric editbox or combobox. Note: The value for a measurement editbox or combobox is interpreted in points, regardless of the edit units specified for the control. The points value is converted automatically to the edit unit when the dialog is opened.",
          "datatype": {
            "type": "Number"
          }
        },
        {
          "name": "smallNudge",
          "shortdesc": "The amount to increment/decrement the value when the user selects the control and presses an arrow key on the keyboard.",
          "datatype": {
            "type": "Number"
          }
        },
        {
          "name": "largeNudge",
          "shortdesc": "The amount to increment/decrement the value when a user selects the control and holds down the Shift key while pressing an arrow key on the keyboard.",
          "datatype": {
            "type": "Number"
          }
        },
        {
          "name": "editContents",
          "shortdesc": "The default value in an editbox control. Note: Do not specify both edit contents and edit value. If both are specified, the one that occurs later in the script is used.",
          "datatype": {
            "type": "String"
          }
        },
        {
          "name": "editValue",
          "shortdesc": "The real number default value of the editbox or combobox. Note: For measurement controls, the value is interpreted in points. The points value is converted to edit units when the dialog opens. Note: Do not specify both edit value and edit contents. If both are specified, the one that occurs later in the script is used.",
          "datatype": {
            "type": "Number"
          }
        },
        {
          "name": "minWidth",
          "shortdesc": "The width of the control. For an editbox or combobox, specifies the minimum width of the box.",
          "datatype": {
            "type": "Number"
          }
        },
        {
          "name": "properties",
          "shortdesc": "A property that allows setting of several properties at the same time.",
          "datatype": {
            "type": "Object"
          }
        }
      ],
      "method": [
        {
          "name": "toSource",
          "shortdesc": "Generates a string which, if executed, will return the AngleCombobox.",
          "datatype": {
            "type": "String"
          }
        },
        {
          "name": "getElements",
          "shortdesc": "Resolves the object specifier, creating an array of object references.",
          "datatype": {
            "type": "AngleCombobox",
            "array": true
          }
        },
        {
          "name": "toSpecifier",
          "shortdesc": "Retrieves the object specifier.",
          "datatype": {
            "type": "String"
          }
        },
        {
          "name": "addEventListener",
          "shortdesc": "Adds an event listener.",
          "parameters": [
            {
              "name": "eventType",
              "shortdesc": "The event type.",
              "datatype": {
                "type": "String"
              }
            },
            {
              "name": "handler",
              "shortdesc": "The event handler. Can accept: File or JavaScript Function.",
              "datatype": {
                "type": "Mixed"
              }
            },
            {
              "name": "captures",
              "optional": true,
              "shortdesc": "This parameter is obsolete. &#40;Optional)",
              "datatype": {
                "type": "Boolean",
                "value": false
              }
            }
          ],
          "datatype": {
            "type": "EventListener"
          }
        },
        {
          "name": "removeEventListener",
          "shortdesc": "Removes the event listener.",
          "parameters": [
            {
              "name": "eventType",
              "shortdesc": "The registered event type.",
              "datatype": {
                "type": "String"
              }
            },
            {
              "name": "handler",
              "shortdesc": "The registered event handler. Can accept: File or JavaScript Function.",
              "datatype": {
                "type": "Mixed"
              }
            },
            {
              "name": "captures",
              "optional": true,
              "shortdesc": "This parameter is obsolete. &#40;Optional)",
              "datatype": {
                "type": "Boolean",
                "value": false
              }
            }
          ],
          "datatype": {
            "type": "Boolean"
          }
        }
      ]
    }
  ]
}