{
  "name": "AngleComboboxes",
  "dynamic": true,
  "shortdesc": "A collection of angle comboboxes.",
  "elements": [
    {
      "type": "instance",
      "method": [
        {
          "name": "add",
          "shortdesc": "Creates a new AngleCombobox.",
          "parameters": {
            "parameter": [
              {
                "name": "withProperties",
                "shortdesc": "Initial values for properties of the new AngleCombobox &amp;&#35;40;Optional&#41;",
                "datatype": {
                  "type": "Object"
                }
              }
            ]
          },
          "datatype": {
            "type": "AngleCombobox"
          }
        },
        {
          "name": "count",
          "shortdesc": "Displays the number of elements in the AngleCombobox.",
          "datatype": {
            "type": "number"
          }
        },
        {
          "name": "item",
          "shortdesc": "Returns the AngleCombobox with the specified index or name.",
          "parameters": {
            "parameter": [
              {
                "name": "index",
                "shortdesc": "The index or name. Can accept: Long Integer or String.",
                "datatype": {
                  "type": "mixed"
                }
              }
            ]
          },
          "datatype": {
            "type": "AngleCombobox"
          }
        },
        {
          "name": "itemByID",
          "shortdesc": "Returns the AngleCombobox with the specified ID.",
          "parameters": {
            "parameter": [
              {
                "name": "id",
                "shortdesc": "The ID.",
                "datatype": {
                  "type": "number"
                }
              }
            ]
          },
          "datatype": {
            "type": "AngleCombobox"
          }
        },
        {
          "name": "itemByRange",
          "shortdesc": "Returns the AngleComboboxes within the specified range.",
          "parameters": {
            "parameter": [
              {
                "name": "from",
                "shortdesc": "The AngleCombobox, index, or name at the beginning of the range. Can accept: AngleCombobox, Long Integer or String.",
                "datatype": {
                  "type": "mixed"
                }
              },
              {
                "name": "to",
                "shortdesc": "The AngleCombobox, index, or name at the end of the range. Can accept: AngleCombobox, Long Integer or String.",
                "datatype": {
                  "type": "mixed"
                }
              }
            ]
          },
          "datatype": {
            "type": "AngleCombobox",
            "array": {}
          }
        },
        {
          "name": "firstItem",
          "shortdesc": "Returns the first AngleCombobox in the collection.",
          "datatype": {
            "type": "AngleCombobox"
          }
        },
        {
          "name": "lastItem",
          "shortdesc": "Returns the last AngleCombobox in the collection.",
          "datatype": {
            "type": "AngleCombobox"
          }
        },
        {
          "name": "middleItem",
          "shortdesc": "Returns the middle AngleCombobox in the collection.",
          "datatype": {
            "type": "AngleCombobox"
          }
        },
        {
          "name": "previousItem",
          "shortdesc": "Returns the AngleCombobox with the index previous to the specified index.",
          "parameters": {
            "parameter": [
              {
                "name": "obj",
                "shortdesc": "The index of the AngleCombobox that follows the desired AngleCombobox.",
                "datatype": {
                  "type": "AngleCombobox"
                }
              }
            ]
          },
          "datatype": {
            "type": "AngleCombobox"
          }
        },
        {
          "name": "nextItem",
          "shortdesc": "Returns the AngleCombobox whose index follows the specified AngleCombobox in the collection.",
          "parameters": {
            "parameter": [
              {
                "name": "obj",
                "shortdesc": "The AngleCombobox whose index comes before the desired AngleCombobox.",
                "datatype": {
                  "type": "AngleCombobox"
                }
              }
            ]
          },
          "datatype": {
            "type": "AngleCombobox"
          }
        },
        {
          "name": "anyItem",
          "shortdesc": "Returns any AngleCombobox in the collection.",
          "datatype": {
            "type": "AngleCombobox"
          }
        },
        {
          "name": "everyItem",
          "shortdesc": "Returns every AngleCombobox in the collection.",
          "datatype": {
            "type": "AngleCombobox",
            "array": {}
          }
        },
        {
          "name": "toSource",
          "shortdesc": "Generates a string which, if executed, will return the AngleCombobox.",
          "datatype": {
            "type": "string"
          }
        },
        {
          "name": "[]",
          "shortdesc": "Returns the AngleCombobox with the specified index.",
          "parameters": {
            "parameter": [
              {
                "name": "index",
                "shortdesc": "The index.",
                "datatype": {
                  "type": "number"
                }
              }
            ]
          },
          "datatype": {
            "type": "AngleCombobox"
          }
        }
      ],
      "property": [
        {
          "name": "length",
          "rwaccess": "readonly",
          "shortdesc": "The number of objects in the collection.",
          "datatype": {
            "type": "number"
          }
        }
      ]
    }
  ]
}