{
  "name": "AnimationPlayOperations",
  "enumeration": true,
  "shortdesc": "Playback options.",
  "elements": [
    {
      "type": "class",
      "property": [
        {
          "name": "PLAY",
          "rwaccess": "readonly",
          "shortdesc": "Starts playback.",
          "datatype": {
            "type": "number",
            "value": 1886151033
          }
        },
        {
          "name": "STOP",
          "rwaccess": "readonly",
          "shortdesc": "Stops playback.",
          "datatype": {
            "type": "number",
            "value": 1937010544
          }
        },
        {
          "name": "PAUSE",
          "rwaccess": "readonly",
          "shortdesc": "Pauses playback.",
          "datatype": {
            "type": "number",
            "value": 1885435251
          }
        },
        {
          "name": "RESUME",
          "rwaccess": "readonly",
          "shortdesc": "Resumes playback.",
          "datatype": {
            "type": "number",
            "value": 1919251317
          }
        },
        {
          "name": "REVERSE_PLAYBACK",
          "rwaccess": "readonly",
          "shortdesc": "Reverses playback.",
          "datatype": {
            "type": "number",
            "value": 1919252069
          }
        },
        {
          "name": "STOP_ALL",
          "rwaccess": "readonly",
          "shortdesc": "Stops all playback.",
          "datatype": {
            "type": "number",
            "value": 1937010785
          }
        }
      ]
    }
  ]
}