{
  "name": "AnimationBehaviors",
  "dynamic": true,
  "shortdesc": "A collection of animation behaviors.",
  "elements": [
    {
      "type": "instance",
      "method": [
        {
          "name": "count",
          "shortdesc": "Displays the number of elements in the AnimationBehavior.",
          "datatype": {
            "type": "number"
          }
        },
        {
          "name": "add",
          "shortdesc": "Creates a new AnimationBehavior.",
          "parameters": {
            "parameter": [
              {
                "name": "withProperties",
                "shortdesc": "Initial values for properties of the new AnimationBehavior &amp;&#35;40;Optional&#41;",
                "datatype": {
                  "type": "Object"
                }
              }
            ]
          },
          "datatype": {
            "type": "AnimationBehavior"
          }
        },
        {
          "name": "item",
          "shortdesc": "Returns the AnimationBehavior with the specified index or name.",
          "parameters": {
            "parameter": [
              {
                "name": "index",
                "shortdesc": "The index or name. Can accept: Long Integer or String.",
                "datatype": {
                  "type": "mixed"
                }
              }
            ]
          },
          "datatype": {
            "type": "AnimationBehavior"
          }
        },
        {
          "name": "itemByName",
          "shortdesc": "Returns the AnimationBehavior with the specified name.",
          "parameters": {
            "parameter": [
              {
                "name": "name",
                "shortdesc": "The name.",
                "datatype": {
                  "type": "string"
                }
              }
            ]
          },
          "datatype": {
            "type": "AnimationBehavior"
          }
        },
        {
          "name": "itemByID",
          "shortdesc": "Returns the AnimationBehavior with the specified ID.",
          "parameters": {
            "parameter": [
              {
                "name": "id",
                "shortdesc": "The ID.",
                "datatype": {
                  "type": "number"
                }
              }
            ]
          },
          "datatype": {
            "type": "AnimationBehavior"
          }
        },
        {
          "name": "itemByRange",
          "shortdesc": "Returns the AnimationBehaviors within the specified range.",
          "parameters": {
            "parameter": [
              {
                "name": "from",
                "shortdesc": "The AnimationBehavior, index, or name at the beginning of the range. Can accept: AnimationBehavior, Long Integer or String.",
                "datatype": {
                  "type": "mixed"
                }
              },
              {
                "name": "to",
                "shortdesc": "The AnimationBehavior, index, or name at the end of the range. Can accept: AnimationBehavior, Long Integer or String.",
                "datatype": {
                  "type": "mixed"
                }
              }
            ]
          },
          "datatype": {
            "type": "AnimationBehavior",
            "array": {}
          }
        },
        {
          "name": "firstItem",
          "shortdesc": "Returns the first AnimationBehavior in the collection.",
          "datatype": {
            "type": "AnimationBehavior"
          }
        },
        {
          "name": "lastItem",
          "shortdesc": "Returns the last AnimationBehavior in the collection.",
          "datatype": {
            "type": "AnimationBehavior"
          }
        },
        {
          "name": "middleItem",
          "shortdesc": "Returns the middle AnimationBehavior in the collection.",
          "datatype": {
            "type": "AnimationBehavior"
          }
        },
        {
          "name": "previousItem",
          "shortdesc": "Returns the AnimationBehavior with the index previous to the specified index.",
          "parameters": {
            "parameter": [
              {
                "name": "obj",
                "shortdesc": "The index of the AnimationBehavior that follows the desired AnimationBehavior.",
                "datatype": {
                  "type": "AnimationBehavior"
                }
              }
            ]
          },
          "datatype": {
            "type": "AnimationBehavior"
          }
        },
        {
          "name": "nextItem",
          "shortdesc": "Returns the AnimationBehavior whose index follows the specified AnimationBehavior in the collection.",
          "parameters": {
            "parameter": [
              {
                "name": "obj",
                "shortdesc": "The AnimationBehavior whose index comes before the desired AnimationBehavior.",
                "datatype": {
                  "type": "AnimationBehavior"
                }
              }
            ]
          },
          "datatype": {
            "type": "AnimationBehavior"
          }
        },
        {
          "name": "anyItem",
          "shortdesc": "Returns any AnimationBehavior in the collection.",
          "datatype": {
            "type": "AnimationBehavior"
          }
        },
        {
          "name": "everyItem",
          "shortdesc": "Returns every AnimationBehavior in the collection.",
          "datatype": {
            "type": "AnimationBehavior",
            "array": {}
          }
        },
        {
          "name": "toSource",
          "shortdesc": "Generates a string which, if executed, will return the AnimationBehavior.",
          "datatype": {
            "type": "string"
          }
        },
        {
          "name": "[]",
          "shortdesc": "Returns the AnimationBehavior with the specified index.",
          "parameters": {
            "parameter": [
              {
                "name": "index",
                "shortdesc": "The index.",
                "datatype": {
                  "type": "number"
                }
              }
            ]
          },
          "datatype": {
            "type": "AnimationBehavior"
          }
        }
      ],
      "property": [
        {
          "name": "length",
          "rwaccess": "readonly",
          "shortdesc": "The number of objects in the collection.",
          "datatype": {
            "type": "number"
          }
        }
      ]
    }
  ]
}