{
  "name": "AnimationEaseOptions",
  "enumeration": true,
  "shortdesc": "The ease option.",
  "elements": [
    {
      "type": "class",
      "property": [
        {
          "name": "NO_EASE",
          "rwaccess": "readonly",
          "shortdesc": "no easing.",
          "datatype": {
            "type": "number",
            "value": 2051960645
          }
        },
        {
          "name": "EASE_IN",
          "rwaccess": "readonly",
          "shortdesc": "simple ease in.",
          "datatype": {
            "type": "number",
            "value": 2051371849
          }
        },
        {
          "name": "EASE_OUT",
          "rwaccess": "readonly",
          "shortdesc": "simple ease out.",
          "datatype": {
            "type": "number",
            "value": 2051371855
          }
        },
        {
          "name": "EASE_IN_OUT",
          "rwaccess": "readonly",
          "shortdesc": "simple ease in and out.",
          "datatype": {
            "type": "number",
            "value": 2051361103
          }
        },
        {
          "name": "CUSTOM_EASE",
          "rwaccess": "readonly",
          "shortdesc": "cutom read only ease type.",
          "datatype": {
            "type": "number",
            "value": 2051363407
          }
        }
      ]
    }
  ]
}