{
  "name": "ArrowHead",
  "enumeration": true,
  "shortdesc": "The shape of one or both ends of an open path.",
  "elements": [
    {
      "type": "class",
      "property": [
        {
          "name": "NONE",
          "rwaccess": "readonly",
          "shortdesc": "None.",
          "datatype": {
            "type": "Number",
            "value": 1852796517
          }
        },
        {
          "name": "SIMPLE_ARROW_HEAD",
          "rwaccess": "readonly",
          "shortdesc": "An arrow head formed by two slanting lines whose intersection forms a 45-degree angle and whose stroke weight is the same as the path's stroke.",
          "datatype": {
            "type": "Number",
            "value": 1936289136
          }
        },
        {
          "name": "SIMPLE_WIDE_ARROW_HEAD",
          "rwaccess": "readonly",
          "shortdesc": "An arrow head formed by two slanting lines whose intersection forms a 90-degree angle and whose stroke weight is the same as the path's stroke.",
          "datatype": {
            "type": "Number",
            "value": 1937203560
          }
        },
        {
          "name": "TRIANGLE_ARROW_HEAD",
          "rwaccess": "readonly",
          "shortdesc": "A solid triangle arrow head whose point describes a 45-degree angle.",
          "datatype": {
            "type": "Number",
            "value": 1953655150
          }
        },
        {
          "name": "TRIANGLE_WIDE_ARROW_HEAD",
          "rwaccess": "readonly",
          "shortdesc": "A solid triangle arrow head whose point describes a 90-degree angle.",
          "datatype": {
            "type": "Number",
            "value": 1953980776
          }
        },
        {
          "name": "BARBED_ARROW_HEAD",
          "rwaccess": "readonly",
          "shortdesc": "A solid arrow head whose pierced end bows sharply toward the point and whose point describes a 45-degree angle.",
          "datatype": {
            "type": "Number",
            "value": 1650553442
          }
        },
        {
          "name": "CURVED_ARROW_HEAD",
          "rwaccess": "readonly",
          "shortdesc": "A solid arrow head whose pierced end concaves toward the point and whose point describes a 45-degree angle.",
          "datatype": {
            "type": "Number",
            "value": 1668702568
          }
        },
        {
          "name": "CIRCLE_ARROW_HEAD",
          "rwaccess": "readonly",
          "shortdesc": "A hollow circle whose outline is the same weight as the stroke. The circle's diameter is 5 times the stroke width.",
          "datatype": {
            "type": "Number",
            "value": 1668440424
          }
        },
        {
          "name": "CIRCLE_SOLID_ARROW_HEAD",
          "rwaccess": "readonly",
          "shortdesc": "A solid circle whose diameter is 5 times the stroke width.",
          "datatype": {
            "type": "Number",
            "value": 1668505960
          }
        },
        {
          "name": "SQUARE_ARROW_HEAD",
          "rwaccess": "readonly",
          "shortdesc": "A hollow square set perpendicular to the path, whose outline is the same weight as the stroke. The length of one side of the square is 5 times the stroke width.",
          "datatype": {
            "type": "Number",
            "value": 1936810344
          }
        },
        {
          "name": "SQUARE_SOLID_ARROW_HEAD",
          "rwaccess": "readonly",
          "shortdesc": "A solid square set perpendicular to the end of the path. The length of one side of the square is 5 times the stroke width.",
          "datatype": {
            "type": "Number",
            "value": 1936941416
          }
        },
        {
          "name": "BAR_ARROW_HEAD",
          "rwaccess": "readonly",
          "shortdesc": "A vertical bar bisected by the stroke, which meets the stroke at a right angle and is the same weight as the stroke. The bar's length is 4.5 times the stroke width.",
          "datatype": {
            "type": "Number",
            "value": 1651663208
          }
        }
      ]
    }
  ]
}