{
  "name": "ArticleMembers",
  "dynamic": true,
  "shortdesc": "A collection of article members.",
  "elements": [
    {
      "type": "instance",
      "method": [
        {
          "name": "add",
          "shortdesc": "Adds a new member.",
          "parameters": [
            {
              "name": "itemRef",
              "shortdesc": "page item to be added to article",
              "datatype": {
                "type": "PageItem"
              }
            },
            {
              "name": "at",
              "optional": true,
              "shortdesc": "The location relative to the reference object or within the containing object. &#40;Optional)",
              "datatype": {
                "type": "LocationOptions",
                "value": "LocationOptions.AT_END"
              }
            },
            {
              "name": "reference",
              "shortdesc": "The reference object. Note: Required when the to value specifies before or after. &#40;Optional)",
              "datatype": {
                "type": "ArticleMember"
              }
            },
            {
              "name": "withProperties",
              "shortdesc": "Initial values for properties of the new ArticleMember &#40;Optional)",
              "datatype": {
                "type": "Object"
              }
            }
          ],
          "datatype": {
            "type": "ArticleMember"
          }
        },
        {
          "name": "count",
          "shortdesc": "Displays the number of elements in the ArticleMember.",
          "datatype": {
            "type": "Number"
          }
        },
        {
          "name": "item",
          "shortdesc": "Returns the ArticleMember with the specified index or name.",
          "parameters": [
            {
              "name": "index",
              "shortdesc": "The index or name. Can accept: Long Integer or String.",
              "datatype": {
                "type": "Mixed"
              }
            }
          ],
          "datatype": {
            "type": "ArticleMember"
          }
        },
        {
          "name": "itemByID",
          "shortdesc": "Returns the ArticleMember with the specified ID.",
          "parameters": [
            {
              "name": "id",
              "shortdesc": "The ID.",
              "datatype": {
                "type": "Number"
              }
            }
          ],
          "datatype": {
            "type": "ArticleMember"
          }
        },
        {
          "name": "itemByRange",
          "shortdesc": "Returns the ArticleMembers within the specified range.",
          "parameters": [
            {
              "name": "from",
              "shortdesc": "The ArticleMember, index, or name at the beginning of the range. Can accept: ArticleMember, Long Integer or String.",
              "datatype": {
                "type": "Mixed"
              }
            },
            {
              "name": "to",
              "shortdesc": "The ArticleMember, index, or name at the end of the range. Can accept: ArticleMember, Long Integer or String.",
              "datatype": {
                "type": "Mixed"
              }
            }
          ],
          "datatype": {
            "type": "ArticleMember",
            "array": true
          }
        },
        {
          "name": "firstItem",
          "shortdesc": "Returns the first ArticleMember in the collection.",
          "datatype": {
            "type": "ArticleMember"
          }
        },
        {
          "name": "lastItem",
          "shortdesc": "Returns the last ArticleMember in the collection.",
          "datatype": {
            "type": "ArticleMember"
          }
        },
        {
          "name": "middleItem",
          "shortdesc": "Returns the middle ArticleMember in the collection.",
          "datatype": {
            "type": "ArticleMember"
          }
        },
        {
          "name": "previousItem",
          "shortdesc": "Returns the ArticleMember with the index previous to the specified index.",
          "parameters": [
            {
              "name": "obj",
              "shortdesc": "The index of the ArticleMember that follows the desired ArticleMember.",
              "datatype": {
                "type": "ArticleMember"
              }
            }
          ],
          "datatype": {
            "type": "ArticleMember"
          }
        },
        {
          "name": "nextItem",
          "shortdesc": "Returns the ArticleMember whose index follows the specified ArticleMember in the collection.",
          "parameters": [
            {
              "name": "obj",
              "shortdesc": "The ArticleMember whose index comes before the desired ArticleMember.",
              "datatype": {
                "type": "ArticleMember"
              }
            }
          ],
          "datatype": {
            "type": "ArticleMember"
          }
        },
        {
          "name": "anyItem",
          "shortdesc": "Returns any ArticleMember in the collection.",
          "datatype": {
            "type": "ArticleMember"
          }
        },
        {
          "name": "everyItem",
          "shortdesc": "Returns every ArticleMember in the collection.",
          "datatype": {
            "type": "ArticleMember",
            "array": true
          }
        },
        {
          "name": "toSource",
          "shortdesc": "Generates a string which, if executed, will return the ArticleMember.",
          "datatype": {
            "type": "String"
          }
        },
        {
          "name": "[]",
          "shortdesc": "Returns the ArticleMember with the specified index.",
          "parameters": [
            {
              "name": "index",
              "shortdesc": "The index.",
              "datatype": {
                "type": "Number"
              }
            }
          ],
          "datatype": {
            "type": "ArticleMember"
          }
        }
      ],
      "property": [
        {
          "name": "length",
          "rwaccess": "readonly",
          "shortdesc": "The number of objects in the collection.",
          "datatype": {
            "type": "Number"
          }
        }
      ]
    }
  ]
}