{
  "name": "AssignedStories",
  "dynamic": true,
  "shortdesc": "A collection of assigned stories.",
  "elements": [
    {
      "type": "instance",
      "method": [
        {
          "name": "count",
          "shortdesc": "Displays the number of elements in the AssignedStory.",
          "datatype": {
            "type": "number"
          }
        },
        {
          "name": "item",
          "shortdesc": "Returns the AssignedStory with the specified index or name.",
          "parameters": {
            "parameter": [
              {
                "name": "index",
                "shortdesc": "The index or name. Can accept: Long Integer or String.",
                "datatype": {
                  "type": "mixed"
                }
              }
            ]
          },
          "datatype": {
            "type": "AssignedStory"
          }
        },
        {
          "name": "itemByName",
          "shortdesc": "Returns the AssignedStory with the specified name.",
          "parameters": {
            "parameter": [
              {
                "name": "name",
                "shortdesc": "The name.",
                "datatype": {
                  "type": "string"
                }
              }
            ]
          },
          "datatype": {
            "type": "AssignedStory"
          }
        },
        {
          "name": "itemByID",
          "shortdesc": "Returns the AssignedStory with the specified ID.",
          "parameters": {
            "parameter": [
              {
                "name": "id",
                "shortdesc": "The ID.",
                "datatype": {
                  "type": "number"
                }
              }
            ]
          },
          "datatype": {
            "type": "AssignedStory"
          }
        },
        {
          "name": "itemByRange",
          "shortdesc": "Returns the AssignedStories within the specified range.",
          "parameters": {
            "parameter": [
              {
                "name": "from",
                "shortdesc": "The AssignedStory, index, or name at the beginning of the range. Can accept: AssignedStory, Long Integer or String.",
                "datatype": {
                  "type": "mixed"
                }
              },
              {
                "name": "to",
                "shortdesc": "The AssignedStory, index, or name at the end of the range. Can accept: AssignedStory, Long Integer or String.",
                "datatype": {
                  "type": "mixed"
                }
              }
            ]
          },
          "datatype": {
            "type": "AssignedStory",
            "array": {}
          }
        },
        {
          "name": "firstItem",
          "shortdesc": "Returns the first AssignedStory in the collection.",
          "datatype": {
            "type": "AssignedStory"
          }
        },
        {
          "name": "lastItem",
          "shortdesc": "Returns the last AssignedStory in the collection.",
          "datatype": {
            "type": "AssignedStory"
          }
        },
        {
          "name": "middleItem",
          "shortdesc": "Returns the middle AssignedStory in the collection.",
          "datatype": {
            "type": "AssignedStory"
          }
        },
        {
          "name": "previousItem",
          "shortdesc": "Returns the AssignedStory with the index previous to the specified index.",
          "parameters": {
            "parameter": [
              {
                "name": "obj",
                "shortdesc": "The index of the AssignedStory that follows the desired AssignedStory.",
                "datatype": {
                  "type": "AssignedStory"
                }
              }
            ]
          },
          "datatype": {
            "type": "AssignedStory"
          }
        },
        {
          "name": "nextItem",
          "shortdesc": "Returns the AssignedStory whose index follows the specified AssignedStory in the collection.",
          "parameters": {
            "parameter": [
              {
                "name": "obj",
                "shortdesc": "The AssignedStory whose index comes before the desired AssignedStory.",
                "datatype": {
                  "type": "AssignedStory"
                }
              }
            ]
          },
          "datatype": {
            "type": "AssignedStory"
          }
        },
        {
          "name": "anyItem",
          "shortdesc": "Returns any AssignedStory in the collection.",
          "datatype": {
            "type": "AssignedStory"
          }
        },
        {
          "name": "everyItem",
          "shortdesc": "Returns every AssignedStory in the collection.",
          "datatype": {
            "type": "AssignedStory",
            "array": {}
          }
        },
        {
          "name": "toSource",
          "shortdesc": "Generates a string which, if executed, will return the AssignedStory.",
          "datatype": {
            "type": "string"
          }
        },
        {
          "name": "[]",
          "shortdesc": "Returns the AssignedStory with the specified index.",
          "parameters": {
            "parameter": [
              {
                "name": "index",
                "shortdesc": "The index.",
                "datatype": {
                  "type": "number"
                }
              }
            ]
          },
          "datatype": {
            "type": "AssignedStory"
          }
        }
      ],
      "property": [
        {
          "name": "length",
          "rwaccess": "readonly",
          "shortdesc": "The number of objects in the collection.",
          "datatype": {
            "type": "number"
          }
        }
      ]
    }
  ]
}