{
  "name": "Assignments",
  "dynamic": true,
  "shortdesc": "A collection of assignments.",
  "elements": [
    {
      "type": "instance",
      "method": [
        {
          "name": "add",
          "shortdesc": "Creates a new assignment.",
          "parameters": [
            {
              "name": "filePath",
              "shortdesc": "The full path name of the new assignment.",
              "datatype": {
                "type": "File"
              }
            },
            {
              "name": "versionComments",
              "shortdesc": "The comment for this version. &#40;Optional)",
              "datatype": {
                "type": "String"
              }
            },
            {
              "name": "forceSave",
              "optional": true,
              "shortdesc": "If true, forcibly saves a version. &#40;Optional)",
              "datatype": {
                "type": "Boolean",
                "value": false
              }
            },
            {
              "name": "withProperties",
              "shortdesc": "Initial values for properties of the new Assignment &#40;Optional)",
              "datatype": {
                "type": "Object"
              }
            }
          ],
          "datatype": {
            "type": "Assignment"
          }
        },
        {
          "name": "count",
          "shortdesc": "Displays the number of elements in the Assignment.",
          "datatype": {
            "type": "Number"
          }
        },
        {
          "name": "item",
          "shortdesc": "Returns the Assignment with the specified index or name.",
          "parameters": [
            {
              "name": "index",
              "shortdesc": "The index or name. Can accept: Long Integer or String.",
              "datatype": {
                "type": "Mixed"
              }
            }
          ],
          "datatype": {
            "type": "Assignment"
          }
        },
        {
          "name": "itemByName",
          "shortdesc": "Returns the Assignment with the specified name.",
          "parameters": [
            {
              "name": "name",
              "shortdesc": "The name.",
              "datatype": {
                "type": "String"
              }
            }
          ],
          "datatype": {
            "type": "Assignment"
          }
        },
        {
          "name": "itemByID",
          "shortdesc": "Returns the Assignment with the specified ID.",
          "parameters": [
            {
              "name": "id",
              "shortdesc": "The ID.",
              "datatype": {
                "type": "Number"
              }
            }
          ],
          "datatype": {
            "type": "Assignment"
          }
        },
        {
          "name": "itemByRange",
          "shortdesc": "Returns the Assignments within the specified range.",
          "parameters": [
            {
              "name": "from",
              "shortdesc": "The Assignment, index, or name at the beginning of the range. Can accept: Assignment, Long Integer or String.",
              "datatype": {
                "type": "Mixed"
              }
            },
            {
              "name": "to",
              "shortdesc": "The Assignment, index, or name at the end of the range. Can accept: Assignment, Long Integer or String.",
              "datatype": {
                "type": "Mixed"
              }
            }
          ],
          "datatype": {
            "type": "Assignment",
            "array": true
          }
        },
        {
          "name": "firstItem",
          "shortdesc": "Returns the first Assignment in the collection.",
          "datatype": {
            "type": "Assignment"
          }
        },
        {
          "name": "lastItem",
          "shortdesc": "Returns the last Assignment in the collection.",
          "datatype": {
            "type": "Assignment"
          }
        },
        {
          "name": "middleItem",
          "shortdesc": "Returns the middle Assignment in the collection.",
          "datatype": {
            "type": "Assignment"
          }
        },
        {
          "name": "previousItem",
          "shortdesc": "Returns the Assignment with the index previous to the specified index.",
          "parameters": [
            {
              "name": "obj",
              "shortdesc": "The index of the Assignment that follows the desired Assignment.",
              "datatype": {
                "type": "Assignment"
              }
            }
          ],
          "datatype": {
            "type": "Assignment"
          }
        },
        {
          "name": "nextItem",
          "shortdesc": "Returns the Assignment whose index follows the specified Assignment in the collection.",
          "parameters": [
            {
              "name": "obj",
              "shortdesc": "The Assignment whose index comes before the desired Assignment.",
              "datatype": {
                "type": "Assignment"
              }
            }
          ],
          "datatype": {
            "type": "Assignment"
          }
        },
        {
          "name": "anyItem",
          "shortdesc": "Returns any Assignment in the collection.",
          "datatype": {
            "type": "Assignment"
          }
        },
        {
          "name": "everyItem",
          "shortdesc": "Returns every Assignment in the collection.",
          "datatype": {
            "type": "Assignment",
            "array": true
          }
        },
        {
          "name": "toSource",
          "shortdesc": "Generates a string which, if executed, will return the Assignment.",
          "datatype": {
            "type": "String"
          }
        },
        {
          "name": "[]",
          "shortdesc": "Returns the Assignment with the specified index.",
          "parameters": [
            {
              "name": "index",
              "shortdesc": "The index.",
              "datatype": {
                "type": "Number"
              }
            }
          ],
          "datatype": {
            "type": "Assignment"
          }
        }
      ],
      "property": [
        {
          "name": "length",
          "rwaccess": "readonly",
          "shortdesc": "The number of objects in the collection.",
          "datatype": {
            "type": "Number"
          }
        }
      ]
    }
  ]
}