{
  "name": "AssignmentStatus",
  "enumeration": true,
  "shortdesc": "The status of the assigment.",
  "elements": [
    {
      "type": "class",
      "property": [
        {
          "name": "ASSIGNMENT_UP_TO_DATE",
          "rwaccess": "readonly",
          "shortdesc": "The assignment has not been modified.",
          "datatype": {
            "type": "Number",
            "value": 1096119364
          }
        },
        {
          "name": "ASSIGNMENT_OUT_OF_DATE",
          "rwaccess": "readonly",
          "shortdesc": "The assignment has been modified and needs to be updated.",
          "datatype": {
            "type": "Number",
            "value": 1095724868
          }
        },
        {
          "name": "ASSIGNMENT_FILE_MISSING",
          "rwaccess": "readonly",
          "shortdesc": "The assignment file is missing.",
          "datatype": {
            "type": "Number",
            "value": 1095126387
          }
        }
      ]
    }
  ]
}