{
  "name": "AutoSizingTypeEnum",
  "enumeration": true,
  "shortdesc": "Auto sizing type options for text.",
  "elements": [
    {
      "type": "class",
      "property": [
        {
          "name": "OFF",
          "rwaccess": "readonly",
          "shortdesc": "Text frame auto-sizing is off.",
          "datatype": {
            "type": "number",
            "value": 1330005536
          }
        },
        {
          "name": "HEIGHT_ONLY",
          "rwaccess": "readonly",
          "shortdesc": "Text frame will be resized in height dimension only.",
          "datatype": {
            "type": "number",
            "value": 1751476583
          }
        },
        {
          "name": "WIDTH_ONLY",
          "rwaccess": "readonly",
          "shortdesc": "Text frame will be resized in width dimension only.",
          "datatype": {
            "type": "number",
            "value": 2003395700
          }
        },
        {
          "name": "HEIGHT_AND_WIDTH",
          "rwaccess": "readonly",
          "shortdesc": "Text frame will be resized in both&amp;&#35;40;height and width&#41; dimensions.",
          "datatype": {
            "type": "number",
            "value": 1752069993
          }
        },
        {
          "name": "HEIGHT_AND_WIDTH_PROPORTIONALLY",
          "rwaccess": "readonly",
          "shortdesc": "Text frame will be resized in both&amp;&#35;40;height and width&#41; dimensions proportionally.",
          "datatype": {
            "type": "number",
            "value": 1752070000
          }
        }
      ]
    }
  ]
}