{
  "name": "AutoSizingReferenceEnum",
  "enumeration": true,
  "shortdesc": "Auto sizing reference points for text.",
  "elements": [
    {
      "type": "class",
      "property": [
        {
          "name": "TOP_LEFT_POINT",
          "rwaccess": "readonly",
          "shortdesc": "Top left point of bounding box",
          "datatype": {
            "type": "number",
            "value": 1953459301
          }
        },
        {
          "name": "TOP_CENTER_POINT",
          "rwaccess": "readonly",
          "shortdesc": "Center point on the top edge of bounding box",
          "datatype": {
            "type": "number",
            "value": 1953456997
          }
        },
        {
          "name": "TOP_RIGHT_POINT",
          "rwaccess": "readonly",
          "shortdesc": "Top right point of bounding box",
          "datatype": {
            "type": "number",
            "value": 1953460841
          }
        },
        {
          "name": "LEFT_CENTER_POINT",
          "rwaccess": "readonly",
          "shortdesc": "Center point on the left edge of bounding box",
          "datatype": {
            "type": "number",
            "value": 1818583909
          }
        },
        {
          "name": "CENTER_POINT",
          "rwaccess": "readonly",
          "shortdesc": "Center point of bounding box",
          "datatype": {
            "type": "number",
            "value": 1668183154
          }
        },
        {
          "name": "RIGHT_CENTER_POINT",
          "rwaccess": "readonly",
          "shortdesc": "Center point on the right edge of bounding box",
          "datatype": {
            "type": "number",
            "value": 1919509349
          }
        },
        {
          "name": "BOTTOM_LEFT_POINT",
          "rwaccess": "readonly",
          "shortdesc": "Bottom left point of bounding box",
          "datatype": {
            "type": "number",
            "value": 1651469413
          }
        },
        {
          "name": "BOTTOM_CENTER_POINT",
          "rwaccess": "readonly",
          "shortdesc": "Center point on the botom edge of bounding box",
          "datatype": {
            "type": "number",
            "value": 1651467109
          }
        },
        {
          "name": "BOTTOM_RIGHT_POINT",
          "rwaccess": "readonly",
          "shortdesc": "Bottom right point of bounding box",
          "datatype": {
            "type": "number",
            "value": 1651470953
          }
        }
      ]
    }
  ]
}