{
  "name": "BackgroundTasks",
  "dynamic": true,
  "shortdesc": "A collection of background task objects.",
  "elements": [
    {
      "type": "instance",
      "method": [
        {
          "name": "count",
          "shortdesc": "Displays the number of elements in the BackgroundTask.",
          "datatype": {
            "type": "number"
          }
        },
        {
          "name": "item",
          "shortdesc": "Returns the BackgroundTask with the specified index or name.",
          "parameters": {
            "parameter": [
              {
                "name": "index",
                "shortdesc": "The index or name. Can accept: Long Integer or String.",
                "datatype": {
                  "type": "mixed"
                }
              }
            ]
          },
          "datatype": {
            "type": "BackgroundTask"
          }
        },
        {
          "name": "itemByName",
          "shortdesc": "Returns the BackgroundTask with the specified name.",
          "parameters": {
            "parameter": [
              {
                "name": "name",
                "shortdesc": "The name.",
                "datatype": {
                  "type": "string"
                }
              }
            ]
          },
          "datatype": {
            "type": "BackgroundTask"
          }
        },
        {
          "name": "itemByID",
          "shortdesc": "Returns the BackgroundTask with the specified ID.",
          "parameters": {
            "parameter": [
              {
                "name": "id",
                "shortdesc": "The ID.",
                "datatype": {
                  "type": "number"
                }
              }
            ]
          },
          "datatype": {
            "type": "BackgroundTask"
          }
        },
        {
          "name": "itemByRange",
          "shortdesc": "Returns the BackgroundTasks within the specified range.",
          "parameters": {
            "parameter": [
              {
                "name": "from",
                "shortdesc": "The BackgroundTask, index, or name at the beginning of the range. Can accept: BackgroundTask, Long Integer or String.",
                "datatype": {
                  "type": "mixed"
                }
              },
              {
                "name": "to",
                "shortdesc": "The BackgroundTask, index, or name at the end of the range. Can accept: BackgroundTask, Long Integer or String.",
                "datatype": {
                  "type": "mixed"
                }
              }
            ]
          },
          "datatype": {
            "type": "BackgroundTask",
            "array": {}
          }
        },
        {
          "name": "firstItem",
          "shortdesc": "Returns the first BackgroundTask in the collection.",
          "datatype": {
            "type": "BackgroundTask"
          }
        },
        {
          "name": "lastItem",
          "shortdesc": "Returns the last BackgroundTask in the collection.",
          "datatype": {
            "type": "BackgroundTask"
          }
        },
        {
          "name": "middleItem",
          "shortdesc": "Returns the middle BackgroundTask in the collection.",
          "datatype": {
            "type": "BackgroundTask"
          }
        },
        {
          "name": "previousItem",
          "shortdesc": "Returns the BackgroundTask with the index previous to the specified index.",
          "parameters": {
            "parameter": [
              {
                "name": "obj",
                "shortdesc": "The index of the BackgroundTask that follows the desired BackgroundTask.",
                "datatype": {
                  "type": "BackgroundTask"
                }
              }
            ]
          },
          "datatype": {
            "type": "BackgroundTask"
          }
        },
        {
          "name": "nextItem",
          "shortdesc": "Returns the BackgroundTask whose index follows the specified BackgroundTask in the collection.",
          "parameters": {
            "parameter": [
              {
                "name": "obj",
                "shortdesc": "The BackgroundTask whose index comes before the desired BackgroundTask.",
                "datatype": {
                  "type": "BackgroundTask"
                }
              }
            ]
          },
          "datatype": {
            "type": "BackgroundTask"
          }
        },
        {
          "name": "anyItem",
          "shortdesc": "Returns any BackgroundTask in the collection.",
          "datatype": {
            "type": "BackgroundTask"
          }
        },
        {
          "name": "everyItem",
          "shortdesc": "Returns every BackgroundTask in the collection.",
          "datatype": {
            "type": "BackgroundTask",
            "array": {}
          }
        },
        {
          "name": "toSource",
          "shortdesc": "Generates a string which, if executed, will return the BackgroundTask.",
          "datatype": {
            "type": "string"
          }
        },
        {
          "name": "[]",
          "shortdesc": "Returns the BackgroundTask with the specified index.",
          "parameters": {
            "parameter": [
              {
                "name": "index",
                "shortdesc": "The index.",
                "datatype": {
                  "type": "number"
                }
              }
            ]
          },
          "datatype": {
            "type": "BackgroundTask"
          }
        }
      ],
      "property": [
        {
          "name": "length",
          "rwaccess": "readonly",
          "shortdesc": "The number of objects in the collection.",
          "datatype": {
            "type": "number"
          }
        }
      ]
    }
  ]
}