{
  "name": "BaselineGridRelativeOption",
  "enumeration": true,
  "shortdesc": "The zero point for the baseline grid offset.",
  "elements": [
    {
      "type": "class",
      "property": [
        {
          "name": "TOP_OF_PAGE_OF_BASELINE_GRID_RELATIVE_OPTION",
          "rwaccess": "readonly",
          "shortdesc": "The baseline grid offset zero point is at the top of the page.",
          "datatype": {
            "type": "number",
            "value": 1162766196
          }
        },
        {
          "name": "TOP_OF_MARGIN_OF_BASELINE_GRID_RELATIVE_OPTION",
          "rwaccess": "readonly",
          "shortdesc": "The baseline grid offset zero point is at the top page margin.",
          "datatype": {
            "type": "number",
            "value": 1162766189
          }
        }
      ]
    }
  ]
}