{
  "name": "BaselineFrameGridRelativeOption",
  "enumeration": true,
  "shortdesc": "The starting point used to calculate the baseline frame grid offset.",
  "elements": [
    {
      "type": "class",
      "property": [
        {
          "name": "TOP_OF_PAGE",
          "rwaccess": "readonly",
          "shortdesc": "Offsets the grid from the top of the page.",
          "datatype": {
            "type": "number",
            "value": 1163161458
          }
        },
        {
          "name": "TOP_OF_MARGIN",
          "rwaccess": "readonly",
          "shortdesc": "Offsets the grid from the top margin of the page.",
          "datatype": {
            "type": "number",
            "value": 1163161453
          }
        },
        {
          "name": "TOP_OF_FRAME",
          "rwaccess": "readonly",
          "shortdesc": "Offsets the grid from the top of the text frame.",
          "datatype": {
            "type": "number",
            "value": 1163161446
          }
        },
        {
          "name": "TOP_OF_INSET",
          "rwaccess": "readonly",
          "shortdesc": "Offsets the grid from the top inset of the text frame.",
          "datatype": {
            "type": "number",
            "value": 1163161449
          }
        }
      ]
    }
  ]
}