{
  "name": "BehaviorEvents",
  "enumeration": true,
  "shortdesc": "Behavior trigger event options.",
  "elements": [
    {
      "type": "class",
      "property": [
        {
          "name": "MOUSE_UP",
          "rwaccess": "readonly",
          "shortdesc": "Triggers the behavior when the mouse is released after a click.",
          "datatype": {
            "type": "number",
            "value": 1836410230
          }
        },
        {
          "name": "MOUSE_DOWN",
          "rwaccess": "readonly",
          "shortdesc": "Triggers the behavior when the mouse button is clicked &amp;&#35;40;without being released&#41;.",
          "datatype": {
            "type": "number",
            "value": 1835296118
          }
        },
        {
          "name": "MOUSE_ENTER",
          "rwaccess": "readonly",
          "shortdesc": "Triggers the behavior when the mouse pointer enters the area defined by the bounding box of the object.",
          "datatype": {
            "type": "number",
            "value": 1835361654
          }
        },
        {
          "name": "MOUSE_EXIT",
          "rwaccess": "readonly",
          "shortdesc": "Triggers the behavior when the mouse pointer exits the area defined by the bounding box of the object.",
          "datatype": {
            "type": "number",
            "value": 1836606838
          }
        },
        {
          "name": "ON_FOCUS",
          "rwaccess": "readonly",
          "shortdesc": "Triggers the behavior when the object receives focus, either through a mouse action or by pressing the Tab key.",
          "datatype": {
            "type": "number",
            "value": 1868981622
          }
        },
        {
          "name": "ON_BLUR",
          "rwaccess": "readonly",
          "shortdesc": "Triggers the behavior when the focus moves to a different interactive object.",
          "datatype": {
            "type": "number",
            "value": 1868719478
          }
        }
      ]
    }
  ]
}