{
  "name": "Behavior",
  "dynamic": true,
  "shortdesc": "A behavior object.",
  "elements": [
    {
      "type": "instance",
      "property": [
        {
          "name": "name",
          "rwaccess": "readonly",
          "shortdesc": "The name of the Behavior.",
          "datatype": {
            "type": "String"
          }
        },
        {
          "name": "id",
          "rwaccess": "readonly",
          "shortdesc": "The unique ID of the Behavior.",
          "datatype": {
            "type": "Number"
          }
        },
        {
          "name": "isValid",
          "rwaccess": "readonly",
          "shortdesc": "Returns true if the object specifier resolves to valid objects.",
          "datatype": {
            "type": "Boolean"
          }
        },
        {
          "name": "parent",
          "rwaccess": "readonly",
          "shortdesc": "The parent of the Behavior &#40;a Button, CheckBox, ComboBox, ListBox, RadioButton, TextBox or SignatureField).",
          "datatype": {
            "type": "Mixed"
          }
        },
        {
          "name": "index",
          "rwaccess": "readonly",
          "shortdesc": "The index of the Behavior within its containing object.",
          "datatype": {
            "type": "Number"
          }
        },
        {
          "name": "events",
          "rwaccess": "readonly",
          "shortdesc": "A collection of events.",
          "datatype": {
            "type": "Events"
          }
        },
        {
          "name": "eventListeners",
          "rwaccess": "readonly",
          "shortdesc": "A collection of event listeners.",
          "datatype": {
            "type": "EventListeners"
          }
        },
        {
          "name": "enableBehavior",
          "shortdesc": "If true, the behavior is enabled.",
          "datatype": {
            "type": "Boolean"
          }
        },
        {
          "name": "behaviorEvent",
          "shortdesc": "The event which triggers the behavior.",
          "datatype": {
            "type": "BehaviorEvents"
          }
        },
        {
          "name": "label",
          "shortdesc": "A property that can be set to any string.",
          "datatype": {
            "type": "String"
          }
        },
        {
          "name": "properties",
          "shortdesc": "A property that allows setting of several properties at the same time.",
          "datatype": {
            "type": "Object"
          }
        }
      ],
      "method": [
        {
          "name": "remove",
          "shortdesc": "Deletes the Behavior."
        },
        {
          "name": "insertLabel",
          "shortdesc": "Sets the label to the value associated with the specified key.",
          "parameters": [
            {
              "name": "key",
              "shortdesc": "The key.",
              "datatype": {
                "type": "String"
              }
            },
            {
              "name": "value",
              "shortdesc": "The value.",
              "datatype": {
                "type": "String"
              }
            }
          ]
        },
        {
          "name": "extractLabel",
          "shortdesc": "Gets the label value associated with the specified key.",
          "parameters": [
            {
              "name": "key",
              "shortdesc": "The key.",
              "datatype": {
                "type": "String"
              }
            }
          ],
          "datatype": {
            "type": "String"
          }
        },
        {
          "name": "toSource",
          "shortdesc": "Generates a string which, if executed, will return the Behavior.",
          "datatype": {
            "type": "String"
          }
        },
        {
          "name": "getElements",
          "shortdesc": "Resolves the object specifier, creating an array of object references.",
          "datatype": {
            "type": "Behavior",
            "array": true
          }
        },
        {
          "name": "toSpecifier",
          "shortdesc": "Retrieves the object specifier.",
          "datatype": {
            "type": "String"
          }
        },
        {
          "name": "addEventListener",
          "shortdesc": "Adds an event listener.",
          "parameters": [
            {
              "name": "eventType",
              "shortdesc": "The event type.",
              "datatype": {
                "type": "String"
              }
            },
            {
              "name": "handler",
              "shortdesc": "The event handler. Can accept: File or JavaScript Function.",
              "datatype": {
                "type": "Mixed"
              }
            },
            {
              "name": "captures",
              "optional": true,
              "shortdesc": "This parameter is obsolete. &#40;Optional)",
              "datatype": {
                "type": "Boolean",
                "value": false
              }
            }
          ],
          "datatype": {
            "type": "EventListener"
          }
        },
        {
          "name": "removeEventListener",
          "shortdesc": "Removes the event listener.",
          "parameters": [
            {
              "name": "eventType",
              "shortdesc": "The registered event type.",
              "datatype": {
                "type": "String"
              }
            },
            {
              "name": "handler",
              "shortdesc": "The registered event handler. Can accept: File or JavaScript Function.",
              "datatype": {
                "type": "Mixed"
              }
            },
            {
              "name": "captures",
              "optional": true,
              "shortdesc": "This parameter is obsolete. &#40;Optional)",
              "datatype": {
                "type": "Boolean",
                "value": false
              }
            }
          ],
          "datatype": {
            "type": "Boolean"
          }
        }
      ]
    }
  ]
}