{
  "name": "Behaviors",
  "dynamic": true,
  "shortdesc": "A collection of behavior objects.",
  "elements": [
    {
      "type": "instance",
      "method": [
        {
          "name": "count",
          "shortdesc": "Displays the number of elements in the Behavior.",
          "datatype": {
            "type": "number"
          }
        },
        {
          "name": "item",
          "shortdesc": "Returns the Behavior with the specified index or name.",
          "parameters": {
            "parameter": [
              {
                "name": "index",
                "shortdesc": "The index or name. Can accept: Long Integer or String.",
                "datatype": {
                  "type": "mixed"
                }
              }
            ]
          },
          "datatype": {
            "type": "Behavior"
          }
        },
        {
          "name": "itemByName",
          "shortdesc": "Returns the Behavior with the specified name.",
          "parameters": {
            "parameter": [
              {
                "name": "name",
                "shortdesc": "The name.",
                "datatype": {
                  "type": "string"
                }
              }
            ]
          },
          "datatype": {
            "type": "Behavior"
          }
        },
        {
          "name": "itemByID",
          "shortdesc": "Returns the Behavior with the specified ID.",
          "parameters": {
            "parameter": [
              {
                "name": "id",
                "shortdesc": "The ID.",
                "datatype": {
                  "type": "number"
                }
              }
            ]
          },
          "datatype": {
            "type": "Behavior"
          }
        },
        {
          "name": "itemByRange",
          "shortdesc": "Returns the Behaviors within the specified range.",
          "parameters": {
            "parameter": [
              {
                "name": "from",
                "shortdesc": "The Behavior, index, or name at the beginning of the range. Can accept: Behavior, Long Integer or String.",
                "datatype": {
                  "type": "mixed"
                }
              },
              {
                "name": "to",
                "shortdesc": "The Behavior, index, or name at the end of the range. Can accept: Behavior, Long Integer or String.",
                "datatype": {
                  "type": "mixed"
                }
              }
            ]
          },
          "datatype": {
            "type": "Behavior",
            "array": {}
          }
        },
        {
          "name": "firstItem",
          "shortdesc": "Returns the first Behavior in the collection.",
          "datatype": {
            "type": "Behavior"
          }
        },
        {
          "name": "lastItem",
          "shortdesc": "Returns the last Behavior in the collection.",
          "datatype": {
            "type": "Behavior"
          }
        },
        {
          "name": "middleItem",
          "shortdesc": "Returns the middle Behavior in the collection.",
          "datatype": {
            "type": "Behavior"
          }
        },
        {
          "name": "previousItem",
          "shortdesc": "Returns the Behavior with the index previous to the specified index.",
          "parameters": {
            "parameter": [
              {
                "name": "obj",
                "shortdesc": "The index of the Behavior that follows the desired Behavior.",
                "datatype": {
                  "type": "Behavior"
                }
              }
            ]
          },
          "datatype": {
            "type": "Behavior"
          }
        },
        {
          "name": "nextItem",
          "shortdesc": "Returns the Behavior whose index follows the specified Behavior in the collection.",
          "parameters": {
            "parameter": [
              {
                "name": "obj",
                "shortdesc": "The Behavior whose index comes before the desired Behavior.",
                "datatype": {
                  "type": "Behavior"
                }
              }
            ]
          },
          "datatype": {
            "type": "Behavior"
          }
        },
        {
          "name": "anyItem",
          "shortdesc": "Returns any Behavior in the collection.",
          "datatype": {
            "type": "Behavior"
          }
        },
        {
          "name": "everyItem",
          "shortdesc": "Returns every Behavior in the collection.",
          "datatype": {
            "type": "Behavior",
            "array": {}
          }
        },
        {
          "name": "toSource",
          "shortdesc": "Generates a string which, if executed, will return the Behavior.",
          "datatype": {
            "type": "string"
          }
        },
        {
          "name": "[]",
          "shortdesc": "Returns the Behavior with the specified index.",
          "parameters": {
            "parameter": [
              {
                "name": "index",
                "shortdesc": "The index.",
                "datatype": {
                  "type": "number"
                }
              }
            ]
          },
          "datatype": {
            "type": "Behavior"
          }
        }
      ],
      "property": [
        {
          "name": "length",
          "rwaccess": "readonly",
          "shortdesc": "The number of objects in the collection.",
          "datatype": {
            "type": "number"
          }
        }
      ]
    }
  ]
}