{
  "name": "BevelAndEmbossTechnique",
  "enumeration": true,
  "shortdesc": "Bevel and emboss technique options.",
  "elements": [
    {
      "type": "class",
      "property": [
        {
          "name": "SMOOTH_CONTOUR",
          "rwaccess": "readonly",
          "shortdesc": "Emboss and bevel contours are smooth.",
          "datatype": {
            "type": "number",
            "value": 2020619105
          }
        },
        {
          "name": "CHISEL_HARD",
          "rwaccess": "readonly",
          "shortdesc": "Emboss and bevel contours are chiseled and have hard corners.",
          "datatype": {
            "type": "number",
            "value": 2020619106
          }
        },
        {
          "name": "CHISEL_SOFT",
          "rwaccess": "readonly",
          "shortdesc": "Emboss or bevel contours chiseled but softened somewhat.",
          "datatype": {
            "type": "number",
            "value": 2020619107
          }
        }
      ]
    }
  ]
}