{
  "name": "BevelAndEmbossStyle",
  "enumeration": true,
  "shortdesc": "Bevel and emboss style options.",
  "elements": [
    {
      "type": "class",
      "property": [
        {
          "name": "OUTER_BEVEL",
          "rwaccess": "readonly",
          "shortdesc": "The outside edges of the object are beveled.",
          "datatype": {
            "type": "number",
            "value": 2020618849
          }
        },
        {
          "name": "INNER_BEVEL",
          "rwaccess": "readonly",
          "shortdesc": "The inside edges of the object are beveled.",
          "datatype": {
            "type": "number",
            "value": 2020618850
          }
        },
        {
          "name": "EMBOSS",
          "rwaccess": "readonly",
          "shortdesc": "An emboss effect is applied to the object.",
          "datatype": {
            "type": "number",
            "value": 2020618851
          }
        },
        {
          "name": "PILLOW_EMBOSS",
          "rwaccess": "readonly",
          "shortdesc": "An emboss effect is applied to the edges of the object.",
          "datatype": {
            "type": "number",
            "value": 2020618852
          }
        }
      ]
    }
  ]
}