{
  "name": "BevelAndEmbossSetting",
  "dynamic": true,
  "superclass": {
    "href": "#/Preference",
    "$t": "Preference"
  },
  "shortdesc": "Bevel and emboss effect settings.",
  "elements": [
    {
      "type": "instance",
      "property": [
        {
          "name": "isValid",
          "rwaccess": "readonly",
          "shortdesc": "Returns true if the object specifier resolves to valid objects.",
          "datatype": {
            "type": "bool"
          }
        },
        {
          "name": "parent",
          "rwaccess": "readonly",
          "shortdesc": "The parent of the BevelAndEmbossSetting &amp;&#35;40;a TransparencySetting, StrokeTransparencySetting, FillTransparencySetting or ContentTransparencySetting&#41;.",
          "datatype": {
            "type": "mixed"
          }
        },
        {
          "name": "events",
          "rwaccess": "readonly",
          "shortdesc": "A collection of events.",
          "datatype": {
            "type": "Events"
          }
        },
        {
          "name": "eventListeners",
          "rwaccess": "readonly",
          "shortdesc": "A collection of event listeners.",
          "datatype": {
            "type": "EventListeners"
          }
        },
        {
          "name": "applied",
          "shortdesc": "If true, the bevel or emboss effect is applied.",
          "datatype": {
            "type": "bool"
          }
        },
        {
          "name": "style",
          "shortdesc": "The style of bevel or emboss.",
          "datatype": {
            "type": "BevelAndEmbossStyle"
          }
        },
        {
          "name": "technique",
          "shortdesc": "The edging technique of the bevel or emboss.",
          "datatype": {
            "type": "BevelAndEmbossTechnique"
          }
        },
        {
          "name": "depth",
          "shortdesc": "The depth of the bevel or emboss &amp;&#35;40;as a percentage&#41;. (Range: 0 to 1000)",
          "datatype": {
            "type": "number",
            "min": 0,
            "max": 1000
          }
        },
        {
          "name": "direction",
          "shortdesc": "The direction of the bevel or emboss.",
          "datatype": {
            "type": "BevelAndEmbossDirection"
          }
        },
        {
          "name": "size",
          "shortdesc": "The size of the bevel or emboss.",
          "datatype": {
            "type": "Measurement Unit &amp;&#35;40;Number or String&#41;=any",
            "min": 0,
            "max": 144
          }
        },
        {
          "name": "soften",
          "shortdesc": "The amount &amp;&#35;40;in pixels&#41; of softening.",
          "datatype": {
            "type": "Measurement Unit &amp;&#35;40;Number or String&#41;=any",
            "min": 0,
            "max": 144
          }
        },
        {
          "name": "angle",
          "shortdesc": "The angle of the light source. &amp;&#35;40;Range: -180 to 180&#41;",
          "datatype": {
            "type": "number",
            "min": -180,
            "max": 180
          }
        },
        {
          "name": "altitude",
          "shortdesc": "The altitude of the light source. &amp;&#35;40;Range: 0 to 90&#41;",
          "datatype": {
            "type": "number",
            "min": 0,
            "max": 100
          }
        },
        {
          "name": "useGlobalLight",
          "shortdesc": "If true, the global light source is used.",
          "datatype": {
            "type": "bool"
          }
        },
        {
          "name": "highlightColor",
          "shortdesc": "The color applied to the highlight portion of the effect, specified as a swatch &amp;&#35;40;color, gradient, tint, or mixed ink&#41;, a color library color, a hex value, or as an array of color values. The color mode dictates the array values: for RGB, specify three values, each in the range 0 to 255, in the format [R,G,B]; for CMYK, specify four values, each as a percentage and each in the range 0 to 100, in the format [C,M,Y,K]; for LAB, specify three values in the format [L,A,B], with L in the range 0 to 100 and A and B in the range -128 to 127; for HSB, specify three colors in the format [H,S,B], with H in the range 0 to 360 and S and B as percentages in the range 0 to 100.",
          "datatype": {
            "type": "Swatch"
          }
        },
        {
          "name": "highlightBlendMode",
          "shortdesc": "The blending mode for the highlight portion of the effect.",
          "datatype": {
            "type": "BlendMode"
          }
        },
        {
          "name": "highlightOpacity",
          "shortdesc": "The opacity of the highlight portion of the effect &amp;&#35;40;as a percentage&#41;. (Range: 0 to 100)",
          "datatype": {
            "type": "number",
            "min": 0,
            "max": 100
          }
        },
        {
          "name": "shadowColor",
          "shortdesc": "The color applied to the shadow portion of the effect, specified as a swatch &amp;&#35;40;color, gradient, tint, or mixed ink&#41;, a color library color, a hex value, or as an array of color values. The color mode dictates the array values: for RGB, specify three values, each in the range 0 to 255, in the format [R,G,B]; for CMYK, specify four values, each as a percentage and each in the range 0 to 100, in the format [C,M,Y,K]; for LAB, specify three values in the format [L,A,B], with L in the range 0 to 100 and A and B in the range -128 to 127; for HSB, specify three colors in the format [H,S,B], with H in the range 0 to 360 and S and B as percentages in the range 0 to 100.",
          "datatype": {
            "type": "Swatch"
          }
        },
        {
          "name": "shadowBlendMode",
          "shortdesc": "The blending mode for the shadow portion of the effect.",
          "datatype": {
            "type": "BlendMode"
          }
        },
        {
          "name": "shadowOpacity",
          "shortdesc": "The opacity of the shadow portion of the effect &amp;&#35;40;as a percentage&#41;. (Range: 0 to 100)",
          "datatype": {
            "type": "number",
            "min": 0,
            "max": 100
          }
        },
        {
          "name": "properties",
          "shortdesc": "A property that allows setting of several properties at the same time.",
          "datatype": {
            "type": "Object"
          }
        }
      ],
      "method": [
        {
          "name": "toSource",
          "shortdesc": "Generates a string which, if executed, will return the BevelAndEmbossSetting.",
          "datatype": {
            "type": "string"
          }
        },
        {
          "name": "getElements",
          "shortdesc": "Resolves the object specifier, creating an array of object references.",
          "datatype": {
            "type": "BevelAndEmbossSetting",
            "array": {}
          }
        },
        {
          "name": "toSpecifier",
          "shortdesc": "Retrieves the object specifier.",
          "datatype": {
            "type": "string"
          }
        },
        {
          "name": "addEventListener",
          "shortdesc": "Adds an event listener.",
          "parameters": {
            "parameter": [
              {
                "name": "eventType",
                "shortdesc": "The event type.",
                "datatype": {
                  "type": "string"
                }
              },
              {
                "name": "handler",
                "shortdesc": "The event handler. Can accept: File or JavaScript Function.",
                "datatype": {
                  "type": "mixed"
                }
              },
              {
                "name": "captures",
                "optional": true,
                "shortdesc": "This parameter is obsolete. &amp;&#35;40;Optional&#41;",
                "datatype": {
                  "type": "bool",
                  "value": false
                }
              }
            ]
          },
          "datatype": {
            "type": "EventListener"
          }
        },
        {
          "name": "removeEventListener",
          "shortdesc": "Removes the event listener.",
          "parameters": {
            "parameter": [
              {
                "name": "eventType",
                "shortdesc": "The registered event type.",
                "datatype": {
                  "type": "string"
                }
              },
              {
                "name": "handler",
                "shortdesc": "The registered event handler. Can accept: File or JavaScript Function.",
                "datatype": {
                  "type": "mixed"
                }
              },
              {
                "name": "captures",
                "optional": true,
                "shortdesc": "This parameter is obsolete. &amp;&#35;40;Optional&#41;",
                "datatype": {
                  "type": "bool",
                  "value": false
                }
              }
            ]
          },
          "datatype": {
            "type": "bool"
          }
        }
      ]
    }
  ]
}