{
  "name": "BlendMode",
  "enumeration": true,
  "shortdesc": "Blend mode options.",
  "elements": [
    {
      "type": "class",
      "property": [
        {
          "name": "NORMAL",
          "rwaccess": "readonly",
          "shortdesc": "Colors the object with the blend color, without interaction with the base color.",
          "datatype": {
            "type": "Number",
            "value": 1852797549
          }
        },
        {
          "name": "MULTIPLY",
          "rwaccess": "readonly",
          "shortdesc": "Multiplies the base color by the blend color, resulting in a darker color. Note: Multiplying with black produces black; multiplying with white leaves the color unchanged.",
          "datatype": {
            "type": "Number",
            "value": 2020625762
          }
        },
        {
          "name": "SCREEN",
          "rwaccess": "readonly",
          "shortdesc": "Multiplies the inverse of the blend and base colors, resulting in a lighter color. Note: Screening with white produces white; screening with black leaves the color unchanged.",
          "datatype": {
            "type": "Number",
            "value": 2020625763
          }
        },
        {
          "name": "OVERLAY",
          "rwaccess": "readonly",
          "shortdesc": "Multiplies or screens the colors, depending on the base color; patterns or colors overlay the existing artwork, preserving base color highlights and shadows while mixing in the blend color to reflect the lightness or darkness of the original color.",
          "datatype": {
            "type": "Number",
            "value": 2020625764
          }
        },
        {
          "name": "SOFT_LIGHT",
          "rwaccess": "readonly",
          "shortdesc": "For blend colors lighter than 50% gray, lightens the artwork as if it were dodged; for blend colors darker than 50% gray, darkens the artwork as if it were burned. Note: Painting with pure black or white produces a distinctly darker or lighter area, but does not result in pure black or white.",
          "datatype": {
            "type": "Number",
            "value": 2020625765
          }
        },
        {
          "name": "HARD_LIGHT",
          "rwaccess": "readonly",
          "shortdesc": "For blend colors lighter than 50% gray, lightens the artwork as if it were screened; for blend colors darker than 50% gray, darkens the artwork as if it were multiplied. Note: Painting with pure black or white results in pure black or white.",
          "datatype": {
            "type": "Number",
            "value": 2020625766
          }
        },
        {
          "name": "COLOR_DODGE",
          "rwaccess": "readonly",
          "shortdesc": "Brightens the base color to reflect the blend color. Note: Blending with pure black produces no change.",
          "datatype": {
            "type": "Number",
            "value": 2020625767
          }
        },
        {
          "name": "COLOR_BURN",
          "rwaccess": "readonly",
          "shortdesc": "Darkens the base color to reflect the blend color. Note: Blending with white produces no change.",
          "datatype": {
            "type": "Number",
            "value": 2020625768
          }
        },
        {
          "name": "DARKEN",
          "rwaccess": "readonly",
          "shortdesc": "Selects the darker of the base or blend colors as the resulting color; replaces areas lighter than the blend color but does not change areas darker than the blend color.",
          "datatype": {
            "type": "Number",
            "value": 2020625769
          }
        },
        {
          "name": "LIGHTEN",
          "rwaccess": "readonly",
          "shortdesc": "Selects the lighter of the base or blend colors as the resulting color; replaces areas darker than the blend color but does not change areas lighter than the blend color",
          "datatype": {
            "type": "Number",
            "value": 2020625770
          }
        },
        {
          "name": "DIFFERENCE",
          "rwaccess": "readonly",
          "shortdesc": "Subtracts either the blend color from the base color or vice versa, depending on which has the greater brightness value. Note: Blending with white inverts the base color values; blending with black produces no change.",
          "datatype": {
            "type": "Number",
            "value": 2020625771
          }
        },
        {
          "name": "EXCLUSION",
          "rwaccess": "readonly",
          "shortdesc": "Creates an effect similar to--but lower in contrast than--the difference blend mode. Note: Blending with white inverts the base color values; blending with black produces no change",
          "datatype": {
            "type": "Number",
            "value": 2020625772
          }
        },
        {
          "name": "HUE",
          "rwaccess": "readonly",
          "shortdesc": "Creates a color with the luminance and saturation of the base color and the hue of the blend color.",
          "datatype": {
            "type": "Number",
            "value": 2020625773
          }
        },
        {
          "name": "SATURATION",
          "rwaccess": "readonly",
          "shortdesc": "Creates a color with the luminance and hue of the base color and the saturation of the blend color. Note: Does not change areas with no saturation &#40;0% gray).",
          "datatype": {
            "type": "Number",
            "value": 1380545377
          }
        },
        {
          "name": "COLOR",
          "rwaccess": "readonly",
          "shortdesc": "Creates a color with the luminance of the base color and the hue and saturation of the blend color. Note: Preserves gray levels and is useful for coloring monochrome images or tinting color images. Creates the inverse effect of the luminosity blend mode.",
          "datatype": {
            "type": "Number",
            "value": 1668246642
          }
        },
        {
          "name": "LUMINOSITY",
          "rwaccess": "readonly",
          "shortdesc": "Creates a color with the hue and saturation of the base color and the luminance of the blend color. Note: Creates the inverse effect of the color blend mode.",
          "datatype": {
            "type": "Number",
            "value": 2020625776
          }
        }
      ]
    }
  ]
}