{
  "name": "BookContentStatus",
  "enumeration": true,
  "shortdesc": "Book content file status options.",
  "elements": [
    {
      "type": "class",
      "property": [
        {
          "name": "NORMAL",
          "rwaccess": "readonly",
          "shortdesc": "The book content object is not open and is unchanged.",
          "datatype": {
            "type": "number",
            "value": 1852797549
          }
        },
        {
          "name": "MISSING_DOCUMENT",
          "rwaccess": "readonly",
          "shortdesc": "The book content object is missing because it has been moved, renamed, or deleted.",
          "datatype": {
            "type": "number",
            "value": 1148150605
          }
        },
        {
          "name": "DOCUMENT_OUT_OF_DATE",
          "rwaccess": "readonly",
          "shortdesc": "The book content object has been modified after repagination.",
          "datatype": {
            "type": "number",
            "value": 1148150596
          }
        },
        {
          "name": "DOCUMENT_IN_USE",
          "rwaccess": "readonly",
          "shortdesc": "The book content object is being used by someone else and is therefore locked.",
          "datatype": {
            "type": "number",
            "value": 1148150601
          }
        },
        {
          "name": "DOCUMENT_IS_OPEN",
          "rwaccess": "readonly",
          "shortdesc": "The book content object is open.",
          "datatype": {
            "type": "number",
            "value": 1148150607
          }
        }
      ]
    }
  ]
}