{
  "name": "BookletTypeOptions",
  "enumeration": true,
  "shortdesc": "Booklet type options.",
  "elements": [
    {
      "type": "class",
      "property": [
        {
          "name": "TWO_UP_SADDLE_STITCH",
          "rwaccess": "readonly",
          "shortdesc": "Two up saddle stitch imposition.",
          "datatype": {
            "type": "number",
            "value": 1110594387
          }
        },
        {
          "name": "TWO_UP_PERFECT_BOUND",
          "rwaccess": "readonly",
          "shortdesc": "Two up perfect bound imposition.",
          "datatype": {
            "type": "number",
            "value": 1110593602
          }
        },
        {
          "name": "TWO_UP_CONSECUTIVE",
          "rwaccess": "readonly",
          "shortdesc": "Two up consecutive imposition.",
          "datatype": {
            "type": "number",
            "value": 1110590291
          }
        },
        {
          "name": "THREE_UP_CONSECUTIVE",
          "rwaccess": "readonly",
          "shortdesc": "Three up consecutive imposition.",
          "datatype": {
            "type": "number",
            "value": 1110655827
          }
        },
        {
          "name": "FOUR_UP_CONSECUTIVE",
          "rwaccess": "readonly",
          "shortdesc": "Four up consecutive imposition.",
          "datatype": {
            "type": "number",
            "value": 1110721363
          }
        }
      ]
    }
  ]
}