{
  "name": "Books",
  "dynamic": true,
  "shortdesc": "A collection of books.",
  "elements": [
    {
      "type": "instance",
      "method": [
        {
          "name": "add",
          "shortdesc": "Creates a new book.",
          "parameters": [
            {
              "name": "fullName",
              "shortdesc": "The full path name of the new book file, including the book file extension '.indb'.",
              "datatype": {
                "type": "File"
              }
            },
            {
              "name": "withProperties",
              "shortdesc": "Initial values for properties of the new Book &#40;Optional)",
              "datatype": {
                "type": "Object"
              }
            }
          ],
          "datatype": {
            "type": "Book"
          }
        },
        {
          "name": "count",
          "shortdesc": "Displays the number of elements in the Book.",
          "datatype": {
            "type": "Number"
          }
        },
        {
          "name": "item",
          "shortdesc": "Returns the Book with the specified index or name.",
          "parameters": [
            {
              "name": "index",
              "shortdesc": "The index or name. Can accept: Long Integer or String.",
              "datatype": {
                "type": "Mixed"
              }
            }
          ],
          "datatype": {
            "type": "Book"
          }
        },
        {
          "name": "itemByName",
          "shortdesc": "Returns the Book with the specified name.",
          "parameters": [
            {
              "name": "name",
              "shortdesc": "The name.",
              "datatype": {
                "type": "String"
              }
            }
          ],
          "datatype": {
            "type": "Book"
          }
        },
        {
          "name": "itemByRange",
          "shortdesc": "Returns the Books within the specified range.",
          "parameters": [
            {
              "name": "from",
              "shortdesc": "The Book, index, or name at the beginning of the range. Can accept: Book, Long Integer or String.",
              "datatype": {
                "type": "Mixed"
              }
            },
            {
              "name": "to",
              "shortdesc": "The Book, index, or name at the end of the range. Can accept: Book, Long Integer or String.",
              "datatype": {
                "type": "Mixed"
              }
            }
          ],
          "datatype": {
            "type": "Book",
            "array": true
          }
        },
        {
          "name": "firstItem",
          "shortdesc": "Returns the first Book in the collection.",
          "datatype": {
            "type": "Book"
          }
        },
        {
          "name": "lastItem",
          "shortdesc": "Returns the last Book in the collection.",
          "datatype": {
            "type": "Book"
          }
        },
        {
          "name": "middleItem",
          "shortdesc": "Returns the middle Book in the collection.",
          "datatype": {
            "type": "Book"
          }
        },
        {
          "name": "previousItem",
          "shortdesc": "Returns the Book with the index previous to the specified index.",
          "parameters": [
            {
              "name": "obj",
              "shortdesc": "The index of the Book that follows the desired Book.",
              "datatype": {
                "type": "Book"
              }
            }
          ],
          "datatype": {
            "type": "Book"
          }
        },
        {
          "name": "nextItem",
          "shortdesc": "Returns the Book whose index follows the specified Book in the collection.",
          "parameters": [
            {
              "name": "obj",
              "shortdesc": "The Book whose index comes before the desired Book.",
              "datatype": {
                "type": "Book"
              }
            }
          ],
          "datatype": {
            "type": "Book"
          }
        },
        {
          "name": "anyItem",
          "shortdesc": "Returns any Book in the collection.",
          "datatype": {
            "type": "Book"
          }
        },
        {
          "name": "everyItem",
          "shortdesc": "Returns every Book in the collection.",
          "datatype": {
            "type": "Book",
            "array": true
          }
        },
        {
          "name": "toSource",
          "shortdesc": "Generates a string which, if executed, will return the Book.",
          "datatype": {
            "type": "String"
          }
        },
        {
          "name": "[]",
          "shortdesc": "Returns the Book with the specified index.",
          "parameters": [
            {
              "name": "index",
              "shortdesc": "The index.",
              "datatype": {
                "type": "Number"
              }
            }
          ],
          "datatype": {
            "type": "Book"
          }
        }
      ],
      "property": [
        {
          "name": "length",
          "rwaccess": "readonly",
          "shortdesc": "The number of objects in the collection.",
          "datatype": {
            "type": "Number"
          }
        }
      ]
    }
  ]
}