{
  "name": "BookContents",
  "dynamic": true,
  "shortdesc": "A collection of book content objects.",
  "elements": [
    {
      "type": "instance",
      "method": [
        {
          "name": "add",
          "shortdesc": "Creates a new book content object.",
          "parameters": {
            "parameter": [
              {
                "name": "fullName",
                "shortdesc": "The full path name of the new book content object.",
                "datatype": {
                  "type": "File"
                }
              },
              {
                "name": "at",
                "optional": true,
                "shortdesc": "The location of the book content object within the book. &amp;&#35;40;Optional&#41;",
                "datatype": {
                  "type": "number",
                  "value": -1
                }
              },
              {
                "name": "withProperties",
                "shortdesc": "Initial values for properties of the new BookContent &amp;&#35;40;Optional&#41;",
                "datatype": {
                  "type": "Object"
                }
              }
            ]
          },
          "datatype": {
            "type": "BookContent"
          }
        },
        {
          "name": "count",
          "shortdesc": "Displays the number of elements in the BookContent.",
          "datatype": {
            "type": "number"
          }
        },
        {
          "name": "item",
          "shortdesc": "Returns the BookContent with the specified index or name.",
          "parameters": {
            "parameter": [
              {
                "name": "index",
                "shortdesc": "The index or name. Can accept: Long Integer or String.",
                "datatype": {
                  "type": "mixed"
                }
              }
            ]
          },
          "datatype": {
            "type": "BookContent"
          }
        },
        {
          "name": "itemByName",
          "shortdesc": "Returns the BookContent with the specified name.",
          "parameters": {
            "parameter": [
              {
                "name": "name",
                "shortdesc": "The name.",
                "datatype": {
                  "type": "string"
                }
              }
            ]
          },
          "datatype": {
            "type": "BookContent"
          }
        },
        {
          "name": "itemByID",
          "shortdesc": "Returns the BookContent with the specified ID.",
          "parameters": {
            "parameter": [
              {
                "name": "id",
                "shortdesc": "The ID.",
                "datatype": {
                  "type": "number"
                }
              }
            ]
          },
          "datatype": {
            "type": "BookContent"
          }
        },
        {
          "name": "itemByRange",
          "shortdesc": "Returns the BookContents within the specified range.",
          "parameters": {
            "parameter": [
              {
                "name": "from",
                "shortdesc": "The BookContent, index, or name at the beginning of the range. Can accept: BookContent, Long Integer or String.",
                "datatype": {
                  "type": "mixed"
                }
              },
              {
                "name": "to",
                "shortdesc": "The BookContent, index, or name at the end of the range. Can accept: BookContent, Long Integer or String.",
                "datatype": {
                  "type": "mixed"
                }
              }
            ]
          },
          "datatype": {
            "type": "BookContent",
            "array": {}
          }
        },
        {
          "name": "firstItem",
          "shortdesc": "Returns the first BookContent in the collection.",
          "datatype": {
            "type": "BookContent"
          }
        },
        {
          "name": "lastItem",
          "shortdesc": "Returns the last BookContent in the collection.",
          "datatype": {
            "type": "BookContent"
          }
        },
        {
          "name": "middleItem",
          "shortdesc": "Returns the middle BookContent in the collection.",
          "datatype": {
            "type": "BookContent"
          }
        },
        {
          "name": "previousItem",
          "shortdesc": "Returns the BookContent with the index previous to the specified index.",
          "parameters": {
            "parameter": [
              {
                "name": "obj",
                "shortdesc": "The index of the BookContent that follows the desired BookContent.",
                "datatype": {
                  "type": "BookContent"
                }
              }
            ]
          },
          "datatype": {
            "type": "BookContent"
          }
        },
        {
          "name": "nextItem",
          "shortdesc": "Returns the BookContent whose index follows the specified BookContent in the collection.",
          "parameters": {
            "parameter": [
              {
                "name": "obj",
                "shortdesc": "The BookContent whose index comes before the desired BookContent.",
                "datatype": {
                  "type": "BookContent"
                }
              }
            ]
          },
          "datatype": {
            "type": "BookContent"
          }
        },
        {
          "name": "anyItem",
          "shortdesc": "Returns any BookContent in the collection.",
          "datatype": {
            "type": "BookContent"
          }
        },
        {
          "name": "everyItem",
          "shortdesc": "Returns every BookContent in the collection.",
          "datatype": {
            "type": "BookContent",
            "array": {}
          }
        },
        {
          "name": "toSource",
          "shortdesc": "Generates a string which, if executed, will return the BookContent.",
          "datatype": {
            "type": "string"
          }
        },
        {
          "name": "[]",
          "shortdesc": "Returns the BookContent with the specified index.",
          "parameters": {
            "parameter": [
              {
                "name": "index",
                "shortdesc": "The index.",
                "datatype": {
                  "type": "number"
                }
              }
            ]
          },
          "datatype": {
            "type": "BookContent"
          }
        }
      ],
      "property": [
        {
          "name": "length",
          "rwaccess": "readonly",
          "shortdesc": "The number of objects in the collection.",
          "datatype": {
            "type": "number"
          }
        }
      ]
    }
  ]
}