{
  "name": "Bookmarks",
  "dynamic": true,
  "shortdesc": "A collection of bookmarks.",
  "elements": [
    {
      "type": "instance",
      "method": [
        {
          "name": "add",
          "shortdesc": "Creates a new bookmark.",
          "parameters": {
            "parameter": [
              {
                "name": "destination",
                "shortdesc": "The bookmark destination. Can accept: HyperlinkTextDestination, HyperlinkPageDestination, HyperlinkExternalPageDestination or Page.",
                "datatype": {
                  "type": "mixed"
                }
              },
              {
                "name": "withProperties",
                "shortdesc": "Initial values for properties of the new Bookmark &amp;&#35;40;Optional&#41;",
                "datatype": {
                  "type": "Object"
                }
              }
            ]
          },
          "datatype": {
            "type": "Bookmark"
          }
        },
        {
          "name": "count",
          "shortdesc": "Displays the number of elements in the Bookmark.",
          "datatype": {
            "type": "number"
          }
        },
        {
          "name": "item",
          "shortdesc": "Returns the Bookmark with the specified index or name.",
          "parameters": {
            "parameter": [
              {
                "name": "index",
                "shortdesc": "The index or name. Can accept: Long Integer or String.",
                "datatype": {
                  "type": "mixed"
                }
              }
            ]
          },
          "datatype": {
            "type": "Bookmark"
          }
        },
        {
          "name": "itemByName",
          "shortdesc": "Returns the Bookmark with the specified name.",
          "parameters": {
            "parameter": [
              {
                "name": "name",
                "shortdesc": "The name.",
                "datatype": {
                  "type": "string"
                }
              }
            ]
          },
          "datatype": {
            "type": "Bookmark"
          }
        },
        {
          "name": "itemByID",
          "shortdesc": "Returns the Bookmark with the specified ID.",
          "parameters": {
            "parameter": [
              {
                "name": "id",
                "shortdesc": "The ID.",
                "datatype": {
                  "type": "number"
                }
              }
            ]
          },
          "datatype": {
            "type": "Bookmark"
          }
        },
        {
          "name": "itemByRange",
          "shortdesc": "Returns the Bookmarks within the specified range.",
          "parameters": {
            "parameter": [
              {
                "name": "from",
                "shortdesc": "The Bookmark, index, or name at the beginning of the range. Can accept: Bookmark, Long Integer or String.",
                "datatype": {
                  "type": "mixed"
                }
              },
              {
                "name": "to",
                "shortdesc": "The Bookmark, index, or name at the end of the range. Can accept: Bookmark, Long Integer or String.",
                "datatype": {
                  "type": "mixed"
                }
              }
            ]
          },
          "datatype": {
            "type": "Bookmark",
            "array": {}
          }
        },
        {
          "name": "firstItem",
          "shortdesc": "Returns the first Bookmark in the collection.",
          "datatype": {
            "type": "Bookmark"
          }
        },
        {
          "name": "lastItem",
          "shortdesc": "Returns the last Bookmark in the collection.",
          "datatype": {
            "type": "Bookmark"
          }
        },
        {
          "name": "middleItem",
          "shortdesc": "Returns the middle Bookmark in the collection.",
          "datatype": {
            "type": "Bookmark"
          }
        },
        {
          "name": "previousItem",
          "shortdesc": "Returns the Bookmark with the index previous to the specified index.",
          "parameters": {
            "parameter": [
              {
                "name": "obj",
                "shortdesc": "The index of the Bookmark that follows the desired Bookmark.",
                "datatype": {
                  "type": "Bookmark"
                }
              }
            ]
          },
          "datatype": {
            "type": "Bookmark"
          }
        },
        {
          "name": "nextItem",
          "shortdesc": "Returns the Bookmark whose index follows the specified Bookmark in the collection.",
          "parameters": {
            "parameter": [
              {
                "name": "obj",
                "shortdesc": "The Bookmark whose index comes before the desired Bookmark.",
                "datatype": {
                  "type": "Bookmark"
                }
              }
            ]
          },
          "datatype": {
            "type": "Bookmark"
          }
        },
        {
          "name": "anyItem",
          "shortdesc": "Returns any Bookmark in the collection.",
          "datatype": {
            "type": "Bookmark"
          }
        },
        {
          "name": "everyItem",
          "shortdesc": "Returns every Bookmark in the collection.",
          "datatype": {
            "type": "Bookmark",
            "array": {}
          }
        },
        {
          "name": "toSource",
          "shortdesc": "Generates a string which, if executed, will return the Bookmark.",
          "datatype": {
            "type": "string"
          }
        },
        {
          "name": "[]",
          "shortdesc": "Returns the Bookmark with the specified index.",
          "parameters": {
            "parameter": [
              {
                "name": "index",
                "shortdesc": "The index.",
                "datatype": {
                  "type": "number"
                }
              }
            ]
          },
          "datatype": {
            "type": "Bookmark"
          }
        }
      ],
      "property": [
        {
          "name": "length",
          "rwaccess": "readonly",
          "shortdesc": "The number of objects in the collection.",
          "datatype": {
            "type": "number"
          }
        }
      ]
    }
  ]
}