{
  "name": "Bookmarks",
  "dynamic": true,
  "shortdesc": "A collection of bookmarks.",
  "elements": [
    {
      "type": "instance",
      "method": [
        {
          "name": "add",
          "shortdesc": "Creates a new bookmark.",
          "parameters": [
            {
              "name": "destination",
              "shortdesc": "The bookmark destination. Can accept: HyperlinkTextDestination, HyperlinkPageDestination, HyperlinkExternalPageDestination or Page.",
              "datatype": {
                "type": "Mixed"
              }
            },
            {
              "name": "withProperties",
              "shortdesc": "Initial values for properties of the new Bookmark &#40;Optional)",
              "datatype": {
                "type": "Object"
              }
            }
          ],
          "datatype": {
            "type": "Bookmark"
          }
        },
        {
          "name": "count",
          "shortdesc": "Displays the number of elements in the Bookmark.",
          "datatype": {
            "type": "Number"
          }
        },
        {
          "name": "item",
          "shortdesc": "Returns the Bookmark with the specified index or name.",
          "parameters": [
            {
              "name": "index",
              "shortdesc": "The index or name. Can accept: Long Integer or String.",
              "datatype": {
                "type": "Mixed"
              }
            }
          ],
          "datatype": {
            "type": "Bookmark"
          }
        },
        {
          "name": "itemByName",
          "shortdesc": "Returns the Bookmark with the specified name.",
          "parameters": [
            {
              "name": "name",
              "shortdesc": "The name.",
              "datatype": {
                "type": "String"
              }
            }
          ],
          "datatype": {
            "type": "Bookmark"
          }
        },
        {
          "name": "itemByID",
          "shortdesc": "Returns the Bookmark with the specified ID.",
          "parameters": [
            {
              "name": "id",
              "shortdesc": "The ID.",
              "datatype": {
                "type": "Number"
              }
            }
          ],
          "datatype": {
            "type": "Bookmark"
          }
        },
        {
          "name": "itemByRange",
          "shortdesc": "Returns the Bookmarks within the specified range.",
          "parameters": [
            {
              "name": "from",
              "shortdesc": "The Bookmark, index, or name at the beginning of the range. Can accept: Bookmark, Long Integer or String.",
              "datatype": {
                "type": "Mixed"
              }
            },
            {
              "name": "to",
              "shortdesc": "The Bookmark, index, or name at the end of the range. Can accept: Bookmark, Long Integer or String.",
              "datatype": {
                "type": "Mixed"
              }
            }
          ],
          "datatype": {
            "type": "Bookmark",
            "array": true
          }
        },
        {
          "name": "firstItem",
          "shortdesc": "Returns the first Bookmark in the collection.",
          "datatype": {
            "type": "Bookmark"
          }
        },
        {
          "name": "lastItem",
          "shortdesc": "Returns the last Bookmark in the collection.",
          "datatype": {
            "type": "Bookmark"
          }
        },
        {
          "name": "middleItem",
          "shortdesc": "Returns the middle Bookmark in the collection.",
          "datatype": {
            "type": "Bookmark"
          }
        },
        {
          "name": "previousItem",
          "shortdesc": "Returns the Bookmark with the index previous to the specified index.",
          "parameters": [
            {
              "name": "obj",
              "shortdesc": "The index of the Bookmark that follows the desired Bookmark.",
              "datatype": {
                "type": "Bookmark"
              }
            }
          ],
          "datatype": {
            "type": "Bookmark"
          }
        },
        {
          "name": "nextItem",
          "shortdesc": "Returns the Bookmark whose index follows the specified Bookmark in the collection.",
          "parameters": [
            {
              "name": "obj",
              "shortdesc": "The Bookmark whose index comes before the desired Bookmark.",
              "datatype": {
                "type": "Bookmark"
              }
            }
          ],
          "datatype": {
            "type": "Bookmark"
          }
        },
        {
          "name": "anyItem",
          "shortdesc": "Returns any Bookmark in the collection.",
          "datatype": {
            "type": "Bookmark"
          }
        },
        {
          "name": "everyItem",
          "shortdesc": "Returns every Bookmark in the collection.",
          "datatype": {
            "type": "Bookmark",
            "array": true
          }
        },
        {
          "name": "toSource",
          "shortdesc": "Generates a string which, if executed, will return the Bookmark.",
          "datatype": {
            "type": "String"
          }
        },
        {
          "name": "[]",
          "shortdesc": "Returns the Bookmark with the specified index.",
          "parameters": [
            {
              "name": "index",
              "shortdesc": "The index.",
              "datatype": {
                "type": "Number"
              }
            }
          ],
          "datatype": {
            "type": "Bookmark"
          }
        }
      ],
      "property": [
        {
          "name": "length",
          "rwaccess": "readonly",
          "shortdesc": "The number of objects in the collection.",
          "datatype": {
            "type": "Number"
          }
        }
      ]
    }
  ]
}