{
  "name": "Boolean",
  "dynamic": true,
  "shortdesc": "Wraps a Boolean value.",
  "elements": [
    {
      "type": "constructor",
      "method": [
        {
          "name": "Boolean",
          "shortdesc": "Creates and returns a new Boolean object set to the value of the argument converted to a boolean.",
          "parameters": [
            {
              "name": "value",
              "shortdesc": "The value to be converted to a Boolean.",
              "datatype": {
                "type": "any"
              }
            }
          ],
          "datatype": {
            "type": "Boolean"
          },
          "example": "new Boolean&amp;&#35;40;value&#41;"
        }
      ]
    },
    {
      "type": "instance",
      "method": [
        {
          "name": "toSource",
          "datatype": {
            "type": "String"
          }
        },
        {
          "name": "toString",
          "shortdesc": "Returns the string representation of the value of bool.",
          "description": "The method returns the string true if the primitive value of bool is true; otherwise it returns the string false.",
          "datatype": {
            "type": "String"
          },
          "example": "bool.toString&amp;&#35;40;&#41;"
        },
        {
          "name": "valueOf",
          "shortdesc": "Returns the primitive value of bool.",
          "description": "The method returns true if the primitive value of bool is true; otherwise it returns false.",
          "datatype": {
            "type": "Boolean"
          },
          "example": "bool.valueOf&amp;&#35;40;&#41;"
        }
      ]
    }
  ]
}