{
  "name": "Bounds",
  "dynamic": true,
  "shortdesc": "Defines the boundaries of a window within the screen’s coordinate space, or of a UI element within the container’s coordinate space.",
  "elements": [
    {
      "type": "instance",
      "property": [
        {
          "name": "x",
          "shortdesc": "The horizontal coordinate, a pixel offset from the origin of the element's coordinate space.",
          "datatype": {
            "type": "Number"
          }
        },
        {
          "name": "y",
          "shortdesc": "The vertical coordinate, a pixel offset from the origin of the element's coordinate space.",
          "datatype": {
            "type": "Number"
          }
        },
        {
          "name": "width",
          "shortdesc": "The width in pixels.",
          "datatype": {
            "type": "Number"
          }
        },
        {
          "name": "height",
          "shortdesc": "The height in pixels.",
          "datatype": {
            "type": "Number"
          }
        },
        {
          "name": "left",
          "shortdesc": "The horizontal coordinate, a pixel offset from the origin of the element's coordinate space.",
          "datatype": {
            "type": "Number"
          }
        },
        {
          "name": "right",
          "shortdesc": "The width in pixels.",
          "datatype": {
            "type": "Number"
          }
        },
        {
          "name": "top",
          "shortdesc": "The height in pixels.",
          "datatype": {
            "type": "Number"
          }
        },
        {
          "name": "bottom",
          "shortdesc": "The vertical coordinate, a pixel offset from the origin of the element's coordinate space.",
          "datatype": {
            "type": "Number"
          }
        },
        {
          "name": "length",
          "rwaccess": "readonly",
          "shortdesc": "The array length.",
          "datatype": {
            "type": "Number",
            "value": 4
          }
        }
      ]
    }
  ]
}