{
  "name": "BoundingBoxLimits",
  "enumeration": true,
  "shortdesc": "Bounding box limits.",
  "elements": [
    {
      "type": "class",
      "property": [
        {
          "name": "OUTER_STROKE_BOUNDS",
          "rwaccess": "readonly",
          "shortdesc": "Outer stroke bounds",
          "datatype": {
            "type": "Number",
            "value": 1768844081
          }
        },
        {
          "name": "GEOMETRIC_PATH_BOUNDS",
          "rwaccess": "readonly",
          "shortdesc": "Geometric path bounds",
          "datatype": {
            "type": "Number",
            "value": 1768844080
          }
        }
      ]
    }
  ]
}