{
  "name": "BuildingBlocks",
  "dynamic": true,
  "shortdesc": "A collection of cross reference building blocks.",
  "elements": [
    {
      "type": "instance",
      "method": [
        {
          "name": "add",
          "shortdesc": "Creates a new cross reference building block.",
          "parameters": {
            "parameter": [
              {
                "name": "blockType",
                "shortdesc": "Type of the building block.",
                "datatype": {
                  "type": "BuildingBlockTypes"
                }
              },
              {
                "name": "appliedCharacterStyle",
                "shortdesc": "Character style to be applied to the building block. &amp;&#35;40;Optional&#41;",
                "datatype": {
                  "type": "CharacterStyle"
                }
              },
              {
                "name": "customText",
                "shortdesc": "Building block custom text. Currently this is only useful in custom string building block. It is ignored for other types of building blocks. &amp;&#35;40;Optional&#41;",
                "datatype": {
                  "type": "string"
                }
              },
              {
                "name": "withProperties",
                "shortdesc": "Initial values for properties of the new BuildingBlock &amp;&#35;40;Optional&#41;",
                "datatype": {
                  "type": "Object"
                }
              }
            ]
          },
          "datatype": {
            "type": "BuildingBlock"
          }
        },
        {
          "name": "count",
          "shortdesc": "Displays the number of elements in the BuildingBlock.",
          "datatype": {
            "type": "number"
          }
        },
        {
          "name": "item",
          "shortdesc": "Returns the BuildingBlock with the specified index or name.",
          "parameters": {
            "parameter": [
              {
                "name": "index",
                "shortdesc": "The index or name. Can accept: Long Integer or String.",
                "datatype": {
                  "type": "mixed"
                }
              }
            ]
          },
          "datatype": {
            "type": "BuildingBlock"
          }
        },
        {
          "name": "itemByRange",
          "shortdesc": "Returns the BuildingBlocks within the specified range.",
          "parameters": {
            "parameter": [
              {
                "name": "from",
                "shortdesc": "The BuildingBlock, index, or name at the beginning of the range. Can accept: BuildingBlock, Long Integer or String.",
                "datatype": {
                  "type": "mixed"
                }
              },
              {
                "name": "to",
                "shortdesc": "The BuildingBlock, index, or name at the end of the range. Can accept: BuildingBlock, Long Integer or String.",
                "datatype": {
                  "type": "mixed"
                }
              }
            ]
          },
          "datatype": {
            "type": "BuildingBlock",
            "array": {}
          }
        },
        {
          "name": "firstItem",
          "shortdesc": "Returns the first BuildingBlock in the collection.",
          "datatype": {
            "type": "BuildingBlock"
          }
        },
        {
          "name": "lastItem",
          "shortdesc": "Returns the last BuildingBlock in the collection.",
          "datatype": {
            "type": "BuildingBlock"
          }
        },
        {
          "name": "middleItem",
          "shortdesc": "Returns the middle BuildingBlock in the collection.",
          "datatype": {
            "type": "BuildingBlock"
          }
        },
        {
          "name": "previousItem",
          "shortdesc": "Returns the BuildingBlock with the index previous to the specified index.",
          "parameters": {
            "parameter": [
              {
                "name": "obj",
                "shortdesc": "The index of the BuildingBlock that follows the desired BuildingBlock.",
                "datatype": {
                  "type": "BuildingBlock"
                }
              }
            ]
          },
          "datatype": {
            "type": "BuildingBlock"
          }
        },
        {
          "name": "nextItem",
          "shortdesc": "Returns the BuildingBlock whose index follows the specified BuildingBlock in the collection.",
          "parameters": {
            "parameter": [
              {
                "name": "obj",
                "shortdesc": "The BuildingBlock whose index comes before the desired BuildingBlock.",
                "datatype": {
                  "type": "BuildingBlock"
                }
              }
            ]
          },
          "datatype": {
            "type": "BuildingBlock"
          }
        },
        {
          "name": "anyItem",
          "shortdesc": "Returns any BuildingBlock in the collection.",
          "datatype": {
            "type": "BuildingBlock"
          }
        },
        {
          "name": "everyItem",
          "shortdesc": "Returns every BuildingBlock in the collection.",
          "datatype": {
            "type": "BuildingBlock",
            "array": {}
          }
        },
        {
          "name": "toSource",
          "shortdesc": "Generates a string which, if executed, will return the BuildingBlock.",
          "datatype": {
            "type": "string"
          }
        },
        {
          "name": "[]",
          "shortdesc": "Returns the BuildingBlock with the specified index.",
          "parameters": {
            "parameter": [
              {
                "name": "index",
                "shortdesc": "The index.",
                "datatype": {
                  "type": "number"
                }
              }
            ]
          },
          "datatype": {
            "type": "BuildingBlock"
          }
        }
      ],
      "property": [
        {
          "name": "length",
          "rwaccess": "readonly",
          "shortdesc": "The number of objects in the collection.",
          "datatype": {
            "type": "number"
          }
        }
      ]
    }
  ]
}