{
  "name": "BuildingBlockTypes",
  "enumeration": true,
  "shortdesc": "Cross reference building block types.",
  "elements": [
    {
      "type": "class",
      "property": [
        {
          "name": "CUSTOM_STRING_BUILDING_BLOCK",
          "rwaccess": "readonly",
          "shortdesc": "Custom string building block type.",
          "datatype": {
            "type": "number",
            "value": 1650615155
          }
        },
        {
          "name": "FILE_NAME_BUILDING_BLOCK",
          "rwaccess": "readonly",
          "shortdesc": "File name building block type.",
          "datatype": {
            "type": "number",
            "value": 1650615918
          }
        },
        {
          "name": "CHAPTER_NUMBER_BUILDING_BLOCK",
          "rwaccess": "readonly",
          "shortdesc": "Chapter number building block type.",
          "datatype": {
            "type": "number",
            "value": 1650615150
          }
        },
        {
          "name": "PAGE_NUMBER_BUILDING_BLOCK",
          "rwaccess": "readonly",
          "shortdesc": "Page number building block type.",
          "datatype": {
            "type": "number",
            "value": 1650618478
          }
        },
        {
          "name": "FULL_PARAGRAPH_BUILDING_BLOCK",
          "rwaccess": "readonly",
          "shortdesc": "Full paragraph building block type.",
          "datatype": {
            "type": "number",
            "value": 1650615920
          }
        },
        {
          "name": "PARAGRAPH_NUMBER_BUILDING_BLOCK",
          "rwaccess": "readonly",
          "shortdesc": "Paragraph number building block type.",
          "datatype": {
            "type": "number",
            "value": 1651533678
          }
        },
        {
          "name": "PARAGRAPH_TEXT_BUILDING_BLOCK",
          "rwaccess": "readonly",
          "shortdesc": "Paragraph text building block type.",
          "datatype": {
            "type": "number",
            "value": 1650618484
          }
        },
        {
          "name": "BOOKMARK_NAME_BUILDING_BLOCK",
          "rwaccess": "readonly",
          "shortdesc": "Bookmark name building block type.",
          "datatype": {
            "type": "number",
            "value": 1650614894
          }
        }
      ]
    }
  ]
}