{
  "name": "BuildingBlocks",
  "dynamic": true,
  "shortdesc": "A collection of cross reference building blocks.",
  "elements": [
    {
      "type": "instance",
      "method": [
        {
          "name": "add",
          "shortdesc": "Creates a new cross reference building block.",
          "parameters": [
            {
              "name": "blockType",
              "shortdesc": "Type of the building block.",
              "datatype": {
                "type": "BuildingBlockTypes"
              }
            },
            {
              "name": "appliedCharacterStyle",
              "shortdesc": "Character style to be applied to the building block. &#40;Optional)",
              "datatype": {
                "type": "CharacterStyle"
              }
            },
            {
              "name": "customText",
              "shortdesc": "Building block custom text. Currently this is only useful in custom string building block. It is ignored for other types of building blocks. &#40;Optional)",
              "datatype": {
                "type": "String"
              }
            },
            {
              "name": "withProperties",
              "shortdesc": "Initial values for properties of the new BuildingBlock &#40;Optional)",
              "datatype": {
                "type": "Object"
              }
            }
          ],
          "datatype": {
            "type": "BuildingBlock"
          }
        },
        {
          "name": "count",
          "shortdesc": "Displays the number of elements in the BuildingBlock.",
          "datatype": {
            "type": "Number"
          }
        },
        {
          "name": "item",
          "shortdesc": "Returns the BuildingBlock with the specified index or name.",
          "parameters": [
            {
              "name": "index",
              "shortdesc": "The index or name. Can accept: Long Integer or String.",
              "datatype": {
                "type": "Mixed"
              }
            }
          ],
          "datatype": {
            "type": "BuildingBlock"
          }
        },
        {
          "name": "itemByRange",
          "shortdesc": "Returns the BuildingBlocks within the specified range.",
          "parameters": [
            {
              "name": "from",
              "shortdesc": "The BuildingBlock, index, or name at the beginning of the range. Can accept: BuildingBlock, Long Integer or String.",
              "datatype": {
                "type": "Mixed"
              }
            },
            {
              "name": "to",
              "shortdesc": "The BuildingBlock, index, or name at the end of the range. Can accept: BuildingBlock, Long Integer or String.",
              "datatype": {
                "type": "Mixed"
              }
            }
          ],
          "datatype": {
            "type": "BuildingBlock",
            "array": true
          }
        },
        {
          "name": "firstItem",
          "shortdesc": "Returns the first BuildingBlock in the collection.",
          "datatype": {
            "type": "BuildingBlock"
          }
        },
        {
          "name": "lastItem",
          "shortdesc": "Returns the last BuildingBlock in the collection.",
          "datatype": {
            "type": "BuildingBlock"
          }
        },
        {
          "name": "middleItem",
          "shortdesc": "Returns the middle BuildingBlock in the collection.",
          "datatype": {
            "type": "BuildingBlock"
          }
        },
        {
          "name": "previousItem",
          "shortdesc": "Returns the BuildingBlock with the index previous to the specified index.",
          "parameters": [
            {
              "name": "obj",
              "shortdesc": "The index of the BuildingBlock that follows the desired BuildingBlock.",
              "datatype": {
                "type": "BuildingBlock"
              }
            }
          ],
          "datatype": {
            "type": "BuildingBlock"
          }
        },
        {
          "name": "nextItem",
          "shortdesc": "Returns the BuildingBlock whose index follows the specified BuildingBlock in the collection.",
          "parameters": [
            {
              "name": "obj",
              "shortdesc": "The BuildingBlock whose index comes before the desired BuildingBlock.",
              "datatype": {
                "type": "BuildingBlock"
              }
            }
          ],
          "datatype": {
            "type": "BuildingBlock"
          }
        },
        {
          "name": "anyItem",
          "shortdesc": "Returns any BuildingBlock in the collection.",
          "datatype": {
            "type": "BuildingBlock"
          }
        },
        {
          "name": "everyItem",
          "shortdesc": "Returns every BuildingBlock in the collection.",
          "datatype": {
            "type": "BuildingBlock",
            "array": true
          }
        },
        {
          "name": "toSource",
          "shortdesc": "Generates a string which, if executed, will return the BuildingBlock.",
          "datatype": {
            "type": "String"
          }
        },
        {
          "name": "[]",
          "shortdesc": "Returns the BuildingBlock with the specified index.",
          "parameters": [
            {
              "name": "index",
              "shortdesc": "The index.",
              "datatype": {
                "type": "Number"
              }
            }
          ],
          "datatype": {
            "type": "BuildingBlock"
          }
        }
      ],
      "property": [
        {
          "name": "length",
          "rwaccess": "readonly",
          "shortdesc": "The number of objects in the collection.",
          "datatype": {
            "type": "Number"
          }
        }
      ]
    }
  ]
}