{
  "name": "BulletCharacterType",
  "enumeration": true,
  "shortdesc": "Bullet character type.",
  "elements": [
    {
      "type": "class",
      "property": [
        {
          "name": "UNICODE_ONLY",
          "rwaccess": "readonly",
          "shortdesc": "Unicode only.",
          "datatype": {
            "type": "number",
            "value": 1111717231
          }
        },
        {
          "name": "UNICODE_WITH_FONT",
          "rwaccess": "readonly",
          "shortdesc": "Unicode with font.",
          "datatype": {
            "type": "number",
            "value": 1111717222
          }
        },
        {
          "name": "GLYPH_WITH_FONT",
          "rwaccess": "readonly",
          "shortdesc": "Glyph with font.",
          "datatype": {
            "type": "number",
            "value": 1111713638
          }
        }
      ]
    }
  ]
}