{
  "name": "Buttons",
  "dynamic": true,
  "shortdesc": "A collection of buttons.",
  "elements": [
    {
      "type": "instance",
      "method": [
        {
          "name": "count",
          "shortdesc": "Displays the number of elements in the Button.",
          "datatype": {
            "type": "number"
          }
        },
        {
          "name": "add",
          "shortdesc": "Creates a new Button",
          "parameters": {
            "parameter": [
              {
                "name": "layer",
                "shortdesc": "The layer on which to create the Button. &amp;&#35;40;Optional&#41;",
                "datatype": {
                  "type": "Layer"
                }
              },
              {
                "name": "at",
                "optional": true,
                "shortdesc": "The location at which to insert the Button relative to the reference object or within the container object. &amp;&#35;40;Optional&#41;",
                "datatype": {
                  "type": "LocationOptions",
                  "value": "LocationOptions.UNKNOWN"
                }
              },
              {
                "name": "reference",
                "shortdesc": "The reference object. Note: Required when the at parameter is before or after. Can accept: Document, Spread, MasterSpread, Page, Layer or PageItem. &amp;&#35;40;Optional&#41;",
                "datatype": {
                  "type": "mixed"
                }
              },
              {
                "name": "withProperties",
                "shortdesc": "Initial values for properties of the new Button &amp;&#35;40;Optional&#41;",
                "datatype": {
                  "type": "Object"
                }
              }
            ]
          },
          "datatype": {
            "type": "Button"
          }
        },
        {
          "name": "item",
          "shortdesc": "Returns the Button with the specified index or name.",
          "parameters": {
            "parameter": [
              {
                "name": "index",
                "shortdesc": "The index or name. Can accept: Long Integer or String.",
                "datatype": {
                  "type": "mixed"
                }
              }
            ]
          },
          "datatype": {
            "type": "Button"
          }
        },
        {
          "name": "itemByName",
          "shortdesc": "Returns the Button with the specified name.",
          "parameters": {
            "parameter": [
              {
                "name": "name",
                "shortdesc": "The name.",
                "datatype": {
                  "type": "string"
                }
              }
            ]
          },
          "datatype": {
            "type": "Button"
          }
        },
        {
          "name": "itemByID",
          "shortdesc": "Returns the Button with the specified ID.",
          "parameters": {
            "parameter": [
              {
                "name": "id",
                "shortdesc": "The ID.",
                "datatype": {
                  "type": "number"
                }
              }
            ]
          },
          "datatype": {
            "type": "Button"
          }
        },
        {
          "name": "itemByRange",
          "shortdesc": "Returns the Buttons within the specified range.",
          "parameters": {
            "parameter": [
              {
                "name": "from",
                "shortdesc": "The Button, index, or name at the beginning of the range. Can accept: Button, Long Integer or String.",
                "datatype": {
                  "type": "mixed"
                }
              },
              {
                "name": "to",
                "shortdesc": "The Button, index, or name at the end of the range. Can accept: Button, Long Integer or String.",
                "datatype": {
                  "type": "mixed"
                }
              }
            ]
          },
          "datatype": {
            "type": "Button",
            "array": {}
          }
        },
        {
          "name": "firstItem",
          "shortdesc": "Returns the first Button in the collection.",
          "datatype": {
            "type": "Button"
          }
        },
        {
          "name": "lastItem",
          "shortdesc": "Returns the last Button in the collection.",
          "datatype": {
            "type": "Button"
          }
        },
        {
          "name": "middleItem",
          "shortdesc": "Returns the middle Button in the collection.",
          "datatype": {
            "type": "Button"
          }
        },
        {
          "name": "previousItem",
          "shortdesc": "Returns the Button with the index previous to the specified index.",
          "parameters": {
            "parameter": [
              {
                "name": "obj",
                "shortdesc": "The index of the Button that follows the desired Button.",
                "datatype": {
                  "type": "Button"
                }
              }
            ]
          },
          "datatype": {
            "type": "Button"
          }
        },
        {
          "name": "nextItem",
          "shortdesc": "Returns the Button whose index follows the specified Button in the collection.",
          "parameters": {
            "parameter": [
              {
                "name": "obj",
                "shortdesc": "The Button whose index comes before the desired Button.",
                "datatype": {
                  "type": "Button"
                }
              }
            ]
          },
          "datatype": {
            "type": "Button"
          }
        },
        {
          "name": "anyItem",
          "shortdesc": "Returns any Button in the collection.",
          "datatype": {
            "type": "Button"
          }
        },
        {
          "name": "everyItem",
          "shortdesc": "Returns every Button in the collection.",
          "datatype": {
            "type": "Button",
            "array": {}
          }
        },
        {
          "name": "toSource",
          "shortdesc": "Generates a string which, if executed, will return the Button.",
          "datatype": {
            "type": "string"
          }
        },
        {
          "name": "[]",
          "shortdesc": "Returns the Button with the specified index.",
          "parameters": {
            "parameter": [
              {
                "name": "index",
                "shortdesc": "The index.",
                "datatype": {
                  "type": "number"
                }
              }
            ]
          },
          "datatype": {
            "type": "Button"
          }
        }
      ],
      "property": [
        {
          "name": "length",
          "rwaccess": "readonly",
          "shortdesc": "The number of objects in the collection.",
          "datatype": {
            "type": "number"
          }
        }
      ]
    }
  ]
}