{
  "name": "Buttons",
  "dynamic": true,
  "shortdesc": "A collection of buttons.",
  "elements": [
    {
      "type": "instance",
      "method": [
        {
          "name": "count",
          "shortdesc": "Displays the number of elements in the Button.",
          "datatype": {
            "type": "Number"
          }
        },
        {
          "name": "add",
          "shortdesc": "Creates a new Button",
          "parameters": [
            {
              "name": "layer",
              "shortdesc": "The layer on which to create the Button. &#40;Optional)",
              "datatype": {
                "type": "Layer"
              }
            },
            {
              "name": "at",
              "optional": true,
              "shortdesc": "The location at which to insert the Button relative to the reference object or within the container object. &#40;Optional)",
              "datatype": {
                "type": "LocationOptions",
                "value": "LocationOptions.UNKNOWN"
              }
            },
            {
              "name": "reference",
              "shortdesc": "The reference object. Note: Required when the at parameter is before or after. Can accept: Document, Spread, MasterSpread, Page, Layer or PageItem. &#40;Optional)",
              "datatype": {
                "type": "Mixed"
              }
            },
            {
              "name": "withProperties",
              "shortdesc": "Initial values for properties of the new Button &#40;Optional)",
              "datatype": {
                "type": "Object"
              }
            }
          ],
          "datatype": {
            "type": "Button"
          }
        },
        {
          "name": "item",
          "shortdesc": "Returns the Button with the specified index or name.",
          "parameters": [
            {
              "name": "index",
              "shortdesc": "The index or name. Can accept: Long Integer or String.",
              "datatype": {
                "type": "Mixed"
              }
            }
          ],
          "datatype": {
            "type": "Button"
          }
        },
        {
          "name": "itemByName",
          "shortdesc": "Returns the Button with the specified name.",
          "parameters": [
            {
              "name": "name",
              "shortdesc": "The name.",
              "datatype": {
                "type": "String"
              }
            }
          ],
          "datatype": {
            "type": "Button"
          }
        },
        {
          "name": "itemByID",
          "shortdesc": "Returns the Button with the specified ID.",
          "parameters": [
            {
              "name": "id",
              "shortdesc": "The ID.",
              "datatype": {
                "type": "Number"
              }
            }
          ],
          "datatype": {
            "type": "Button"
          }
        },
        {
          "name": "itemByRange",
          "shortdesc": "Returns the Buttons within the specified range.",
          "parameters": [
            {
              "name": "from",
              "shortdesc": "The Button, index, or name at the beginning of the range. Can accept: Button, Long Integer or String.",
              "datatype": {
                "type": "Mixed"
              }
            },
            {
              "name": "to",
              "shortdesc": "The Button, index, or name at the end of the range. Can accept: Button, Long Integer or String.",
              "datatype": {
                "type": "Mixed"
              }
            }
          ],
          "datatype": {
            "type": "Button",
            "array": true
          }
        },
        {
          "name": "firstItem",
          "shortdesc": "Returns the first Button in the collection.",
          "datatype": {
            "type": "Button"
          }
        },
        {
          "name": "lastItem",
          "shortdesc": "Returns the last Button in the collection.",
          "datatype": {
            "type": "Button"
          }
        },
        {
          "name": "middleItem",
          "shortdesc": "Returns the middle Button in the collection.",
          "datatype": {
            "type": "Button"
          }
        },
        {
          "name": "previousItem",
          "shortdesc": "Returns the Button with the index previous to the specified index.",
          "parameters": [
            {
              "name": "obj",
              "shortdesc": "The index of the Button that follows the desired Button.",
              "datatype": {
                "type": "Button"
              }
            }
          ],
          "datatype": {
            "type": "Button"
          }
        },
        {
          "name": "nextItem",
          "shortdesc": "Returns the Button whose index follows the specified Button in the collection.",
          "parameters": [
            {
              "name": "obj",
              "shortdesc": "The Button whose index comes before the desired Button.",
              "datatype": {
                "type": "Button"
              }
            }
          ],
          "datatype": {
            "type": "Button"
          }
        },
        {
          "name": "anyItem",
          "shortdesc": "Returns any Button in the collection.",
          "datatype": {
            "type": "Button"
          }
        },
        {
          "name": "everyItem",
          "shortdesc": "Returns every Button in the collection.",
          "datatype": {
            "type": "Button",
            "array": true
          }
        },
        {
          "name": "toSource",
          "shortdesc": "Generates a string which, if executed, will return the Button.",
          "datatype": {
            "type": "String"
          }
        },
        {
          "name": "[]",
          "shortdesc": "Returns the Button with the specified index.",
          "parameters": [
            {
              "name": "index",
              "shortdesc": "The index.",
              "datatype": {
                "type": "Number"
              }
            }
          ],
          "datatype": {
            "type": "Button"
          }
        }
      ],
      "property": [
        {
          "name": "length",
          "rwaccess": "readonly",
          "shortdesc": "The number of objects in the collection.",
          "datatype": {
            "type": "Number"
          }
        }
      ]
    }
  ]
}