{
  "name": "Capitalization",
  "enumeration": true,
  "shortdesc": "Capitalization options.",
  "elements": [
    {
      "type": "class",
      "property": [
        {
          "name": "NORMAL",
          "rwaccess": "readonly",
          "shortdesc": "Do not change the capitalization of the text.",
          "datatype": {
            "type": "number",
            "value": 1852797549
          }
        },
        {
          "name": "SMALL_CAPS",
          "rwaccess": "readonly",
          "shortdesc": "Use small caps for lowercase letters.",
          "datatype": {
            "type": "number",
            "value": 1936548720
          }
        },
        {
          "name": "ALL_CAPS",
          "rwaccess": "readonly",
          "shortdesc": "Use all uppercase letters.",
          "datatype": {
            "type": "number",
            "value": 1634493296
          }
        },
        {
          "name": "CAP_TO_SMALL_CAP",
          "rwaccess": "readonly",
          "shortdesc": "Use OpenType small caps.",
          "datatype": {
            "type": "number",
            "value": 1664250723
          }
        }
      ]
    }
  ]
}