{
  "name": "CellStyleMappings",
  "dynamic": true,
  "shortdesc": "A collection of cell style mappings.",
  "elements": [
    {
      "type": "instance",
      "method": [
        {
          "name": "add",
          "shortdesc": "Adds a style mapping.",
          "parameters": [
            {
              "name": "sourceStyleName",
              "shortdesc": "The source style name.",
              "datatype": {
                "type": "String"
              }
            },
            {
              "name": "destinationStyleName",
              "shortdesc": "The destination style name.",
              "datatype": {
                "type": "String"
              }
            },
            {
              "name": "mappingRuleType",
              "shortdesc": "The mapping type",
              "datatype": {
                "type": "MapType"
              }
            },
            {
              "name": "withProperties",
              "shortdesc": "Initial values for properties of the new CellStyleMapping &#40;Optional)",
              "datatype": {
                "type": "Object"
              }
            }
          ],
          "datatype": {
            "type": "CellStyleMapping"
          }
        },
        {
          "name": "count",
          "shortdesc": "Displays the number of elements in the CellStyleMapping.",
          "datatype": {
            "type": "Number"
          }
        },
        {
          "name": "item",
          "shortdesc": "Returns the CellStyleMapping with the specified index or name.",
          "parameters": [
            {
              "name": "index",
              "shortdesc": "The index or name. Can accept: Long Integer or String.",
              "datatype": {
                "type": "Mixed"
              }
            }
          ],
          "datatype": {
            "type": "CellStyleMapping"
          }
        },
        {
          "name": "itemByRange",
          "shortdesc": "Returns the CellStyleMappings within the specified range.",
          "parameters": [
            {
              "name": "from",
              "shortdesc": "The CellStyleMapping, index, or name at the beginning of the range. Can accept: CellStyleMapping, Long Integer or String.",
              "datatype": {
                "type": "Mixed"
              }
            },
            {
              "name": "to",
              "shortdesc": "The CellStyleMapping, index, or name at the end of the range. Can accept: CellStyleMapping, Long Integer or String.",
              "datatype": {
                "type": "Mixed"
              }
            }
          ],
          "datatype": {
            "type": "CellStyleMapping",
            "array": true
          }
        },
        {
          "name": "firstItem",
          "shortdesc": "Returns the first CellStyleMapping in the collection.",
          "datatype": {
            "type": "CellStyleMapping"
          }
        },
        {
          "name": "lastItem",
          "shortdesc": "Returns the last CellStyleMapping in the collection.",
          "datatype": {
            "type": "CellStyleMapping"
          }
        },
        {
          "name": "middleItem",
          "shortdesc": "Returns the middle CellStyleMapping in the collection.",
          "datatype": {
            "type": "CellStyleMapping"
          }
        },
        {
          "name": "previousItem",
          "shortdesc": "Returns the CellStyleMapping with the index previous to the specified index.",
          "parameters": [
            {
              "name": "obj",
              "shortdesc": "The index of the CellStyleMapping that follows the desired CellStyleMapping.",
              "datatype": {
                "type": "CellStyleMapping"
              }
            }
          ],
          "datatype": {
            "type": "CellStyleMapping"
          }
        },
        {
          "name": "nextItem",
          "shortdesc": "Returns the CellStyleMapping whose index follows the specified CellStyleMapping in the collection.",
          "parameters": [
            {
              "name": "obj",
              "shortdesc": "The CellStyleMapping whose index comes before the desired CellStyleMapping.",
              "datatype": {
                "type": "CellStyleMapping"
              }
            }
          ],
          "datatype": {
            "type": "CellStyleMapping"
          }
        },
        {
          "name": "anyItem",
          "shortdesc": "Returns any CellStyleMapping in the collection.",
          "datatype": {
            "type": "CellStyleMapping"
          }
        },
        {
          "name": "everyItem",
          "shortdesc": "Returns every CellStyleMapping in the collection.",
          "datatype": {
            "type": "CellStyleMapping",
            "array": true
          }
        },
        {
          "name": "toSource",
          "shortdesc": "Generates a string which, if executed, will return the CellStyleMapping.",
          "datatype": {
            "type": "String"
          }
        },
        {
          "name": "[]",
          "shortdesc": "Returns the CellStyleMapping with the specified index.",
          "parameters": [
            {
              "name": "index",
              "shortdesc": "The index.",
              "datatype": {
                "type": "Number"
              }
            }
          ],
          "datatype": {
            "type": "CellStyleMapping"
          }
        }
      ],
      "property": [
        {
          "name": "length",
          "rwaccess": "readonly",
          "shortdesc": "The number of objects in the collection.",
          "datatype": {
            "type": "Number"
          }
        }
      ]
    }
  ]
}