{
  "name": "CellStyles",
  "dynamic": true,
  "shortdesc": "A collection of cell styles.",
  "elements": [
    {
      "type": "instance",
      "method": [
        {
          "name": "add",
          "shortdesc": "Creates a new CellStyle.",
          "parameters": [
            {
              "name": "withProperties",
              "shortdesc": "Initial values for properties of the new CellStyle &#40;Optional)",
              "datatype": {
                "type": "Object"
              }
            }
          ],
          "datatype": {
            "type": "CellStyle"
          }
        },
        {
          "name": "count",
          "shortdesc": "Displays the number of elements in the CellStyle.",
          "datatype": {
            "type": "Number"
          }
        },
        {
          "name": "item",
          "shortdesc": "Returns the CellStyle with the specified index or name.",
          "parameters": [
            {
              "name": "index",
              "shortdesc": "The index or name. Can accept: Long Integer or String.",
              "datatype": {
                "type": "Mixed"
              }
            }
          ],
          "datatype": {
            "type": "CellStyle"
          }
        },
        {
          "name": "itemByName",
          "shortdesc": "Returns the CellStyle with the specified name.",
          "parameters": [
            {
              "name": "name",
              "shortdesc": "The name.",
              "datatype": {
                "type": "String"
              }
            }
          ],
          "datatype": {
            "type": "CellStyle"
          }
        },
        {
          "name": "itemByID",
          "shortdesc": "Returns the CellStyle with the specified ID.",
          "parameters": [
            {
              "name": "id",
              "shortdesc": "The ID.",
              "datatype": {
                "type": "Number"
              }
            }
          ],
          "datatype": {
            "type": "CellStyle"
          }
        },
        {
          "name": "itemByRange",
          "shortdesc": "Returns the CellStyles within the specified range.",
          "parameters": [
            {
              "name": "from",
              "shortdesc": "The CellStyle, index, or name at the beginning of the range. Can accept: CellStyle, Long Integer or String.",
              "datatype": {
                "type": "Mixed"
              }
            },
            {
              "name": "to",
              "shortdesc": "The CellStyle, index, or name at the end of the range. Can accept: CellStyle, Long Integer or String.",
              "datatype": {
                "type": "Mixed"
              }
            }
          ],
          "datatype": {
            "type": "CellStyle",
            "array": true
          }
        },
        {
          "name": "firstItem",
          "shortdesc": "Returns the first CellStyle in the collection.",
          "datatype": {
            "type": "CellStyle"
          }
        },
        {
          "name": "lastItem",
          "shortdesc": "Returns the last CellStyle in the collection.",
          "datatype": {
            "type": "CellStyle"
          }
        },
        {
          "name": "middleItem",
          "shortdesc": "Returns the middle CellStyle in the collection.",
          "datatype": {
            "type": "CellStyle"
          }
        },
        {
          "name": "previousItem",
          "shortdesc": "Returns the CellStyle with the index previous to the specified index.",
          "parameters": [
            {
              "name": "obj",
              "shortdesc": "The index of the CellStyle that follows the desired CellStyle.",
              "datatype": {
                "type": "CellStyle"
              }
            }
          ],
          "datatype": {
            "type": "CellStyle"
          }
        },
        {
          "name": "nextItem",
          "shortdesc": "Returns the CellStyle whose index follows the specified CellStyle in the collection.",
          "parameters": [
            {
              "name": "obj",
              "shortdesc": "The CellStyle whose index comes before the desired CellStyle.",
              "datatype": {
                "type": "CellStyle"
              }
            }
          ],
          "datatype": {
            "type": "CellStyle"
          }
        },
        {
          "name": "anyItem",
          "shortdesc": "Returns any CellStyle in the collection.",
          "datatype": {
            "type": "CellStyle"
          }
        },
        {
          "name": "everyItem",
          "shortdesc": "Returns every CellStyle in the collection.",
          "datatype": {
            "type": "CellStyle",
            "array": true
          }
        },
        {
          "name": "toSource",
          "shortdesc": "Generates a string which, if executed, will return the CellStyle.",
          "datatype": {
            "type": "String"
          }
        },
        {
          "name": "[]",
          "shortdesc": "Returns the CellStyle with the specified index.",
          "parameters": [
            {
              "name": "index",
              "shortdesc": "The index.",
              "datatype": {
                "type": "Number"
              }
            }
          ],
          "datatype": {
            "type": "CellStyle"
          }
        }
      ],
      "property": [
        {
          "name": "length",
          "rwaccess": "readonly",
          "shortdesc": "The number of objects in the collection. Can return: Long Integer or NothingEnum enumerator.",
          "datatype": {
            "type": "Mixed"
          }
        }
      ]
    }
  ]
}