{
  "name": "CellStyles",
  "dynamic": true,
  "shortdesc": "A collection of cell styles.",
  "elements": [
    {
      "type": "instance",
      "method": [
        {
          "name": "add",
          "shortdesc": "Creates a new CellStyle.",
          "parameters": {
            "parameter": [
              {
                "name": "withProperties",
                "shortdesc": "Initial values for properties of the new CellStyle &amp;&#35;40;Optional&#41;",
                "datatype": {
                  "type": "Object"
                }
              }
            ]
          },
          "datatype": {
            "type": "CellStyle"
          }
        },
        {
          "name": "count",
          "shortdesc": "Displays the number of elements in the CellStyle.",
          "datatype": {
            "type": "number"
          }
        },
        {
          "name": "item",
          "shortdesc": "Returns the CellStyle with the specified index or name.",
          "parameters": {
            "parameter": [
              {
                "name": "index",
                "shortdesc": "The index or name. Can accept: Long Integer or String.",
                "datatype": {
                  "type": "mixed"
                }
              }
            ]
          },
          "datatype": {
            "type": "CellStyle"
          }
        },
        {
          "name": "itemByName",
          "shortdesc": "Returns the CellStyle with the specified name.",
          "parameters": {
            "parameter": [
              {
                "name": "name",
                "shortdesc": "The name.",
                "datatype": {
                  "type": "string"
                }
              }
            ]
          },
          "datatype": {
            "type": "CellStyle"
          }
        },
        {
          "name": "itemByID",
          "shortdesc": "Returns the CellStyle with the specified ID.",
          "parameters": {
            "parameter": [
              {
                "name": "id",
                "shortdesc": "The ID.",
                "datatype": {
                  "type": "number"
                }
              }
            ]
          },
          "datatype": {
            "type": "CellStyle"
          }
        },
        {
          "name": "itemByRange",
          "shortdesc": "Returns the CellStyles within the specified range.",
          "parameters": {
            "parameter": [
              {
                "name": "from",
                "shortdesc": "The CellStyle, index, or name at the beginning of the range. Can accept: CellStyle, Long Integer or String.",
                "datatype": {
                  "type": "mixed"
                }
              },
              {
                "name": "to",
                "shortdesc": "The CellStyle, index, or name at the end of the range. Can accept: CellStyle, Long Integer or String.",
                "datatype": {
                  "type": "mixed"
                }
              }
            ]
          },
          "datatype": {
            "type": "CellStyle",
            "array": {}
          }
        },
        {
          "name": "firstItem",
          "shortdesc": "Returns the first CellStyle in the collection.",
          "datatype": {
            "type": "CellStyle"
          }
        },
        {
          "name": "lastItem",
          "shortdesc": "Returns the last CellStyle in the collection.",
          "datatype": {
            "type": "CellStyle"
          }
        },
        {
          "name": "middleItem",
          "shortdesc": "Returns the middle CellStyle in the collection.",
          "datatype": {
            "type": "CellStyle"
          }
        },
        {
          "name": "previousItem",
          "shortdesc": "Returns the CellStyle with the index previous to the specified index.",
          "parameters": {
            "parameter": [
              {
                "name": "obj",
                "shortdesc": "The index of the CellStyle that follows the desired CellStyle.",
                "datatype": {
                  "type": "CellStyle"
                }
              }
            ]
          },
          "datatype": {
            "type": "CellStyle"
          }
        },
        {
          "name": "nextItem",
          "shortdesc": "Returns the CellStyle whose index follows the specified CellStyle in the collection.",
          "parameters": {
            "parameter": [
              {
                "name": "obj",
                "shortdesc": "The CellStyle whose index comes before the desired CellStyle.",
                "datatype": {
                  "type": "CellStyle"
                }
              }
            ]
          },
          "datatype": {
            "type": "CellStyle"
          }
        },
        {
          "name": "anyItem",
          "shortdesc": "Returns any CellStyle in the collection.",
          "datatype": {
            "type": "CellStyle"
          }
        },
        {
          "name": "everyItem",
          "shortdesc": "Returns every CellStyle in the collection.",
          "datatype": {
            "type": "CellStyle",
            "array": {}
          }
        },
        {
          "name": "toSource",
          "shortdesc": "Generates a string which, if executed, will return the CellStyle.",
          "datatype": {
            "type": "string"
          }
        },
        {
          "name": "[]",
          "shortdesc": "Returns the CellStyle with the specified index.",
          "parameters": {
            "parameter": [
              {
                "name": "index",
                "shortdesc": "The index.",
                "datatype": {
                  "type": "number"
                }
              }
            ]
          },
          "datatype": {
            "type": "CellStyle"
          }
        }
      ],
      "property": [
        {
          "name": "length",
          "rwaccess": "readonly",
          "shortdesc": "The number of objects in the collection. Can return: Long Integer or NothingEnum enumerator.",
          "datatype": {
            "type": "mixed"
          }
        }
      ]
    }
  ]
}