{
  "name": "CellStyleGroup",
  "dynamic": true,
  "shortdesc": "A cell style group.",
  "elements": [
    {
      "type": "instance",
      "property": [
        {
          "name": "allCellStyles",
          "rwaccess": "readonly",
          "shortdesc": "All Cell styles",
          "datatype": {
            "type": "CellStyle",
            "array": true
          }
        },
        {
          "name": "id",
          "rwaccess": "readonly",
          "shortdesc": "The unique ID of the CellStyleGroup.",
          "datatype": {
            "type": "number"
          }
        },
        {
          "name": "isValid",
          "rwaccess": "readonly",
          "shortdesc": "Returns true if the object specifier resolves to valid objects.",
          "datatype": {
            "type": "bool"
          }
        },
        {
          "name": "parent",
          "rwaccess": "readonly",
          "shortdesc": "The parent of the CellStyleGroup &amp;&#35;40;a Document, Application or CellStyleGroup&#41;.",
          "datatype": {
            "type": "mixed"
          }
        },
        {
          "name": "index",
          "rwaccess": "readonly",
          "shortdesc": "The index of the CellStyleGroup within its containing object.",
          "datatype": {
            "type": "number"
          }
        },
        {
          "name": "cellStyles",
          "rwaccess": "readonly",
          "shortdesc": "A collection of cell styles.",
          "datatype": {
            "type": "CellStyles"
          }
        },
        {
          "name": "cellStyleGroups",
          "rwaccess": "readonly",
          "shortdesc": "A collection of cell style groups.",
          "datatype": {
            "type": "CellStyleGroups"
          }
        },
        {
          "name": "events",
          "rwaccess": "readonly",
          "shortdesc": "A collection of events.",
          "datatype": {
            "type": "Events"
          }
        },
        {
          "name": "eventListeners",
          "rwaccess": "readonly",
          "shortdesc": "A collection of event listeners.",
          "datatype": {
            "type": "EventListeners"
          }
        },
        {
          "name": "name",
          "shortdesc": "The name of the CellStyleGroup.",
          "datatype": {
            "type": "string"
          }
        },
        {
          "name": "label",
          "shortdesc": "A property that can be set to any string.",
          "datatype": {
            "type": "string"
          }
        },
        {
          "name": "properties",
          "shortdesc": "A property that allows setting of several properties at the same time.",
          "datatype": {
            "type": "Object"
          }
        }
      ],
      "method": [
        {
          "name": "duplicate",
          "shortdesc": "Duplicates the CellStyleGroup.",
          "datatype": {
            "type": "CellStyleGroup"
          }
        },
        {
          "name": "move",
          "shortdesc": "Moves the style to the specified location.",
          "parameters": {
            "parameter": [
              {
                "name": "to",
                "shortdesc": "The location relative to the reference object or within the containing object.",
                "datatype": {
                  "type": "LocationOptions"
                }
              },
              {
                "name": "reference",
                "shortdesc": "The reference object. Note: Required when the to parameter specifies before or after. Can accept: ParagraphStyle, ParagraphStyleGroup, CharacterStyle, CharacterStyleGroup, CellStyle, CellStyleGroup, TableStyle, TableStyleGroup, Document or Application. &amp;&#35;40;Optional&#41;",
                "datatype": {
                  "type": "mixed"
                }
              }
            ]
          },
          "datatype": {
            "type": "CellStyleGroup"
          }
        },
        {
          "name": "remove",
          "shortdesc": "Deletes the style.",
          "parameters": {
            "parameter": [
              {
                "name": "replacingWith",
                "shortdesc": "The style to apply in place of the deleted style. Can accept: ParagraphStyle or CharacterStyle. &amp;&#35;40;Optional&#41;",
                "datatype": {
                  "type": "mixed"
                }
              }
            ]
          }
        },
        {
          "name": "insertLabel",
          "shortdesc": "Sets the label to the value associated with the specified key.",
          "parameters": {
            "parameter": [
              {
                "name": "key",
                "shortdesc": "The key.",
                "datatype": {
                  "type": "string"
                }
              },
              {
                "name": "value",
                "shortdesc": "The value.",
                "datatype": {
                  "type": "string"
                }
              }
            ]
          }
        },
        {
          "name": "extractLabel",
          "shortdesc": "Gets the label value associated with the specified key.",
          "parameters": {
            "parameter": [
              {
                "name": "key",
                "shortdesc": "The key.",
                "datatype": {
                  "type": "string"
                }
              }
            ]
          },
          "datatype": {
            "type": "string"
          }
        },
        {
          "name": "toSource",
          "shortdesc": "Generates a string which, if executed, will return the CellStyleGroup.",
          "datatype": {
            "type": "string"
          }
        },
        {
          "name": "getElements",
          "shortdesc": "Resolves the object specifier, creating an array of object references.",
          "datatype": {
            "type": "CellStyleGroup",
            "array": {}
          }
        },
        {
          "name": "toSpecifier",
          "shortdesc": "Retrieves the object specifier.",
          "datatype": {
            "type": "string"
          }
        },
        {
          "name": "addEventListener",
          "shortdesc": "Adds an event listener.",
          "parameters": {
            "parameter": [
              {
                "name": "eventType",
                "shortdesc": "The event type.",
                "datatype": {
                  "type": "string"
                }
              },
              {
                "name": "handler",
                "shortdesc": "The event handler. Can accept: File or JavaScript Function.",
                "datatype": {
                  "type": "mixed"
                }
              },
              {
                "name": "captures",
                "optional": true,
                "shortdesc": "This parameter is obsolete. &amp;&#35;40;Optional&#41;",
                "datatype": {
                  "type": "bool",
                  "value": false
                }
              }
            ]
          },
          "datatype": {
            "type": "EventListener"
          }
        },
        {
          "name": "removeEventListener",
          "shortdesc": "Removes the event listener.",
          "parameters": {
            "parameter": [
              {
                "name": "eventType",
                "shortdesc": "The registered event type.",
                "datatype": {
                  "type": "string"
                }
              },
              {
                "name": "handler",
                "shortdesc": "The registered event handler. Can accept: File or JavaScript Function.",
                "datatype": {
                  "type": "mixed"
                }
              },
              {
                "name": "captures",
                "optional": true,
                "shortdesc": "This parameter is obsolete. &amp;&#35;40;Optional&#41;",
                "datatype": {
                  "type": "bool",
                  "value": false
                }
              }
            ]
          },
          "datatype": {
            "type": "bool"
          }
        }
      ]
    }
  ]
}