{
  "name": "ChangeTypes",
  "enumeration": true,
  "shortdesc": "Change type options.",
  "elements": [
    {
      "type": "class",
      "property": [
        {
          "name": "INSERTED_TEXT",
          "rwaccess": "readonly",
          "shortdesc": "Added text.",
          "datatype": {
            "type": "number",
            "value": 1799974515
          }
        },
        {
          "name": "DELETED_TEXT",
          "rwaccess": "readonly",
          "shortdesc": "Deleted text.",
          "datatype": {
            "type": "number",
            "value": 1799644524
          }
        },
        {
          "name": "MOVED_TEXT",
          "rwaccess": "readonly",
          "shortdesc": "Moved text.",
          "datatype": {
            "type": "number",
            "value": 1800236918
          }
        }
      ]
    }
  ]
}