{
  "name": "ChangeTextColorChoices",
  "enumeration": true,
  "shortdesc": "Changed text color options.",
  "elements": [
    {
      "type": "class",
      "property": [
        {
          "name": "CHANGE_USES_GALLEY_TEXT_COLOR",
          "rwaccess": "readonly",
          "shortdesc": "The text color for changed text is the same as the galley text color.",
          "datatype": {
            "type": "number",
            "value": 1700095843
          }
        },
        {
          "name": "CHANGE_USES_CHANGE_PREF_COLOR",
          "rwaccess": "readonly",
          "shortdesc": "The text color for changed text is the same as the text color defined in track changes preferences. For information, see text color for added text, text color for deleted text, or text color for moved text.",
          "datatype": {
            "type": "number",
            "value": 1700098147
          }
        }
      ]
    }
  ]
}