{
  "name": "ChangeConditionsModes",
  "enumeration": true,
  "shortdesc": "Change conditions modes.",
  "elements": [
    {
      "type": "class",
      "property": [
        {
          "name": "REPLACE_WITH",
          "rwaccess": "readonly",
          "shortdesc": "Change replaces applied conditions.",
          "datatype": {
            "type": "number",
            "value": 1919250519
          }
        },
        {
          "name": "ADD_TO",
          "rwaccess": "readonly",
          "shortdesc": "Change adds to applied conditions.",
          "datatype": {
            "type": "number",
            "value": 1633969202
          }
        }
      ]
    }
  ]
}