{
  "name": "ChangebarLocations",
  "enumeration": true,
  "shortdesc": "Change bar location options.",
  "elements": [
    {
      "type": "class",
      "property": [
        {
          "name": "LEFT_ALIGN",
          "rwaccess": "readonly",
          "shortdesc": "Change bars are in the left margin.",
          "datatype": {
            "type": "number",
            "value": 1818584692
          }
        },
        {
          "name": "RIGHT_ALIGN",
          "rwaccess": "readonly",
          "shortdesc": "Change bars are in the right margin.",
          "datatype": {
            "type": "number",
            "value": 1919379572
          }
        }
      ]
    }
  ]
}