{
  "name": "CharacterCountLocation",
  "enumeration": true,
  "shortdesc": "Character count location options.",
  "elements": [
    {
      "type": "class",
      "property": [
        {
          "name": "NONE",
          "rwaccess": "readonly",
          "shortdesc": "Hides the character count.",
          "datatype": {
            "type": "number",
            "value": 1852796517
          }
        },
        {
          "name": "TOP_ALIGN",
          "rwaccess": "readonly",
          "shortdesc": "Displays the character count at the top of the frame.",
          "datatype": {
            "type": "number",
            "value": 1953460256
          }
        },
        {
          "name": "LEFT_ALIGN",
          "rwaccess": "readonly",
          "shortdesc": "Displays the character count on the left side of the frame.",
          "datatype": {
            "type": "number",
            "value": 1818584692
          }
        },
        {
          "name": "BOTTOM_ALIGN",
          "rwaccess": "readonly",
          "shortdesc": "Displays the character count at the bottom of the frame.",
          "datatype": {
            "type": "number",
            "value": 1651471469
          }
        },
        {
          "name": "RIGHT_ALIGN",
          "rwaccess": "readonly",
          "shortdesc": "Displays the character count on the right side of the frame.",
          "datatype": {
            "type": "number",
            "value": 1919379572
          }
        }
      ]
    }
  ]
}