{
  "name": "CharacterDirectionOptions",
  "enumeration": true,
  "shortdesc": "Character direction.",
  "elements": [
    {
      "type": "class",
      "property": [
        {
          "name": "DEFAULT_DIRECTION",
          "rwaccess": "readonly",
          "shortdesc": "Default direction",
          "datatype": {
            "type": "number",
            "value": 1147496036
          }
        },
        {
          "name": "LEFT_TO_RIGHT_DIRECTION",
          "rwaccess": "readonly",
          "shortdesc": "Left to right direction",
          "datatype": {
            "type": "number",
            "value": 1278366308
          }
        },
        {
          "name": "RIGHT_TO_LEFT_DIRECTION",
          "rwaccess": "readonly",
          "shortdesc": "Right to left direction",
          "datatype": {
            "type": "number",
            "value": 1379028068
          }
        }
      ]
    }
  ]
}