{
  "name": "CharacterStyles",
  "dynamic": true,
  "shortdesc": "A collection of character styles.",
  "elements": [
    {
      "type": "instance",
      "method": [
        {
          "name": "add",
          "shortdesc": "Creates a new CharacterStyle.",
          "parameters": {
            "parameter": [
              {
                "name": "withProperties",
                "shortdesc": "Initial values for properties of the new CharacterStyle &amp;&#35;40;Optional&#41;",
                "datatype": {
                  "type": "Object"
                }
              }
            ]
          },
          "datatype": {
            "type": "CharacterStyle"
          }
        },
        {
          "name": "count",
          "shortdesc": "Displays the number of elements in the CharacterStyle.",
          "datatype": {
            "type": "number"
          }
        },
        {
          "name": "item",
          "shortdesc": "Returns the CharacterStyle with the specified index or name.",
          "parameters": {
            "parameter": [
              {
                "name": "index",
                "shortdesc": "The index or name. Can accept: Long Integer or String.",
                "datatype": {
                  "type": "mixed"
                }
              }
            ]
          },
          "datatype": {
            "type": "CharacterStyle"
          }
        },
        {
          "name": "itemByName",
          "shortdesc": "Returns the CharacterStyle with the specified name.",
          "parameters": {
            "parameter": [
              {
                "name": "name",
                "shortdesc": "The name.",
                "datatype": {
                  "type": "string"
                }
              }
            ]
          },
          "datatype": {
            "type": "CharacterStyle"
          }
        },
        {
          "name": "itemByID",
          "shortdesc": "Returns the CharacterStyle with the specified ID.",
          "parameters": {
            "parameter": [
              {
                "name": "id",
                "shortdesc": "The ID.",
                "datatype": {
                  "type": "number"
                }
              }
            ]
          },
          "datatype": {
            "type": "CharacterStyle"
          }
        },
        {
          "name": "itemByRange",
          "shortdesc": "Returns the CharacterStyles within the specified range.",
          "parameters": {
            "parameter": [
              {
                "name": "from",
                "shortdesc": "The CharacterStyle, index, or name at the beginning of the range. Can accept: CharacterStyle, Long Integer or String.",
                "datatype": {
                  "type": "mixed"
                }
              },
              {
                "name": "to",
                "shortdesc": "The CharacterStyle, index, or name at the end of the range. Can accept: CharacterStyle, Long Integer or String.",
                "datatype": {
                  "type": "mixed"
                }
              }
            ]
          },
          "datatype": {
            "type": "CharacterStyle",
            "array": {}
          }
        },
        {
          "name": "firstItem",
          "shortdesc": "Returns the first CharacterStyle in the collection.",
          "datatype": {
            "type": "CharacterStyle"
          }
        },
        {
          "name": "lastItem",
          "shortdesc": "Returns the last CharacterStyle in the collection.",
          "datatype": {
            "type": "CharacterStyle"
          }
        },
        {
          "name": "middleItem",
          "shortdesc": "Returns the middle CharacterStyle in the collection.",
          "datatype": {
            "type": "CharacterStyle"
          }
        },
        {
          "name": "previousItem",
          "shortdesc": "Returns the CharacterStyle with the index previous to the specified index.",
          "parameters": {
            "parameter": [
              {
                "name": "obj",
                "shortdesc": "The index of the CharacterStyle that follows the desired CharacterStyle.",
                "datatype": {
                  "type": "CharacterStyle"
                }
              }
            ]
          },
          "datatype": {
            "type": "CharacterStyle"
          }
        },
        {
          "name": "nextItem",
          "shortdesc": "Returns the CharacterStyle whose index follows the specified CharacterStyle in the collection.",
          "parameters": {
            "parameter": [
              {
                "name": "obj",
                "shortdesc": "The CharacterStyle whose index comes before the desired CharacterStyle.",
                "datatype": {
                  "type": "CharacterStyle"
                }
              }
            ]
          },
          "datatype": {
            "type": "CharacterStyle"
          }
        },
        {
          "name": "anyItem",
          "shortdesc": "Returns any CharacterStyle in the collection.",
          "datatype": {
            "type": "CharacterStyle"
          }
        },
        {
          "name": "everyItem",
          "shortdesc": "Returns every CharacterStyle in the collection.",
          "datatype": {
            "type": "CharacterStyle",
            "array": {}
          }
        },
        {
          "name": "toSource",
          "shortdesc": "Generates a string which, if executed, will return the CharacterStyle.",
          "datatype": {
            "type": "string"
          }
        },
        {
          "name": "[]",
          "shortdesc": "Returns the CharacterStyle with the specified index.",
          "parameters": {
            "parameter": [
              {
                "name": "index",
                "shortdesc": "The index.",
                "datatype": {
                  "type": "number"
                }
              }
            ]
          },
          "datatype": {
            "type": "CharacterStyle"
          }
        }
      ],
      "property": [
        {
          "name": "length",
          "rwaccess": "readonly",
          "shortdesc": "The number of objects in the collection. Can return: Long Integer or NothingEnum enumerator.",
          "datatype": {
            "type": "mixed"
          }
        }
      ]
    }
  ]
}