{
  "name": "CharacterStyleGroups",
  "dynamic": true,
  "shortdesc": "A collection of character style groups.",
  "elements": [
    {
      "type": "instance",
      "method": [
        {
          "name": "add",
          "shortdesc": "Creates a new CharacterStyleGroup.",
          "parameters": {
            "parameter": [
              {
                "name": "withProperties",
                "shortdesc": "Initial values for properties of the new CharacterStyleGroup &amp;&#35;40;Optional&#41;",
                "datatype": {
                  "type": "Object"
                }
              }
            ]
          },
          "datatype": {
            "type": "CharacterStyleGroup"
          }
        },
        {
          "name": "count",
          "shortdesc": "Displays the number of elements in the CharacterStyleGroup.",
          "datatype": {
            "type": "number"
          }
        },
        {
          "name": "item",
          "shortdesc": "Returns the CharacterStyleGroup with the specified index or name.",
          "parameters": {
            "parameter": [
              {
                "name": "index",
                "shortdesc": "The index or name. Can accept: Long Integer or String.",
                "datatype": {
                  "type": "mixed"
                }
              }
            ]
          },
          "datatype": {
            "type": "CharacterStyleGroup"
          }
        },
        {
          "name": "itemByName",
          "shortdesc": "Returns the CharacterStyleGroup with the specified name.",
          "parameters": {
            "parameter": [
              {
                "name": "name",
                "shortdesc": "The name.",
                "datatype": {
                  "type": "string"
                }
              }
            ]
          },
          "datatype": {
            "type": "CharacterStyleGroup"
          }
        },
        {
          "name": "itemByID",
          "shortdesc": "Returns the CharacterStyleGroup with the specified ID.",
          "parameters": {
            "parameter": [
              {
                "name": "id",
                "shortdesc": "The ID.",
                "datatype": {
                  "type": "number"
                }
              }
            ]
          },
          "datatype": {
            "type": "CharacterStyleGroup"
          }
        },
        {
          "name": "itemByRange",
          "shortdesc": "Returns the CharacterStyleGroups within the specified range.",
          "parameters": {
            "parameter": [
              {
                "name": "from",
                "shortdesc": "The CharacterStyleGroup, index, or name at the beginning of the range. Can accept: CharacterStyleGroup, Long Integer or String.",
                "datatype": {
                  "type": "mixed"
                }
              },
              {
                "name": "to",
                "shortdesc": "The CharacterStyleGroup, index, or name at the end of the range. Can accept: CharacterStyleGroup, Long Integer or String.",
                "datatype": {
                  "type": "mixed"
                }
              }
            ]
          },
          "datatype": {
            "type": "CharacterStyleGroup",
            "array": {}
          }
        },
        {
          "name": "firstItem",
          "shortdesc": "Returns the first CharacterStyleGroup in the collection.",
          "datatype": {
            "type": "CharacterStyleGroup"
          }
        },
        {
          "name": "lastItem",
          "shortdesc": "Returns the last CharacterStyleGroup in the collection.",
          "datatype": {
            "type": "CharacterStyleGroup"
          }
        },
        {
          "name": "middleItem",
          "shortdesc": "Returns the middle CharacterStyleGroup in the collection.",
          "datatype": {
            "type": "CharacterStyleGroup"
          }
        },
        {
          "name": "previousItem",
          "shortdesc": "Returns the CharacterStyleGroup with the index previous to the specified index.",
          "parameters": {
            "parameter": [
              {
                "name": "obj",
                "shortdesc": "The index of the CharacterStyleGroup that follows the desired CharacterStyleGroup.",
                "datatype": {
                  "type": "CharacterStyleGroup"
                }
              }
            ]
          },
          "datatype": {
            "type": "CharacterStyleGroup"
          }
        },
        {
          "name": "nextItem",
          "shortdesc": "Returns the CharacterStyleGroup whose index follows the specified CharacterStyleGroup in the collection.",
          "parameters": {
            "parameter": [
              {
                "name": "obj",
                "shortdesc": "The CharacterStyleGroup whose index comes before the desired CharacterStyleGroup.",
                "datatype": {
                  "type": "CharacterStyleGroup"
                }
              }
            ]
          },
          "datatype": {
            "type": "CharacterStyleGroup"
          }
        },
        {
          "name": "anyItem",
          "shortdesc": "Returns any CharacterStyleGroup in the collection.",
          "datatype": {
            "type": "CharacterStyleGroup"
          }
        },
        {
          "name": "everyItem",
          "shortdesc": "Returns every CharacterStyleGroup in the collection.",
          "datatype": {
            "type": "CharacterStyleGroup",
            "array": {}
          }
        },
        {
          "name": "toSource",
          "shortdesc": "Generates a string which, if executed, will return the CharacterStyleGroup.",
          "datatype": {
            "type": "string"
          }
        },
        {
          "name": "[]",
          "shortdesc": "Returns the CharacterStyleGroup with the specified index.",
          "parameters": {
            "parameter": [
              {
                "name": "index",
                "shortdesc": "The index.",
                "datatype": {
                  "type": "number"
                }
              }
            ]
          },
          "datatype": {
            "type": "CharacterStyleGroup"
          }
        }
      ],
      "property": [
        {
          "name": "length",
          "rwaccess": "readonly",
          "shortdesc": "The number of objects in the collection.",
          "datatype": {
            "type": "number"
          }
        }
      ]
    }
  ]
}