{
  "name": "CheckBoxes",
  "dynamic": true,
  "shortdesc": "A collection of checkboxes.",
  "elements": [
    {
      "type": "instance",
      "method": [
        {
          "name": "count",
          "shortdesc": "Displays the number of elements in the CheckBox.",
          "datatype": {
            "type": "number"
          }
        },
        {
          "name": "add",
          "shortdesc": "Creates a new CheckBox",
          "parameters": {
            "parameter": [
              {
                "name": "layer",
                "shortdesc": "The layer on which to create the CheckBox. &amp;&#35;40;Optional&#41;",
                "datatype": {
                  "type": "Layer"
                }
              },
              {
                "name": "at",
                "optional": true,
                "shortdesc": "The location at which to insert the CheckBox relative to the reference object or within the container object. &amp;&#35;40;Optional&#41;",
                "datatype": {
                  "type": "LocationOptions",
                  "value": "LocationOptions.UNKNOWN"
                }
              },
              {
                "name": "reference",
                "shortdesc": "The reference object. Note: Required when the at parameter is before or after. Can accept: Document, Spread, MasterSpread, Page, Layer or PageItem. &amp;&#35;40;Optional&#41;",
                "datatype": {
                  "type": "mixed"
                }
              },
              {
                "name": "withProperties",
                "shortdesc": "Initial values for properties of the new CheckBox &amp;&#35;40;Optional&#41;",
                "datatype": {
                  "type": "Object"
                }
              }
            ]
          },
          "datatype": {
            "type": "CheckBox"
          }
        },
        {
          "name": "item",
          "shortdesc": "Returns the CheckBox with the specified index or name.",
          "parameters": {
            "parameter": [
              {
                "name": "index",
                "shortdesc": "The index or name. Can accept: Long Integer or String.",
                "datatype": {
                  "type": "mixed"
                }
              }
            ]
          },
          "datatype": {
            "type": "CheckBox"
          }
        },
        {
          "name": "itemByName",
          "shortdesc": "Returns the CheckBox with the specified name.",
          "parameters": {
            "parameter": [
              {
                "name": "name",
                "shortdesc": "The name.",
                "datatype": {
                  "type": "string"
                }
              }
            ]
          },
          "datatype": {
            "type": "CheckBox"
          }
        },
        {
          "name": "itemByID",
          "shortdesc": "Returns the CheckBox with the specified ID.",
          "parameters": {
            "parameter": [
              {
                "name": "id",
                "shortdesc": "The ID.",
                "datatype": {
                  "type": "number"
                }
              }
            ]
          },
          "datatype": {
            "type": "CheckBox"
          }
        },
        {
          "name": "itemByRange",
          "shortdesc": "Returns the CheckBoxes within the specified range.",
          "parameters": {
            "parameter": [
              {
                "name": "from",
                "shortdesc": "The CheckBox, index, or name at the beginning of the range. Can accept: CheckBox, Long Integer or String.",
                "datatype": {
                  "type": "mixed"
                }
              },
              {
                "name": "to",
                "shortdesc": "The CheckBox, index, or name at the end of the range. Can accept: CheckBox, Long Integer or String.",
                "datatype": {
                  "type": "mixed"
                }
              }
            ]
          },
          "datatype": {
            "type": "CheckBox",
            "array": {}
          }
        },
        {
          "name": "firstItem",
          "shortdesc": "Returns the first CheckBox in the collection.",
          "datatype": {
            "type": "CheckBox"
          }
        },
        {
          "name": "lastItem",
          "shortdesc": "Returns the last CheckBox in the collection.",
          "datatype": {
            "type": "CheckBox"
          }
        },
        {
          "name": "middleItem",
          "shortdesc": "Returns the middle CheckBox in the collection.",
          "datatype": {
            "type": "CheckBox"
          }
        },
        {
          "name": "previousItem",
          "shortdesc": "Returns the CheckBox with the index previous to the specified index.",
          "parameters": {
            "parameter": [
              {
                "name": "obj",
                "shortdesc": "The index of the CheckBox that follows the desired CheckBox.",
                "datatype": {
                  "type": "CheckBox"
                }
              }
            ]
          },
          "datatype": {
            "type": "CheckBox"
          }
        },
        {
          "name": "nextItem",
          "shortdesc": "Returns the CheckBox whose index follows the specified CheckBox in the collection.",
          "parameters": {
            "parameter": [
              {
                "name": "obj",
                "shortdesc": "The CheckBox whose index comes before the desired CheckBox.",
                "datatype": {
                  "type": "CheckBox"
                }
              }
            ]
          },
          "datatype": {
            "type": "CheckBox"
          }
        },
        {
          "name": "anyItem",
          "shortdesc": "Returns any CheckBox in the collection.",
          "datatype": {
            "type": "CheckBox"
          }
        },
        {
          "name": "everyItem",
          "shortdesc": "Returns every CheckBox in the collection.",
          "datatype": {
            "type": "CheckBox",
            "array": {}
          }
        },
        {
          "name": "toSource",
          "shortdesc": "Generates a string which, if executed, will return the CheckBox.",
          "datatype": {
            "type": "string"
          }
        },
        {
          "name": "[]",
          "shortdesc": "Returns the CheckBox with the specified index.",
          "parameters": {
            "parameter": [
              {
                "name": "index",
                "shortdesc": "The index.",
                "datatype": {
                  "type": "number"
                }
              }
            ]
          },
          "datatype": {
            "type": "CheckBox"
          }
        }
      ],
      "property": [
        {
          "name": "length",
          "rwaccess": "readonly",
          "shortdesc": "The number of objects in the collection.",
          "datatype": {
            "type": "number"
          }
        }
      ]
    }
  ]
}