{
  "name": "ClippingPathType",
  "enumeration": true,
  "shortdesc": "The type of clipping path to create.",
  "elements": [
    {
      "type": "class",
      "property": [
        {
          "name": "NONE",
          "rwaccess": "readonly",
          "shortdesc": "No clipping path applied.",
          "datatype": {
            "type": "number",
            "value": 1852796517
          }
        },
        {
          "name": "DETECT_EDGES",
          "rwaccess": "readonly",
          "shortdesc": "The clipping path is based on pixel value threshold and tolerance.",
          "datatype": {
            "type": "number",
            "value": 1685349735
          }
        },
        {
          "name": "ALPHA_CHANNEL",
          "rwaccess": "readonly",
          "shortdesc": "The clipping path is based on an alpha channel defined for the graphic in a graphics application.",
          "datatype": {
            "type": "number",
            "value": 1634756707
          }
        },
        {
          "name": "PHOTOSHOP_PATH",
          "rwaccess": "readonly",
          "shortdesc": "The clipping path is defined for the graphic in Photoshop.",
          "datatype": {
            "type": "number",
            "value": 1886613620
          }
        },
        {
          "name": "USER_MODIFIED_PATH",
          "rwaccess": "readonly",
          "shortdesc": "&amp;&#35;40;Read-only&#41; The clipping path has been manually edited.",
          "datatype": {
            "type": "number",
            "value": 1970106484
          }
        }
      ]
    }
  ]
}