{
  "name": "ColorSetting",
  "dynamic": true,
  "superclass": {
    "href": "#/Preference",
    "$t": "Preference"
  },
  "shortdesc": "Color management settings.",
  "elements": [
    {
      "type": "instance",
      "property": [
        {
          "name": "engineList",
          "rwaccess": "readonly",
          "shortdesc": "The available color engines.",
          "datatype": {
            "type": "string",
            "array": true
          }
        },
        {
          "name": "cmsSettingsList",
          "rwaccess": "readonly",
          "shortdesc": "A list of valid color management system settings configurations.",
          "datatype": {
            "type": "string",
            "array": true
          }
        },
        {
          "name": "workingSpaceCMYKList",
          "rwaccess": "readonly",
          "shortdesc": "A list of valid CMYK color profiles.",
          "datatype": {
            "type": "string",
            "array": true
          }
        },
        {
          "name": "workingSpaceRGBList",
          "rwaccess": "readonly",
          "shortdesc": "A list of valid RGB color profiles.",
          "datatype": {
            "type": "string",
            "array": true
          }
        },
        {
          "name": "isValid",
          "rwaccess": "readonly",
          "shortdesc": "Returns true if the object specifier resolves to valid objects.",
          "datatype": {
            "type": "bool"
          }
        },
        {
          "name": "parent",
          "rwaccess": "readonly",
          "shortdesc": "The parent of the ColorSetting &amp;&#35;40;a Application&#41;.",
          "datatype": {
            "type": "Application"
          }
        },
        {
          "name": "events",
          "rwaccess": "readonly",
          "shortdesc": "A collection of events.",
          "datatype": {
            "type": "Events"
          }
        },
        {
          "name": "eventListeners",
          "rwaccess": "readonly",
          "shortdesc": "A collection of event listeners.",
          "datatype": {
            "type": "EventListeners"
          }
        },
        {
          "name": "cmykPolicy",
          "shortdesc": "The policy for handling colors in a CMYK color model, including reading and embedding color profiles, resolving mismatches between embedded color profiles and the working space, and moving colors between documents.",
          "datatype": {
            "type": "ColorSettingsPolicy"
          }
        },
        {
          "name": "enableColorManagement",
          "shortdesc": "If true, enables color management.",
          "datatype": {
            "type": "bool"
          }
        },
        {
          "name": "engine",
          "shortdesc": "The color management module &amp;&#35;40;CMM&#41; for mapping color space gamuts between documents.",
          "datatype": {
            "type": "string"
          }
        },
        {
          "name": "mismatchAskWhenOpening",
          "shortdesc": "If true, displays a prompt when opening a file whose embedded color profile does not match the current working space. The prompt provides the option to override the default mismatch behavior.",
          "datatype": {
            "type": "bool"
          }
        },
        {
          "name": "mismatchAskWhenPasting",
          "shortdesc": "If true, displays a prompt when importing an object &amp;&#35;40;via pasting, drag-and-drop, or other similar methods&#41; whose colors do not match the current working space. The prompt provides the option to override the default mismatch behavior.",
          "datatype": {
            "type": "bool"
          }
        },
        {
          "name": "missingAskWhenOpening",
          "shortdesc": "If true, displays a prompt when opening a file that does not have an embedded color profile. The prompt provides the option to assign a color profile.",
          "datatype": {
            "type": "bool"
          }
        },
        {
          "name": "rgbPolicy",
          "shortdesc": "The policy for handling colors in an RGB color model, including reading and embedding color profiles, handling mismatches between embedded color profiles and the working space, and moving colors from one document to another.",
          "datatype": {
            "type": "ColorSettingsPolicy"
          }
        },
        {
          "name": "cmsSettings",
          "shortdesc": "The current color management system settings configuration. Note: For information on possible values, see CMS settings list.",
          "datatype": {
            "type": "string"
          }
        },
        {
          "name": "cmsSettingsPath",
          "shortdesc": "The file path of the CSF file to use.",
          "datatype": {
            "type": "File"
          }
        },
        {
          "name": "useBPC",
          "shortdesc": "If true, uses black point compensation to ensure that shadow detail is preserved by simulating the full dynamic range of the output device.",
          "datatype": {
            "type": "bool"
          }
        },
        {
          "name": "workingSpaceCMYK",
          "shortdesc": "The current CMYK profile.",
          "datatype": {
            "type": "string"
          }
        },
        {
          "name": "workingSpaceRGB",
          "shortdesc": "The current RGB profile.",
          "datatype": {
            "type": "string"
          }
        },
        {
          "name": "intent",
          "shortdesc": "The default rendering intent.",
          "datatype": {
            "type": "DefaultRenderingIntent"
          }
        },
        {
          "name": "accurateLABSpots",
          "shortdesc": "If true, uses LAB alternates for spot colors when available.",
          "datatype": {
            "type": "bool"
          }
        },
        {
          "name": "idealizedBlackToScreen",
          "shortdesc": "If true, uses idealized black for CMYK-to-RGB or CMYK-to-Gray conversions to the screen.",
          "datatype": {
            "type": "bool"
          }
        },
        {
          "name": "idealizedBlackToExport",
          "shortdesc": "If true, uses idealized black for CMYK-to-RGB or CMYK-to-Gray conversions to print or export.",
          "datatype": {
            "type": "bool"
          }
        },
        {
          "name": "properties",
          "shortdesc": "A property that allows setting of several properties at the same time.",
          "datatype": {
            "type": "Object"
          }
        }
      ],
      "method": [
        {
          "name": "toSource",
          "shortdesc": "Generates a string which, if executed, will return the ColorSetting.",
          "datatype": {
            "type": "string"
          }
        },
        {
          "name": "getElements",
          "shortdesc": "Resolves the object specifier, creating an array of object references.",
          "datatype": {
            "type": "ColorSetting",
            "array": {}
          }
        },
        {
          "name": "toSpecifier",
          "shortdesc": "Retrieves the object specifier.",
          "datatype": {
            "type": "string"
          }
        },
        {
          "name": "addEventListener",
          "shortdesc": "Adds an event listener.",
          "parameters": {
            "parameter": [
              {
                "name": "eventType",
                "shortdesc": "The event type.",
                "datatype": {
                  "type": "string"
                }
              },
              {
                "name": "handler",
                "shortdesc": "The event handler. Can accept: File or JavaScript Function.",
                "datatype": {
                  "type": "mixed"
                }
              },
              {
                "name": "captures",
                "optional": true,
                "shortdesc": "This parameter is obsolete. &amp;&#35;40;Optional&#41;",
                "datatype": {
                  "type": "bool",
                  "value": false
                }
              }
            ]
          },
          "datatype": {
            "type": "EventListener"
          }
        },
        {
          "name": "removeEventListener",
          "shortdesc": "Removes the event listener.",
          "parameters": {
            "parameter": [
              {
                "name": "eventType",
                "shortdesc": "The registered event type.",
                "datatype": {
                  "type": "string"
                }
              },
              {
                "name": "handler",
                "shortdesc": "The registered event handler. Can accept: File or JavaScript Function.",
                "datatype": {
                  "type": "mixed"
                }
              },
              {
                "name": "captures",
                "optional": true,
                "shortdesc": "This parameter is obsolete. &amp;&#35;40;Optional&#41;",
                "datatype": {
                  "type": "bool",
                  "value": false
                }
              }
            ]
          },
          "datatype": {
            "type": "bool"
          }
        }
      ]
    }
  ]
}