{
  "name": "ColorOutputModes",
  "enumeration": true,
  "shortdesc": "Color output mode options for composites.",
  "elements": [
    {
      "type": "class",
      "property": [
        {
          "name": "COMPOSITE_LEAVE_UNCHANGED",
          "rwaccess": "readonly",
          "shortdesc": "Sends a full-color version of the specified pages to the printer, preserving all color values in the original document. Note: Cannot simulate overprint when using this option.",
          "datatype": {
            "type": "Number",
            "value": 1668107349
          }
        },
        {
          "name": "COMPOSITE_GRAY",
          "rwaccess": "readonly",
          "shortdesc": "Sends grayscale versions of the specified pages to the printer.",
          "datatype": {
            "type": "Number",
            "value": 1668116583
          }
        },
        {
          "name": "COMPOSITE_RGB",
          "rwaccess": "readonly",
          "shortdesc": "Sends full-color versions of the specified pages to the printer.",
          "datatype": {
            "type": "Number",
            "value": 1668108866
          }
        },
        {
          "name": "COMPOSITE_CMYK",
          "rwaccess": "readonly",
          "shortdesc": "Sends full-color versions of the specified pages to the printer. Note: Available only for PostScript printers.",
          "datatype": {
            "type": "Number",
            "value": 1668105035
          }
        },
        {
          "name": "SEPARATIONS",
          "rwaccess": "readonly",
          "shortdesc": "Sends PostScript information for each of the required separations to the printer. Note: Available only for PostScript printers.",
          "datatype": {
            "type": "Number",
            "value": 1936027745
          }
        },
        {
          "name": "INRIP_SEPARATIONS",
          "rwaccess": "readonly",
          "shortdesc": "Allows the printer to create color separations. Note: Valid only with a PostScript raster image processing &#40;RIP) device.",
          "datatype": {
            "type": "Number",
            "value": 1919512691
          }
        }
      ]
    }
  ]
}