{
  "name": "ColorRenderingDictionary",
  "enumeration": true,
  "shortdesc": "The color-rendering dictionary &amp;&#35;40;CRD&#41; to use.",
  "elements": [
    {
      "type": "class",
      "property": [
        {
          "name": "DEFAULT_VALUE",
          "rwaccess": "readonly",
          "shortdesc": "Uses the default CRD.",
          "datatype": {
            "type": "number",
            "value": 1147563124
          }
        },
        {
          "name": "USE_DOCUMENT",
          "rwaccess": "readonly",
          "shortdesc": "Uses the document&apos;s CRD.",
          "datatype": {
            "type": "number",
            "value": 1967419235
          }
        },
        {
          "name": "WORKING",
          "rwaccess": "readonly",
          "shortdesc": "Uses the working CRD.",
          "datatype": {
            "type": "number",
            "value": 1466921579
          }
        }
      ]
    }
  ]
}