{
  "name": "ColorModel",
  "enumeration": true,
  "shortdesc": "Color model options.",
  "elements": [
    {
      "type": "class",
      "property": [
        {
          "name": "SPOT",
          "rwaccess": "readonly",
          "shortdesc": "Spot color.",
          "datatype": {
            "type": "number",
            "value": 1936748404
          }
        },
        {
          "name": "PROCESS",
          "rwaccess": "readonly",
          "shortdesc": "Process color.",
          "datatype": {
            "type": "number",
            "value": 1886548851
          }
        },
        {
          "name": "REGISTRATION",
          "rwaccess": "readonly",
          "shortdesc": "Registration color.",
          "datatype": {
            "type": "number",
            "value": 1919248243
          }
        },
        {
          "name": "MIXEDINKMODEL",
          "rwaccess": "readonly",
          "shortdesc": "Mixed ink color.",
          "datatype": {
            "type": "number",
            "value": 1768844664
          }
        }
      ]
    }
  ]
}