{
  "name": "Columns",
  "dynamic": true,
  "shortdesc": "A collection of table columns.",
  "elements": [
    {
      "type": "instance",
      "method": [
        {
          "name": "add",
          "shortdesc": "Creates a new Column.",
          "parameters": {
            "parameter": [
              {
                "name": "at",
                "optional": true,
                "shortdesc": "The Column&apos;s location relative to the reference object or within the table.  &amp;&#35;40;Optional&#41;",
                "datatype": {
                  "type": "LocationOptions",
                  "value": "LocationOptions.UNKNOWN"
                }
              },
              {
                "name": "reference",
                "shortdesc": "The reference object. Note: The reference object must be within the table. Required only when the at value contains before or after. Can accept: Row, Column, Cell or Table. &amp;&#35;40;Optional&#41;",
                "datatype": {
                  "type": "mixed"
                }
              },
              {
                "name": "withProperties",
                "shortdesc": "Initial values for properties of the new Column &amp;&#35;40;Optional&#41;",
                "datatype": {
                  "type": "Object"
                }
              }
            ]
          },
          "datatype": {
            "type": "varies=any"
          }
        },
        {
          "name": "count",
          "shortdesc": "Displays the number of elements in the Column.",
          "datatype": {
            "type": "number"
          }
        },
        {
          "name": "item",
          "shortdesc": "Returns the Column with the specified index or name.",
          "parameters": {
            "parameter": [
              {
                "name": "index",
                "shortdesc": "The index or name. Can accept: Long Integer or String.",
                "datatype": {
                  "type": "mixed"
                }
              }
            ]
          },
          "datatype": {
            "type": "Column"
          }
        },
        {
          "name": "itemByName",
          "shortdesc": "Returns the Column with the specified name.",
          "parameters": {
            "parameter": [
              {
                "name": "name",
                "shortdesc": "The name.",
                "datatype": {
                  "type": "string"
                }
              }
            ]
          },
          "datatype": {
            "type": "Column"
          }
        },
        {
          "name": "itemByRange",
          "shortdesc": "Returns the Columns within the specified range.",
          "parameters": {
            "parameter": [
              {
                "name": "from",
                "shortdesc": "The Column, index, or name at the beginning of the range. Can accept: Column, Long Integer or String.",
                "datatype": {
                  "type": "mixed"
                }
              },
              {
                "name": "to",
                "shortdesc": "The Column, index, or name at the end of the range. Can accept: Column, Long Integer or String.",
                "datatype": {
                  "type": "mixed"
                }
              }
            ]
          },
          "datatype": {
            "type": "Column",
            "array": {}
          }
        },
        {
          "name": "firstItem",
          "shortdesc": "Returns the first Column in the collection.",
          "datatype": {
            "type": "Column"
          }
        },
        {
          "name": "lastItem",
          "shortdesc": "Returns the last Column in the collection.",
          "datatype": {
            "type": "Column"
          }
        },
        {
          "name": "middleItem",
          "shortdesc": "Returns the middle Column in the collection.",
          "datatype": {
            "type": "Column"
          }
        },
        {
          "name": "previousItem",
          "shortdesc": "Returns the Column with the index previous to the specified index.",
          "parameters": {
            "parameter": [
              {
                "name": "obj",
                "shortdesc": "The index of the Column that follows the desired Column.",
                "datatype": {
                  "type": "Column"
                }
              }
            ]
          },
          "datatype": {
            "type": "Column"
          }
        },
        {
          "name": "nextItem",
          "shortdesc": "Returns the Column whose index follows the specified Column in the collection.",
          "parameters": {
            "parameter": [
              {
                "name": "obj",
                "shortdesc": "The Column whose index comes before the desired Column.",
                "datatype": {
                  "type": "Column"
                }
              }
            ]
          },
          "datatype": {
            "type": "Column"
          }
        },
        {
          "name": "anyItem",
          "shortdesc": "Returns any Column in the collection.",
          "datatype": {
            "type": "Column"
          }
        },
        {
          "name": "everyItem",
          "shortdesc": "Returns every Column in the collection.",
          "datatype": {
            "type": "Column",
            "array": {}
          }
        },
        {
          "name": "toSource",
          "shortdesc": "Generates a string which, if executed, will return the Column.",
          "datatype": {
            "type": "string"
          }
        },
        {
          "name": "[]",
          "shortdesc": "Returns the Column with the specified index.",
          "parameters": {
            "parameter": [
              {
                "name": "index",
                "shortdesc": "The index.",
                "datatype": {
                  "type": "number"
                }
              }
            ]
          },
          "datatype": {
            "type": "Column"
          }
        }
      ],
      "property": [
        {
          "name": "length",
          "rwaccess": "readonly",
          "shortdesc": "The number of objects in the collection.",
          "datatype": {
            "type": "number"
          }
        }
      ]
    }
  ]
}