{
  "name": "ComboBoxes",
  "dynamic": true,
  "shortdesc": "A collection of comboboxes.",
  "elements": [
    {
      "type": "instance",
      "method": [
        {
          "name": "count",
          "shortdesc": "Displays the number of elements in the ComboBox.",
          "datatype": {
            "type": "number"
          }
        },
        {
          "name": "add",
          "shortdesc": "Creates a new ComboBox",
          "parameters": {
            "parameter": [
              {
                "name": "layer",
                "shortdesc": "The layer on which to create the ComboBox. &amp;&#35;40;Optional&#41;",
                "datatype": {
                  "type": "Layer"
                }
              },
              {
                "name": "at",
                "optional": true,
                "shortdesc": "The location at which to insert the ComboBox relative to the reference object or within the container object. &amp;&#35;40;Optional&#41;",
                "datatype": {
                  "type": "LocationOptions",
                  "value": "LocationOptions.UNKNOWN"
                }
              },
              {
                "name": "reference",
                "shortdesc": "The reference object. Note: Required when the at parameter is before or after. Can accept: Document, Spread, MasterSpread, Page, Layer or PageItem. &amp;&#35;40;Optional&#41;",
                "datatype": {
                  "type": "mixed"
                }
              },
              {
                "name": "withProperties",
                "shortdesc": "Initial values for properties of the new ComboBox &amp;&#35;40;Optional&#41;",
                "datatype": {
                  "type": "Object"
                }
              }
            ]
          },
          "datatype": {
            "type": "ComboBox"
          }
        },
        {
          "name": "item",
          "shortdesc": "Returns the ComboBox with the specified index or name.",
          "parameters": {
            "parameter": [
              {
                "name": "index",
                "shortdesc": "The index or name. Can accept: Long Integer or String.",
                "datatype": {
                  "type": "mixed"
                }
              }
            ]
          },
          "datatype": {
            "type": "ComboBox"
          }
        },
        {
          "name": "itemByName",
          "shortdesc": "Returns the ComboBox with the specified name.",
          "parameters": {
            "parameter": [
              {
                "name": "name",
                "shortdesc": "The name.",
                "datatype": {
                  "type": "string"
                }
              }
            ]
          },
          "datatype": {
            "type": "ComboBox"
          }
        },
        {
          "name": "itemByID",
          "shortdesc": "Returns the ComboBox with the specified ID.",
          "parameters": {
            "parameter": [
              {
                "name": "id",
                "shortdesc": "The ID.",
                "datatype": {
                  "type": "number"
                }
              }
            ]
          },
          "datatype": {
            "type": "ComboBox"
          }
        },
        {
          "name": "itemByRange",
          "shortdesc": "Returns the ComboBoxes within the specified range.",
          "parameters": {
            "parameter": [
              {
                "name": "from",
                "shortdesc": "The ComboBox, index, or name at the beginning of the range. Can accept: ComboBox, Long Integer or String.",
                "datatype": {
                  "type": "mixed"
                }
              },
              {
                "name": "to",
                "shortdesc": "The ComboBox, index, or name at the end of the range. Can accept: ComboBox, Long Integer or String.",
                "datatype": {
                  "type": "mixed"
                }
              }
            ]
          },
          "datatype": {
            "type": "ComboBox",
            "array": {}
          }
        },
        {
          "name": "firstItem",
          "shortdesc": "Returns the first ComboBox in the collection.",
          "datatype": {
            "type": "ComboBox"
          }
        },
        {
          "name": "lastItem",
          "shortdesc": "Returns the last ComboBox in the collection.",
          "datatype": {
            "type": "ComboBox"
          }
        },
        {
          "name": "middleItem",
          "shortdesc": "Returns the middle ComboBox in the collection.",
          "datatype": {
            "type": "ComboBox"
          }
        },
        {
          "name": "previousItem",
          "shortdesc": "Returns the ComboBox with the index previous to the specified index.",
          "parameters": {
            "parameter": [
              {
                "name": "obj",
                "shortdesc": "The index of the ComboBox that follows the desired ComboBox.",
                "datatype": {
                  "type": "ComboBox"
                }
              }
            ]
          },
          "datatype": {
            "type": "ComboBox"
          }
        },
        {
          "name": "nextItem",
          "shortdesc": "Returns the ComboBox whose index follows the specified ComboBox in the collection.",
          "parameters": {
            "parameter": [
              {
                "name": "obj",
                "shortdesc": "The ComboBox whose index comes before the desired ComboBox.",
                "datatype": {
                  "type": "ComboBox"
                }
              }
            ]
          },
          "datatype": {
            "type": "ComboBox"
          }
        },
        {
          "name": "anyItem",
          "shortdesc": "Returns any ComboBox in the collection.",
          "datatype": {
            "type": "ComboBox"
          }
        },
        {
          "name": "everyItem",
          "shortdesc": "Returns every ComboBox in the collection.",
          "datatype": {
            "type": "ComboBox",
            "array": {}
          }
        },
        {
          "name": "toSource",
          "shortdesc": "Generates a string which, if executed, will return the ComboBox.",
          "datatype": {
            "type": "string"
          }
        },
        {
          "name": "[]",
          "shortdesc": "Returns the ComboBox with the specified index.",
          "parameters": {
            "parameter": [
              {
                "name": "index",
                "shortdesc": "The index.",
                "datatype": {
                  "type": "number"
                }
              }
            ]
          },
          "datatype": {
            "type": "ComboBox"
          }
        }
      ],
      "property": [
        {
          "name": "length",
          "rwaccess": "readonly",
          "shortdesc": "The number of objects in the collection.",
          "datatype": {
            "type": "number"
          }
        }
      ]
    }
  ]
}