{
  "name": "ComboBox",
  "dynamic": true,
  "superclass": {
    "href": "#/FormField",
    "$t": "FormField"
  },
  "shortdesc": "A combobox.",
  "elements": [
    {
      "type": "class",
      "property": [
        {
          "name": "BEFORE_PLACE",
          "rwaccess": "readonly",
          "shortdesc": "Dispatched before a ComboBox is placed. This event bubbles. This event is cancelable.",
          "datatype": {
            "type": "String",
            "value": "beforePlace"
          }
        },
        {
          "name": "AFTER_PLACE",
          "rwaccess": "readonly",
          "shortdesc": "Dispatched after a ComboBox is placed. This event bubbles. This event is not cancelable.",
          "datatype": {
            "type": "String",
            "value": "afterPlace"
          }
        }
      ]
    },
    {
      "type": "instance",
      "property": [
        {
          "name": "anchoredObjectSettings",
          "rwaccess": "readonly",
          "shortdesc": "Anchored object settings.",
          "datatype": {
            "type": "AnchoredObjectSetting"
          }
        },
        {
          "name": "textWrapPreferences",
          "rwaccess": "readonly",
          "shortdesc": "The text wrap preference properties that define the default formatting for wrapping text around objects.",
          "datatype": {
            "type": "TextWrapPreference"
          }
        },
        {
          "name": "associatedXMLElement",
          "rwaccess": "readonly",
          "shortdesc": "The XML element associated with the ComboBox.",
          "datatype": {
            "type": "XMLItem"
          }
        },
        {
          "name": "transparencySettings",
          "rwaccess": "readonly",
          "shortdesc": "Transparency settings.",
          "datatype": {
            "type": "TransparencySetting"
          }
        },
        {
          "name": "strokeTransparencySettings",
          "rwaccess": "readonly",
          "shortdesc": "Transparency settings for the stroke.",
          "datatype": {
            "type": "StrokeTransparencySetting"
          }
        },
        {
          "name": "fillTransparencySettings",
          "rwaccess": "readonly",
          "shortdesc": "Transparency settings for the fill applied to the ComboBox.",
          "datatype": {
            "type": "FillTransparencySetting"
          }
        },
        {
          "name": "contentTransparencySettings",
          "rwaccess": "readonly",
          "shortdesc": "Transparency settings for the content of the ComboBox.",
          "datatype": {
            "type": "ContentTransparencySetting"
          }
        },
        {
          "name": "linkedPageItemOptions",
          "rwaccess": "readonly",
          "shortdesc": "Linked Page Item options",
          "datatype": {
            "type": "LinkedPageItemOption"
          }
        },
        {
          "name": "overridden",
          "rwaccess": "readonly",
          "shortdesc": "If true, the object originated on a master spread and was overridden. If false, the object either originated on a master spread and was not overridden, or the object did not originate on a master page.",
          "datatype": {
            "type": "Boolean"
          }
        },
        {
          "name": "overriddenMasterPageItem",
          "rwaccess": "readonly",
          "shortdesc": "An object that originated on a master page and has been overridden. Can return: PageItem, Guide, Graphic, Movie or Sound.",
          "datatype": {
            "type": "Mixed"
          }
        },
        {
          "name": "allPageItems",
          "rwaccess": "readonly",
          "shortdesc": "Lists all page items contained by the ComboBox.",
          "datatype": {
            "type": "PageItem",
            "array": true
          }
        },
        {
          "name": "allGraphics",
          "rwaccess": "readonly",
          "shortdesc": "Lists all graphics contained by the ComboBox.",
          "datatype": {
            "type": "Graphic",
            "array": true
          }
        },
        {
          "name": "parentPage",
          "rwaccess": "readonly",
          "shortdesc": "The page on which this page item appears.",
          "datatype": {
            "type": "Page"
          }
        },
        {
          "name": "animationSettings",
          "rwaccess": "readonly",
          "shortdesc": "The page item animation settings.",
          "datatype": {
            "type": "AnimationSetting"
          }
        },
        {
          "name": "timingSettings",
          "rwaccess": "readonly",
          "shortdesc": "The object timing settings.",
          "datatype": {
            "type": "TimingSetting"
          }
        },
        {
          "name": "allArticles",
          "rwaccess": "readonly",
          "shortdesc": "The list of all articles this page item is part of",
          "datatype": {
            "type": "Article",
            "array": true
          }
        },
        {
          "name": "id",
          "rwaccess": "readonly",
          "shortdesc": "The unique ID of the ComboBox.",
          "datatype": {
            "type": "Number"
          }
        },
        {
          "name": "isValid",
          "rwaccess": "readonly",
          "shortdesc": "Returns true if the object specifier resolves to valid objects.",
          "datatype": {
            "type": "Boolean"
          }
        },
        {
          "name": "parent",
          "rwaccess": "readonly",
          "shortdesc": "The parent of the ComboBox &#40;a PlaceGun, Character, Spread, MasterSpread, SplineItem, Polygon, GraphicLine, Rectangle, Oval, Group or Snippet).",
          "datatype": {
            "type": "Mixed"
          }
        },
        {
          "name": "index",
          "rwaccess": "readonly",
          "shortdesc": "The index of the ComboBox within its containing object.",
          "datatype": {
            "type": "Number"
          }
        },
        {
          "name": "preferences",
          "rwaccess": "readonly",
          "shortdesc": "A collection of preferences objects.",
          "datatype": {
            "type": "Preferences"
          }
        },
        {
          "name": "ovals",
          "rwaccess": "readonly",
          "shortdesc": "A collection of ellipses.",
          "datatype": {
            "type": "Ovals"
          }
        },
        {
          "name": "splineItems",
          "rwaccess": "readonly",
          "shortdesc": "The spline items collection.",
          "datatype": {
            "type": "SplineItems"
          }
        },
        {
          "name": "pageItems",
          "rwaccess": "readonly",
          "shortdesc": "The page items collection, which can be used to process all page items in a container &#40;such as a document, page, or group), regardless of type.",
          "datatype": {
            "type": "PageItems"
          }
        },
        {
          "name": "rectangles",
          "rwaccess": "readonly",
          "shortdesc": "A collection of rectangles.",
          "datatype": {
            "type": "Rectangles"
          }
        },
        {
          "name": "graphicLines",
          "rwaccess": "readonly",
          "shortdesc": "A collection of graphic lines.",
          "datatype": {
            "type": "GraphicLines"
          }
        },
        {
          "name": "textFrames",
          "rwaccess": "readonly",
          "shortdesc": "A collection of text frames.",
          "datatype": {
            "type": "TextFrames"
          }
        },
        {
          "name": "polygons",
          "rwaccess": "readonly",
          "shortdesc": "A collection of polygons.",
          "datatype": {
            "type": "Polygons"
          }
        },
        {
          "name": "events",
          "rwaccess": "readonly",
          "shortdesc": "A collection of events.",
          "datatype": {
            "type": "Events"
          }
        },
        {
          "name": "eventListeners",
          "rwaccess": "readonly",
          "shortdesc": "A collection of event listeners.",
          "datatype": {
            "type": "EventListeners"
          }
        },
        {
          "name": "images",
          "rwaccess": "readonly",
          "shortdesc": "A collection of bitmap images in any bitmap file format &#40;including TIFF, JPEG, or GIF).",
          "datatype": {
            "type": "Images"
          }
        },
        {
          "name": "graphics",
          "rwaccess": "readonly",
          "shortdesc": "A collection of imported graphics in any graphic file format &#40;vector, metafile, or bitmap).",
          "datatype": {
            "type": "Graphics"
          }
        },
        {
          "name": "epss",
          "rwaccess": "readonly",
          "shortdesc": "A collection of EPS files.",
          "datatype": {
            "type": "EPSs"
          }
        },
        {
          "name": "wmfs",
          "rwaccess": "readonly",
          "shortdesc": "A collection of WMF graphics.",
          "datatype": {
            "type": "WMFs"
          }
        },
        {
          "name": "picts",
          "rwaccess": "readonly",
          "shortdesc": "A collection of PICT graphics.",
          "datatype": {
            "type": "PICTs"
          }
        },
        {
          "name": "pdfs",
          "rwaccess": "readonly",
          "shortdesc": "A collection of PDF files.",
          "datatype": {
            "type": "PDFs"
          }
        },
        {
          "name": "groups",
          "rwaccess": "readonly",
          "shortdesc": "A collection of groups.",
          "datatype": {
            "type": "Groups"
          }
        },
        {
          "name": "epstexts",
          "rwaccess": "readonly",
          "shortdesc": "EPSTexts",
          "datatype": {
            "type": "EPSTexts"
          }
        },
        {
          "name": "submitFormBehaviors",
          "rwaccess": "readonly",
          "shortdesc": "A collection of submit form behavior objects.",
          "datatype": {
            "type": "SubmitFormBehaviors"
          }
        },
        {
          "name": "behaviors",
          "rwaccess": "readonly",
          "shortdesc": "A collection of behavior objects.",
          "datatype": {
            "type": "Behaviors"
          }
        },
        {
          "name": "clearFormBehaviors",
          "rwaccess": "readonly",
          "shortdesc": "A collection of clear form behavior objects.",
          "datatype": {
            "type": "ClearFormBehaviors"
          }
        },
        {
          "name": "printFormBehaviors",
          "rwaccess": "readonly",
          "shortdesc": "A collection of print form behavior objects.",
          "datatype": {
            "type": "PrintFormBehaviors"
          }
        },
        {
          "name": "viewZoomBehaviors",
          "rwaccess": "readonly",
          "shortdesc": "A collection of view zoom behavior objects.",
          "datatype": {
            "type": "ViewZoomBehaviors"
          }
        },
        {
          "name": "soundBehaviors",
          "rwaccess": "readonly",
          "shortdesc": "A collection of sound behavior objects.",
          "datatype": {
            "type": "SoundBehaviors"
          }
        },
        {
          "name": "showHideFieldsBehaviors",
          "rwaccess": "readonly",
          "shortdesc": "A collection of show/hide fields behavior objects.",
          "datatype": {
            "type": "ShowHideFieldsBehaviors"
          }
        },
        {
          "name": "movieBehaviors",
          "rwaccess": "readonly",
          "shortdesc": "A collection of movie behavior objects.",
          "datatype": {
            "type": "MovieBehaviors"
          }
        },
        {
          "name": "gotoAnchorBehaviors",
          "rwaccess": "readonly",
          "shortdesc": "A collection of goto anchor behavior objects.",
          "datatype": {
            "type": "GotoAnchorBehaviors"
          }
        },
        {
          "name": "gotoFirstPageBehaviors",
          "rwaccess": "readonly",
          "shortdesc": "A collection of goto first page behavior objects.",
          "datatype": {
            "type": "GotoFirstPageBehaviors"
          }
        },
        {
          "name": "gotoLastPageBehaviors",
          "rwaccess": "readonly",
          "shortdesc": "A collection of goto last page behavior objects.",
          "datatype": {
            "type": "GotoLastPageBehaviors"
          }
        },
        {
          "name": "gotoNextPageBehaviors",
          "rwaccess": "readonly",
          "shortdesc": "A collection of goto next page behavior objects.",
          "datatype": {
            "type": "GotoNextPageBehaviors"
          }
        },
        {
          "name": "gotoPreviousPageBehaviors",
          "rwaccess": "readonly",
          "shortdesc": "A collection of goto previous page behavior objects.",
          "datatype": {
            "type": "GotoPreviousPageBehaviors"
          }
        },
        {
          "name": "gotoNextViewBehaviors",
          "rwaccess": "readonly",
          "shortdesc": "A collection of goto next view behavior objects.",
          "datatype": {
            "type": "GotoNextViewBehaviors"
          }
        },
        {
          "name": "gotoPreviousViewBehaviors",
          "rwaccess": "readonly",
          "shortdesc": "A collection of goto previous view behavior objects.",
          "datatype": {
            "type": "GotoPreviousViewBehaviors"
          }
        },
        {
          "name": "gotoURLBehaviors",
          "rwaccess": "readonly",
          "shortdesc": "A collection of goto URL behavior objects.",
          "datatype": {
            "type": "GotoURLBehaviors"
          }
        },
        {
          "name": "openFileBehaviors",
          "rwaccess": "readonly",
          "shortdesc": "A collection of open file behavior objects.",
          "datatype": {
            "type": "OpenFileBehaviors"
          }
        },
        {
          "name": "readOnly",
          "shortdesc": "If true, the form field is read only in the exported PDF.",
          "datatype": {
            "type": "Boolean"
          }
        },
        {
          "name": "required",
          "shortdesc": "If true, the form field is required in the exported PDF.",
          "datatype": {
            "type": "Boolean"
          }
        },
        {
          "name": "printableInPdf",
          "shortdesc": "If true, the form field/push button is printable in the exported PDF.",
          "datatype": {
            "type": "Boolean"
          }
        },
        {
          "name": "hiddenUntilTriggered",
          "shortdesc": "If true, the form field/push button is hidden until triggered in the exported PDF.",
          "datatype": {
            "type": "Boolean"
          }
        },
        {
          "name": "fontSize",
          "shortdesc": "The font size for the form field in the exported PDF.",
          "datatype": {
            "type": "Number"
          }
        },
        {
          "name": "sortChoices",
          "shortdesc": "If true, the choices would be sorted in the exported PDF.",
          "datatype": {
            "type": "Boolean"
          }
        },
        {
          "name": "choiceList",
          "shortdesc": "The list of choices for combo and list boxes in the exported PDF.",
          "datatype": {
            "type": "String",
            "array": true
          }
        },
        {
          "name": "rightToLeftField",
          "shortdesc": "If true, the form field has right to left text enabled in the exported PDF.",
          "datatype": {
            "type": "Boolean"
          }
        },
        {
          "name": "activeStateIndex",
          "shortdesc": "The index of the active state in the object's states collection.",
          "datatype": {
            "type": "Number"
          }
        },
        {
          "name": "name",
          "shortdesc": "The name of the ComboBox.",
          "datatype": {
            "type": "String"
          }
        },
        {
          "name": "description",
          "shortdesc": "The description of the ComboBox.",
          "datatype": {
            "type": "String"
          }
        },
        {
          "name": "allowOverrides",
          "shortdesc": "If true, the master page item can be overridden.",
          "datatype": {
            "type": "Boolean"
          }
        },
        {
          "name": "horizontalLayoutConstraints",
          "shortdesc": "The left margin, width, and right margin constraints this item is subject to when using the object-based layout rule.",
          "datatype": {
            "type": "DimensionsConstraints",
            "array": true
          }
        },
        {
          "name": "verticalLayoutConstraints",
          "shortdesc": "The top margin, height, and bottom margin constraints this item is subject to when using the object-based layout rule.",
          "datatype": {
            "type": "DimensionsConstraints",
            "array": true
          }
        },
        {
          "name": "geometricBounds",
          "shortdesc": "The bounds of the ComboBox excluding the stroke width, in the format [y1, x1, y2, x2], which give the coordinates of the top-left and bottom-right corners of the bounding box.",
          "datatype": {
            "type": "Measurement Unit &amp;&#35;40;Number or String&#41;=any",
            "array": true
          }
        },
        {
          "name": "visibleBounds",
          "shortdesc": "The bounds of the ComboBox including the stroke width, in the format [y1, x1, y2, x2], which give the coordinates of the top-left and bottom-right corners of the bounding box.",
          "datatype": {
            "type": "Measurement Unit &amp;&#35;40;Number or String&#41;=any",
            "array": true
          }
        },
        {
          "name": "fillColor",
          "shortdesc": "The swatch &#40;color, gradient, tint, or mixed ink) applied to the fill of the ComboBox. . Can also accept: String.",
          "datatype": {
            "type": "Swatch"
          }
        },
        {
          "name": "fillTint",
          "shortdesc": "The percent of tint to use in the ComboBox's fill color. &#40;To specify a tint percent, use a number in the range of 0 to 100; to use the inherited or overridden value, use -1.)",
          "datatype": {
            "type": "Number"
          }
        },
        {
          "name": "overprintFill",
          "shortdesc": "If true, the ComboBox's fill color overprints any underlying objects. If false, the fill color knocks out the underlying colors.",
          "datatype": {
            "type": "Boolean"
          }
        },
        {
          "name": "strokeWeight",
          "shortdesc": "The weight &#40;in points) to apply to the ComboBox's stroke.",
          "datatype": {
            "type": "Measurement Unit &amp;&#35;40;Number or String&#41;=any"
          }
        },
        {
          "name": "miterLimit",
          "shortdesc": "The limit of the ratio of stroke width to miter length before a miter &#40;pointed) join becomes a bevel (squared-off) join.",
          "datatype": {
            "type": "Number",
            "min": 1,
            "max": 500,
            "value": 4
          }
        },
        {
          "name": "endCap",
          "shortdesc": "The end shape of an open path.",
          "datatype": {
            "type": "EndCap"
          }
        },
        {
          "name": "endJoin",
          "shortdesc": "The corner join applied to the ComboBox.",
          "datatype": {
            "type": "EndJoin"
          }
        },
        {
          "name": "strokeType",
          "shortdesc": "The name of the stroke style to apply. Can also accept: String.",
          "datatype": {
            "type": "StrokeStyle"
          }
        },
        {
          "name": "strokeCornerAdjustment",
          "shortdesc": "The corner adjustment applied to the ComboBox.",
          "datatype": {
            "type": "StrokeCornerAdjustment"
          }
        },
        {
          "name": "strokeDashAndGap",
          "shortdesc": "The dash and gap measurements that define the pattern of a custom dashed line. Define up to six values &#40;in points) in the format [dash1, gap1, dash2, gap2, dash3, gap3].",
          "datatype": {
            "type": "Measurement Unit &amp;&#35;40;Number or String&#41;=any",
            "array": true
          }
        },
        {
          "name": "leftLineEnd",
          "shortdesc": "The arrowhead applied to the start of the path.",
          "datatype": {
            "type": "ArrowHead"
          }
        },
        {
          "name": "rightLineEnd",
          "shortdesc": "The arrowhead applied to the end of the path.",
          "datatype": {
            "type": "ArrowHead"
          }
        },
        {
          "name": "strokeColor",
          "shortdesc": "The swatch &#40;color, gradient, tint, or mixed ink) applied to the stroke of the ComboBox. Can also accept: String.",
          "datatype": {
            "type": "Swatch"
          }
        },
        {
          "name": "strokeTint",
          "shortdesc": "The percent of tint to use in object's stroke color. &#40;To specify a tint percent, use a number in the range of 0 to 100; to use the inherited or overridden value, use -1.)",
          "datatype": {
            "type": "Number"
          }
        },
        {
          "name": "gradientFillStart",
          "shortdesc": "The starting point &#40;in page coordinates) of a gradient applied to the fill of the ComboBox, in the format [x, y].",
          "datatype": {
            "type": "Measurement Unit &amp;&#35;40;Number or String&#41;=any",
            "array": true
          }
        },
        {
          "name": "gradientFillLength",
          "shortdesc": "The length &#40;for a linear gradient) or radius (for a radial gradient) applied to the fill of the ComboBox.",
          "datatype": {
            "type": "Measurement Unit &amp;&#35;40;Number or String&#41;=any"
          }
        },
        {
          "name": "gradientFillAngle",
          "shortdesc": "The angle of a linear gradient applied to the fill of the ComboBox. &#40;Range: -180 to 180)",
          "datatype": {
            "type": "Number"
          }
        },
        {
          "name": "gradientStrokeStart",
          "shortdesc": "The starting point &#40;in page coordinates) of a gradient applied to the stroke of the ComboBox, in the format [x, y].",
          "datatype": {
            "type": "Measurement Unit &amp;&#35;40;Number or String&#41;=any",
            "array": true
          }
        },
        {
          "name": "gradientStrokeLength",
          "shortdesc": "The length &#40;for a linear gradient) or radius (for a radial gradient) applied to the stroke of the ComboBox.",
          "datatype": {
            "type": "Measurement Unit &amp;&#35;40;Number or String&#41;=any"
          }
        },
        {
          "name": "gradientStrokeAngle",
          "shortdesc": "The angle of a linear gradient applied to the stroke of the ComboBox. &#40;Range: -180 to 180)",
          "datatype": {
            "type": "Number"
          }
        },
        {
          "name": "overprintStroke",
          "shortdesc": "If true, the ComboBox's stroke color overprints any underlying objects. If false, the stroke color knocks out the  underlying colors.",
          "datatype": {
            "type": "Boolean"
          }
        },
        {
          "name": "gapColor",
          "shortdesc": "The swatch &#40;color, gradient, tint, or mixed ink) applied to the gap of a dashed, dotted, or striped stroke. For information, see stroke type.",
          "datatype": {
            "type": "Swatch"
          }
        },
        {
          "name": "gapTint",
          "shortdesc": "The tint as a percentage of the gap color. &#40;To specify a tint percent, use a number in the range of 0 to 100; to use the inherited or overridden value, use -1.)",
          "datatype": {
            "type": "Number"
          }
        },
        {
          "name": "overprintGap",
          "shortdesc": "If true, the gap color overprints any underlying colors. If false, the gap color knocks out the underlying colors.",
          "datatype": {
            "type": "Boolean"
          }
        },
        {
          "name": "strokeAlignment",
          "shortdesc": "The stroke alignment applied to the ComboBox.",
          "datatype": {
            "type": "StrokeAlignment"
          }
        },
        {
          "name": "nonprinting",
          "shortdesc": "If true, the ComboBox does not print.",
          "datatype": {
            "type": "Boolean"
          }
        },
        {
          "name": "itemLayer",
          "shortdesc": "The layer that the ComboBox is on.",
          "datatype": {
            "type": "Layer"
          }
        },
        {
          "name": "locked",
          "shortdesc": "If true, the ComboBox is locked.",
          "datatype": {
            "type": "Boolean"
          }
        },
        {
          "name": "localDisplaySetting",
          "shortdesc": "Display performance options for the ComboBox.",
          "datatype": {
            "type": "DisplaySettingOptions"
          }
        },
        {
          "name": "rotationAngle",
          "shortdesc": "The rotatation angle of the ComboBox. &#40;Range: -360 to 360)",
          "datatype": {
            "type": "Number"
          }
        },
        {
          "name": "shearAngle",
          "shortdesc": "The skewing angle applied to the ComboBox. &#40;Range: -360 to 360)",
          "datatype": {
            "type": "Number"
          }
        },
        {
          "name": "horizontalScale",
          "shortdesc": "The horizontal scaling applied to the ComboBox.",
          "datatype": {
            "type": "Number"
          }
        },
        {
          "name": "verticalScale",
          "shortdesc": "The vertical scaling applied to the ComboBox.",
          "datatype": {
            "type": "Number"
          }
        },
        {
          "name": "absoluteRotationAngle",
          "shortdesc": "The rotation angle of the ComboBox relative to its containing object. &#40;Range: -360 to 360)",
          "datatype": {
            "type": "Number"
          }
        },
        {
          "name": "absoluteShearAngle",
          "shortdesc": "The skewing angle of the ComboBox relative to its containing object. &#40;Range: -360 to 360)",
          "datatype": {
            "type": "Number"
          }
        },
        {
          "name": "absoluteHorizontalScale",
          "shortdesc": "The horizontal scale of the ComboBox relative to its containing object.",
          "datatype": {
            "type": "Number"
          }
        },
        {
          "name": "absoluteVerticalScale",
          "shortdesc": "The vertical scale of the ComboBox relative to its containing object.",
          "datatype": {
            "type": "Number"
          }
        },
        {
          "name": "appliedObjectStyle",
          "shortdesc": "The object style applied to the ComboBox.",
          "datatype": {
            "type": "ObjectStyle"
          }
        },
        {
          "name": "flip",
          "shortdesc": "The direction in which to flip the printed image.",
          "datatype": {
            "type": "Flip"
          }
        },
        {
          "name": "absoluteFlip",
          "shortdesc": "Indicates whether the ComboBox has been flipped independently of its parent object and, if yes, the direction in which the ComboBox was flipped.",
          "datatype": {
            "type": "Flip"
          }
        },
        {
          "name": "visible",
          "shortdesc": "If true, the ComboBox is visible.",
          "datatype": {
            "type": "Boolean"
          }
        },
        {
          "name": "topLeftCornerOption",
          "shortdesc": "The shape to be applied to the top left corner of rectangular shapes and all corners of non-rectangular shapes.Note: corner option differs from end join in which you can set a radius for a corner option, whereas the rounded or beveled effect of an end join depends on the stroke weight.",
          "datatype": {
            "type": "CornerOptions"
          }
        },
        {
          "name": "topRightCornerOption",
          "shortdesc": "The shape to apply to the top right corner of rectangular shapes",
          "datatype": {
            "type": "CornerOptions"
          }
        },
        {
          "name": "bottomLeftCornerOption",
          "shortdesc": "The shape to apply to the bottom left corner of rectangular shapes.",
          "datatype": {
            "type": "CornerOptions"
          }
        },
        {
          "name": "bottomRightCornerOption",
          "shortdesc": "The shape to apply to the bottom right corner of rectangular shapes.",
          "datatype": {
            "type": "CornerOptions"
          }
        },
        {
          "name": "topLeftCornerRadius",
          "shortdesc": "The radius in measurement units of the corner effect applied to the top left corner of rectangular shapes and all corners of non-rectangular shapes",
          "datatype": {
            "type": "Measurement Unit &amp;&#35;40;Number or String&#41;=any"
          }
        },
        {
          "name": "topRightCornerRadius",
          "shortdesc": "The radius in measurement units of the corner effect applied to the top right corner of rectangular shapes",
          "datatype": {
            "type": "Measurement Unit &amp;&#35;40;Number or String&#41;=any"
          }
        },
        {
          "name": "bottomLeftCornerRadius",
          "shortdesc": "The radius in measurement units of the corner effect applied to the bottom left corner of rectangular shapes",
          "datatype": {
            "type": "Measurement Unit &amp;&#35;40;Number or String&#41;=any"
          }
        },
        {
          "name": "bottomRightCornerRadius",
          "shortdesc": "The radius in measurement units of the corner effect applied to the bottom right corner of rectangular shapes",
          "datatype": {
            "type": "Measurement Unit &amp;&#35;40;Number or String&#41;=any"
          }
        },
        {
          "name": "label",
          "shortdesc": "A property that can be set to any string.",
          "datatype": {
            "type": "String"
          }
        },
        {
          "name": "properties",
          "shortdesc": "A property that allows setting of several properties at the same time.",
          "datatype": {
            "type": "Object"
          }
        }
      ],
      "method": [
        {
          "name": "bringToFront",
          "shortdesc": "Brings the ComboBox to the front of its layer or in front of a particular item.",
          "parameters": [
            {
              "name": "reference",
              "shortdesc": "The reference object to bring the object in front of &#40;must have same parent) (Optional)",
              "datatype": {
                "type": "PageItem"
              }
            }
          ]
        },
        {
          "name": "sendToBack",
          "shortdesc": "Sends the ComboBox to the back of its layer or behind a particular item &#40;must have same parent).",
          "parameters": [
            {
              "name": "reference",
              "shortdesc": "The reference object to send the object behind &#40;Optional)",
              "datatype": {
                "type": "PageItem"
              }
            }
          ]
        },
        {
          "name": "bringForward",
          "shortdesc": "Brings the ComboBox forward one level in its layer."
        },
        {
          "name": "sendBackward",
          "shortdesc": "Sends the ComboBox back one level in its layer."
        },
        {
          "name": "convertShape",
          "shortdesc": "Converts the ComboBox to a different shape.",
          "parameters": [
            {
              "name": "given",
              "shortdesc": "The ComboBox's new shape.",
              "datatype": {
                "type": "ConvertShapeOptions"
              }
            },
            {
              "name": "numberOfSides",
              "shortdesc": "The number of sides for the resulting polygon. &#40;Range: 3 to 100) (Optional)",
              "datatype": {
                "type": "Number",
                "min": 3,
                "max": 100
              }
            },
            {
              "name": "insetPercentage",
              "shortdesc": "The star inset percentage for the resulting polygon. &#40;Range: 0.0 to 100.0)  (Optional)",
              "datatype": {
                "type": "Number",
                "min": 0,
                "max": 100
              }
            },
            {
              "name": "cornerRadius",
              "shortdesc": "The corner radius of the resulting rectangle. &#40;Optional)",
              "datatype": {
                "type": "Measurement Unit &amp;&#35;40;Number or String&#41;=any",
                "min": 0,
                "max": 800
              }
            }
          ]
        },
        {
          "name": "convertToObject",
          "shortdesc": "Converts the button object to the page item currently in the active state. Page items from other states will be lost."
        },
        {
          "name": "placeXML",
          "shortdesc": "Places XML content into the specified object. Note: Replaces any existing content.",
          "parameters": [
            {
              "name": "using",
              "shortdesc": "The XML element whose content you want to place.",
              "datatype": {
                "type": "XMLElement"
              }
            }
          ]
        },
        {
          "name": "autoTag",
          "shortdesc": "Tag the object or the parent story using default tags defined in XML preference."
        },
        {
          "name": "markup",
          "shortdesc": "Associates the page item with the specified XML element while preserving existing content.",
          "parameters": [
            {
              "name": "using",
              "shortdesc": "The XML element.",
              "datatype": {
                "type": "XMLElement"
              }
            }
          ]
        },
        {
          "name": "findObject",
          "shortdesc": "Finds objects that match the find what value.",
          "parameters": [
            {
              "name": "reverseOrder",
              "shortdesc": "If true, returns the results in reverse order. &#40;Optional)",
              "datatype": {
                "type": "Boolean"
              }
            }
          ],
          "datatype": {
            "type": "PageItem",
            "array": true
          }
        },
        {
          "name": "changeObject",
          "shortdesc": "Finds objects that match the find what value and replace the objects with the change to value.",
          "parameters": [
            {
              "name": "reverseOrder",
              "shortdesc": "If true, returns the results in reverse order. &#40;Optional)",
              "datatype": {
                "type": "Boolean"
              }
            }
          ],
          "datatype": {
            "type": "PageItem",
            "array": true
          }
        },
        {
          "name": "override",
          "shortdesc": "Overrides a master page item and places the item on the document page as a new object.",
          "parameters": [
            {
              "name": "destinationPage",
              "shortdesc": "The document page that contains the master page item to override.",
              "datatype": {
                "type": "Page"
              }
            }
          ],
          "datatype": {
            "type": "Mixed"
          }
        },
        {
          "name": "removeOverride",
          "shortdesc": "Removes the override from a previously overridden master page item."
        },
        {
          "name": "detach",
          "shortdesc": "Detaches an overridden master page item from the master page."
        },
        {
          "name": "remove",
          "shortdesc": "Deletes the ComboBox."
        },
        {
          "name": "fit",
          "shortdesc": "Applies the specified fit option to content in a frame.",
          "parameters": [
            {
              "name": "given",
              "shortdesc": "The fit option to use.",
              "datatype": {
                "type": "FitOptions"
              }
            }
          ]
        },
        {
          "name": "flipItem",
          "shortdesc": "Flips the ComboBox.",
          "parameters": [
            {
              "name": "given",
              "shortdesc": "The axis around which to flip the ComboBox.",
              "datatype": {
                "type": "Flip"
              }
            },
            {
              "name": "around",
              "shortdesc": "The point around which to flip the ComboBox. Can accept: Array of 2 Units or AnchorPoint enumerator. &#40;Optional)",
              "datatype": {
                "type": "Mixed"
              }
            }
          ]
        },
        {
          "name": "duplicate",
          "shortdesc": "Duplicates the ComboBox at the specified location or offset.",
          "parameters": [
            {
              "name": "to",
              "shortdesc": "The location of the new ComboBox, specified in coordinates in the format [x, y]. Can accept: Array of 2 Units, Spread, Page or Layer. &#40;Optional)",
              "datatype": {
                "type": "Mixed"
              }
            },
            {
              "name": "by",
              "shortdesc": "Amount by which to offset the new ComboBox from the original ComboBox's position. &#40;Optional)",
              "datatype": {
                "type": "Measurement Unit &amp;&#35;40;Number or String&#41;=any",
                "array": true
              }
            }
          ],
          "datatype": {
            "type": "PageItem"
          }
        },
        {
          "name": "move",
          "shortdesc": "Moves the ComboBox to a new location. Note: Either the 'to' or 'by' parameter is required; if both parameters are defined, only the to value is used.",
          "parameters": [
            {
              "name": "to",
              "shortdesc": "The new location of the ComboBox,in the format &#40;x, y). Can accept: Array of 2 Units, Spread, Page or Layer. (Optional)",
              "datatype": {
                "type": "Mixed"
              }
            },
            {
              "name": "by",
              "shortdesc": "The amount &#40;in measurement units) to move the ComboBox relative to its current position, in the format (x, y). (Optional)",
              "datatype": {
                "type": "Measurement Unit &amp;&#35;40;Number or String&#41;=any",
                "array": true
              }
            }
          ]
        },
        {
          "name": "applyObjectStyle",
          "shortdesc": "Applies the specified object style.",
          "parameters": [
            {
              "name": "using",
              "shortdesc": "The object style to apply.",
              "datatype": {
                "type": "ObjectStyle"
              }
            },
            {
              "name": "clearingOverrides",
              "optional": true,
              "shortdesc": "If true, clears the ComboBox's existing attributes before applying the style. &#40;Optional)",
              "datatype": {
                "type": "Boolean",
                "value": true
              }
            },
            {
              "name": "clearingOverridesThroughRootObjectStyle",
              "optional": true,
              "shortdesc": "If true, clears attributes and formatting applied to the ComboBox that are not defined in the object style. &#40;Optional)",
              "datatype": {
                "type": "Boolean",
                "value": false
              }
            }
          ]
        },
        {
          "name": "clearObjectStyleOverrides",
          "shortdesc": "Clear overrides for object style"
        },
        {
          "name": "clearTransformations",
          "shortdesc": "Clears transformations from the ComboBox. Transformations include rotation, scaling, flipping, fitting, and shearing."
        },
        {
          "name": "transform",
          "shortdesc": "Transform the page item.",
          "parameters": [
            {
              "name": "in",
              "shortdesc": "The coordinate space to use",
              "datatype": {
                "type": "CoordinateSpaces"
              }
            },
            {
              "name": "from",
              "shortdesc": "The temporary origin during the transformation. Can accept: Array of 2 Reals, AnchorPoint enumerator or Array of Arrays of 2 Reals, CoordinateSpaces enumerators, AnchorPoint enumerators, BoundingBoxLimits enumerators or Long Integers.",
              "datatype": {
                "type": "Mixed"
              }
            },
            {
              "name": "withMatrix",
              "shortdesc": "Transform matrix. Can accept: Array of 6 Reals or TransformationMatrix.",
              "datatype": {
                "type": "Mixed"
              }
            },
            {
              "name": "replacingCurrent",
              "shortdesc": "Transform components to consider; providing this optional parameter causes the target's existing transform components to be replaced with new values.  Without this parameter, the given matrix is concatenated onto the target's existing transform combining the effect of the two. Can accept: MatrixContent enumerator, Array of MatrixContent enumerators or Long Integer. &#40;Optional)",
              "datatype": {
                "type": "Mixed"
              }
            },
            {
              "name": "consideringRulerUnits",
              "optional": true,
              "shortdesc": "If true then a ruler based origin is interpreted using ruler units rather than points. The default value is false. This parameter has no effect unless the reference point is specified relative to a page. &#40;Optional)",
              "datatype": {
                "type": "Boolean",
                "value": false
              }
            }
          ]
        },
        {
          "name": "transformValuesOf",
          "shortdesc": "Get the transformation values of the page item.",
          "parameters": [
            {
              "name": "in",
              "shortdesc": "The coordinate space to use",
              "datatype": {
                "type": "CoordinateSpaces"
              }
            }
          ],
          "datatype": {
            "type": "TransformationMatrix",
            "array": true
          }
        },
        {
          "name": "resolve",
          "shortdesc": "Get the coordinates of the given location in the specified coordinate system.",
          "parameters": [
            {
              "name": "location",
              "shortdesc": "The location requested. Can accept: Array of 2 Reals, AnchorPoint enumerator or Array of Arrays of 2 Reals, CoordinateSpaces enumerators, AnchorPoint enumerators, BoundingBoxLimits enumerators or Long Integers.",
              "datatype": {
                "type": "Mixed"
              }
            },
            {
              "name": "in",
              "shortdesc": "The coordinate space to use.",
              "datatype": {
                "type": "CoordinateSpaces"
              }
            },
            {
              "name": "consideringRulerUnits",
              "optional": true,
              "shortdesc": "If true then a ruler location is interpreted using ruler units rather than points. The default value is false. This parameter has no effect unless the reference point is specified relative to a page. &#40;Optional)",
              "datatype": {
                "type": "Boolean",
                "value": false
              }
            }
          ],
          "datatype": {
            "type": "Mixed"
          }
        },
        {
          "name": "redefineScaling",
          "shortdesc": "Apply an item's scaling to its content if possible.",
          "parameters": [
            {
              "name": "to",
              "shortdesc": "The scale factors to be left on the item.  The default is {1.0, 1.0}. &#40;Optional)",
              "datatype": {
                "type": "Number",
                "array": true
              }
            }
          ]
        },
        {
          "name": "resize",
          "shortdesc": "Resize the page item.",
          "parameters": [
            {
              "name": "in",
              "shortdesc": "The bounding box to resize. Can accept: CoordinateSpaces enumerator, BoundingBoxLimits enumerator or Ordered array containing coordinateSpace:CoordinateSpaces enumerator, boundsKind:BoundingBoxLimits enumerator.",
              "datatype": {
                "type": "Mixed"
              }
            },
            {
              "name": "from",
              "shortdesc": "The transform origin. Legal specifications: relative to bounding box: anchor | {anchor | {x,y}, bounds kind [, coordinate space]}; relative to coordinate space: {x,y} | {{x,y}[, coordinate space]}; relative to layout window ruler: {{x,y}, page index | bounds kind}. Can accept: Array of 2 Reals, AnchorPoint enumerator or Array of Arrays of 2 Reals, CoordinateSpaces enumerators, AnchorPoint enumerators, BoundingBoxLimits enumerators or Long Integers.",
              "datatype": {
                "type": "Mixed"
              }
            },
            {
              "name": "by",
              "shortdesc": "How the current dimensions are affected by the given values",
              "datatype": {
                "type": "ResizeMethods"
              }
            },
            {
              "name": "values",
              "shortdesc": "The width and height values. Legal dimensions specifications: {x, y [, coordinate space]}, {x, resize constraint [, coordinate space]}, or {resize constraint, y [, coordinate space]}; where x and y are real numbers and coordinate space is used to determine _only_ the unit of length for x and y; coordinate space is ignored for the 'current dimensions times' resize method&#41;. Can accept: Array of Reals, ResizeConstraints enumerators or CoordinateSpaces enumerators.",
              "datatype": {
                "type": "Mixed",
                "array": true
              }
            },
            {
              "name": "resizeIndividually",
              "optional": true,
              "shortdesc": "If false and multiple page items are targeted, the new dimensions are attained only by moving the individual items rather than resizing them. &#40;Optional)",
              "datatype": {
                "type": "Boolean",
                "value": true
              }
            },
            {
              "name": "consideringRulerUnits",
              "optional": true,
              "shortdesc": "If true then a ruler location is interpreted using ruler units rather than points. The default value is false. This parameter has no effect unless the reference point is specified relative to a page. &#40;Optional)",
              "datatype": {
                "type": "Boolean",
                "value": false
              }
            }
          ]
        },
        {
          "name": "reframe",
          "shortdesc": "Move the bounding box of the page item",
          "parameters": [
            {
              "name": "in",
              "shortdesc": "The bounding box to resize. Can accept: CoordinateSpaces enumerator or Ordered array containing coordinateSpace:CoordinateSpaces enumerator, boundsKind:BoundingBoxLimits enumerator.",
              "datatype": {
                "type": "Mixed"
              }
            },
            {
              "name": "opposingCorners",
              "shortdesc": "Opposing corners of new bounding box in the given coordinate space",
              "datatype": {
                "type": "Mixed",
                "array": true
              }
            }
          ]
        },
        {
          "name": "transformAgain",
          "shortdesc": "Transforms the ComboBox using the last transformation performed on any object. Transformations include moving, rotating, shearing, scaling, and flipping.",
          "datatype": {
            "type": "String",
            "array": true
          }
        },
        {
          "name": "transformSequenceAgain",
          "shortdesc": "Transforms the ComboBox using the last sequence of transform operations performed on any single object or performed at the same time on any group of objects. Transformations include moving, rotating, shearing, scaling, and flipping.",
          "datatype": {
            "type": "String",
            "array": true
          }
        },
        {
          "name": "transformAgainIndividually",
          "shortdesc": "Transforms the ComboBox using the last transformation performed on any ComboBox. Transformations include moving, rotating, shearing, scaling, and flipping.",
          "datatype": {
            "type": "String",
            "array": true
          }
        },
        {
          "name": "transformSequenceAgainIndividually",
          "shortdesc": "Transforms the ComboBox using the last sequence of transformations performed on any single object or performed at the same time on any group of objects. Transformations include moving, rotating, shearing, scaling, and flipping.",
          "datatype": {
            "type": "String",
            "array": true
          }
        },
        {
          "name": "createPlainTextQRCode",
          "shortdesc": "Create Plain Text QR Code on the page item",
          "parameters": [
            {
              "name": "plainText",
              "shortdesc": "QR code Plain Text  &#40;Optional)",
              "datatype": {
                "type": "String"
              }
            },
            {
              "name": "qrCodeSwatch",
              "shortdesc": "Swatch to be applied on generated QR Code Graphic . Can accept: Swatch or String. &#40;Optional)",
              "datatype": {
                "type": "Mixed"
              }
            },
            {
              "name": "withProperties",
              "shortdesc": "Initial values for properties of the new ComboBox. Above parameters can also be passed as properties &#40;Optional)",
              "datatype": {
                "type": "String",
                "array": true
              }
            }
          ]
        },
        {
          "name": "createHyperlinkQRCode",
          "shortdesc": "Create Hyperlink QR Code on the page item or document",
          "parameters": [
            {
              "name": "urlLink",
              "shortdesc": "QR code Hyperlink URL  &#40;Optional)",
              "datatype": {
                "type": "String"
              }
            },
            {
              "name": "qrCodeSwatch",
              "shortdesc": "Swatch to be applied on generated QR Code Graphic . Can accept: Swatch or String. &#40;Optional)",
              "datatype": {
                "type": "Mixed"
              }
            },
            {
              "name": "withProperties",
              "shortdesc": "Initial values for properties of the new ComboBox. Above parameters can also be passed as properties &#40;Optional)",
              "datatype": {
                "type": "String",
                "array": true
              }
            }
          ]
        },
        {
          "name": "createTextMsgQRCode",
          "shortdesc": "Create Text Msg QR Code on the page item or document",
          "parameters": [
            {
              "name": "cellNumber",
              "shortdesc": "QR code Text Phone Number &#40;Optional)",
              "datatype": {
                "type": "String"
              }
            },
            {
              "name": "textMessage",
              "shortdesc": "QR code Text Message &#40;Optional)",
              "datatype": {
                "type": "String"
              }
            },
            {
              "name": "qrCodeSwatch",
              "shortdesc": "Swatch to be applied on generated QR Code Graphic . Can accept: Swatch or String. &#40;Optional)",
              "datatype": {
                "type": "Mixed"
              }
            },
            {
              "name": "withProperties",
              "shortdesc": "Initial values for properties of the new ComboBox. Above parameters can also be passed as properties &#40;Optional)",
              "datatype": {
                "type": "String",
                "array": true
              }
            }
          ]
        },
        {
          "name": "createEmailQRCode",
          "shortdesc": "Create Email QR Code on the page item or document",
          "parameters": [
            {
              "name": "emailAddress",
              "shortdesc": "QR code Email Address &#40;Optional)",
              "datatype": {
                "type": "String"
              }
            },
            {
              "name": "subject",
              "shortdesc": "QR code Email Subject &#40;Optional)",
              "datatype": {
                "type": "String"
              }
            },
            {
              "name": "body",
              "shortdesc": "QR code Email Body Message &#40;Optional)",
              "datatype": {
                "type": "String"
              }
            },
            {
              "name": "qrCodeSwatch",
              "shortdesc": "Swatch to be applied on generated QR Code Graphic . Can accept: Swatch or String. &#40;Optional)",
              "datatype": {
                "type": "Mixed"
              }
            },
            {
              "name": "withProperties",
              "shortdesc": "Initial values for properties of the new ComboBox. Above parameters can also be passed as properties &#40;Optional)",
              "datatype": {
                "type": "String",
                "array": true
              }
            }
          ]
        },
        {
          "name": "createVCardQRCode",
          "shortdesc": "Create Business Card QR Code on the page item or load on document's placegun",
          "parameters": [
            {
              "name": "firstName",
              "shortdesc": "QR code Business Card First Name &#40;Optional)",
              "datatype": {
                "type": "String"
              }
            },
            {
              "name": "lastName",
              "shortdesc": "QR code Business Card Last Name &#40;Optional)",
              "datatype": {
                "type": "String"
              }
            },
            {
              "name": "jobTitle",
              "shortdesc": "QR code Business Card Title &#40;Optional)",
              "datatype": {
                "type": "String"
              }
            },
            {
              "name": "cellPhone",
              "shortdesc": "QR code Business Card Cell Phone Number &#40;Optional)",
              "datatype": {
                "type": "String"
              }
            },
            {
              "name": "phone",
              "shortdesc": "QR code Business Card Phone Number &#40;Optional)",
              "datatype": {
                "type": "String"
              }
            },
            {
              "name": "email",
              "shortdesc": "QR code Business Card Email Address &#40;Optional)",
              "datatype": {
                "type": "String"
              }
            },
            {
              "name": "organisation",
              "shortdesc": "QR code Business Card Organisation &#40;Optional)",
              "datatype": {
                "type": "String"
              }
            },
            {
              "name": "streetAddress",
              "shortdesc": "QR code Business Card Street Address &#40;Optional)",
              "datatype": {
                "type": "String"
              }
            },
            {
              "name": "city",
              "shortdesc": "QR code Business Card City &#40;Optional)",
              "datatype": {
                "type": "String"
              }
            },
            {
              "name": "country",
              "shortdesc": "QR code Business Card Country &#40;Optional)",
              "datatype": {
                "type": "String"
              }
            },
            {
              "name": "postalCode",
              "shortdesc": "QR code Business Card Postal Code &#40;Optional)",
              "datatype": {
                "type": "String"
              }
            },
            {
              "name": "website",
              "shortdesc": "QR code Business Card URL &#40;Optional)",
              "datatype": {
                "type": "String"
              }
            },
            {
              "name": "qrCodeSwatch",
              "shortdesc": "Swatch to be applied on generated QR Code Graphic . Can accept: Swatch or String. &#40;Optional)",
              "datatype": {
                "type": "Mixed"
              }
            },
            {
              "name": "withProperties",
              "shortdesc": "Initial values for properties of the new ComboBox. Above parameters can also be passed as properties &#40;Optional)",
              "datatype": {
                "type": "String",
                "array": true
              }
            }
          ]
        },
        {
          "name": "exportFile",
          "shortdesc": "Exports the object&#40;s) to a file.",
          "parameters": [
            {
              "name": "format",
              "shortdesc": "The export format, specified as an enumeration value or as an extension that appears in the Save as type or Format menu in the Export dialog. Can accept: ExportFormat enumerator or String.",
              "datatype": {
                "type": "Mixed"
              }
            },
            {
              "name": "to",
              "shortdesc": "The path to the export file.",
              "datatype": {
                "type": "File"
              }
            },
            {
              "name": "showingOptions",
              "optional": true,
              "shortdesc": "If true, displays the export options dialog. &#40;Optional)",
              "datatype": {
                "type": "Boolean",
                "value": false
              }
            },
            {
              "name": "using",
              "shortdesc": "The export style. &#40;Optional)",
              "datatype": {
                "type": "PDFExportPreset"
              }
            },
            {
              "name": "versionComments",
              "shortdesc": "The comment for this version. &#40;Optional)",
              "datatype": {
                "type": "String"
              }
            },
            {
              "name": "forceSave",
              "optional": true,
              "shortdesc": "If true, forcibly saves a version. &#40;Optional)",
              "datatype": {
                "type": "Boolean",
                "value": false
              }
            }
          ]
        },
        {
          "name": "asynchronousExportFile",
          "shortdesc": "asynchronously exports the object&#40;s) to a file.",
          "parameters": [
            {
              "name": "format",
              "shortdesc": "The export format, specified as an enumeration value or as an extension that appears in the Save as type or Format menu in the Export dialog. Can accept: ExportFormat enumerator or String.",
              "datatype": {
                "type": "Mixed"
              }
            },
            {
              "name": "to",
              "shortdesc": "The path to the export file.",
              "datatype": {
                "type": "File"
              }
            },
            {
              "name": "showingOptions",
              "optional": true,
              "shortdesc": "If true, displays the export options dialog. &#40;Optional)",
              "datatype": {
                "type": "Boolean",
                "value": false
              }
            },
            {
              "name": "using",
              "shortdesc": "The export style. &#40;Optional)",
              "datatype": {
                "type": "PDFExportPreset"
              }
            },
            {
              "name": "versionComments",
              "shortdesc": "The comment for this version. &#40;Optional)",
              "datatype": {
                "type": "String"
              }
            },
            {
              "name": "forceSave",
              "optional": true,
              "shortdesc": "If true, forcibly saves a version. &#40;Optional)",
              "datatype": {
                "type": "Boolean",
                "value": false
              }
            }
          ],
          "datatype": {
            "type": "BackgroundTask"
          }
        },
        {
          "name": "contentPlace",
          "shortdesc": "Duplicate an object and place it into the target page item.",
          "parameters": [
            {
              "name": "pageItems",
              "shortdesc": "One or more page items to place or load",
              "datatype": {
                "type": "PageItem",
                "array": true
              }
            },
            {
              "name": "linkPageItems",
              "optional": true,
              "shortdesc": "Whether to link pageItems in content placer &#40;if true it will override link stories value) (Optional)",
              "datatype": {
                "type": "Boolean",
                "value": false
              }
            },
            {
              "name": "linkStories",
              "optional": true,
              "shortdesc": "Whether to link stories in content placer &#40;only applicable for single story, pageItem links will also be created in case of more than one item) (Optional)",
              "datatype": {
                "type": "Boolean",
                "value": false
              }
            },
            {
              "name": "mapStyles",
              "optional": true,
              "shortdesc": "Whether to map styles in content placer &#40;Optional)",
              "datatype": {
                "type": "Boolean",
                "value": false
              }
            },
            {
              "name": "showingOptions",
              "optional": true,
              "shortdesc": "Whether to display the link options dialog &#40;Optional)",
              "datatype": {
                "type": "Boolean",
                "value": false
              }
            }
          ],
          "datatype": {
            "type": "Mixed",
            "array": true
          }
        },
        {
          "name": "select",
          "shortdesc": "Selects the object.",
          "parameters": [
            {
              "name": "existingSelection",
              "optional": true,
              "shortdesc": "The selection status of the ComboBox in relation to previously selected objects. &#40;Optional)",
              "datatype": {
                "type": "SelectionOptions",
                "value": "SelectionOptions.REPLACE_WITH"
              }
            }
          ]
        },
        {
          "name": "store",
          "shortdesc": "Stores the object in the specified library.",
          "parameters": [
            {
              "name": "using",
              "shortdesc": "The library in which to store the object.",
              "datatype": {
                "type": "Library"
              }
            },
            {
              "name": "withProperties",
              "shortdesc": "Initial values for properties of the new ComboBox &#40;Optional)",
              "datatype": {
                "type": "Object"
              }
            }
          ],
          "datatype": {
            "type": "Asset"
          }
        },
        {
          "name": "insertLabel",
          "shortdesc": "Sets the label to the value associated with the specified key.",
          "parameters": [
            {
              "name": "key",
              "shortdesc": "The key.",
              "datatype": {
                "type": "String"
              }
            },
            {
              "name": "value",
              "shortdesc": "The value.",
              "datatype": {
                "type": "String"
              }
            }
          ]
        },
        {
          "name": "extractLabel",
          "shortdesc": "Gets the label value associated with the specified key.",
          "parameters": [
            {
              "name": "key",
              "shortdesc": "The key.",
              "datatype": {
                "type": "String"
              }
            }
          ],
          "datatype": {
            "type": "String"
          }
        },
        {
          "name": "toSource",
          "shortdesc": "Generates a string which, if executed, will return the ComboBox.",
          "datatype": {
            "type": "String"
          }
        },
        {
          "name": "getElements",
          "shortdesc": "Resolves the object specifier, creating an array of object references.",
          "datatype": {
            "type": "ComboBox",
            "array": true
          }
        },
        {
          "name": "toSpecifier",
          "shortdesc": "Retrieves the object specifier.",
          "datatype": {
            "type": "String"
          }
        },
        {
          "name": "addEventListener",
          "shortdesc": "Adds an event listener.",
          "parameters": [
            {
              "name": "eventType",
              "shortdesc": "The event type.",
              "datatype": {
                "type": "String"
              }
            },
            {
              "name": "handler",
              "shortdesc": "The event handler. Can accept: File or JavaScript Function.",
              "datatype": {
                "type": "Mixed"
              }
            },
            {
              "name": "captures",
              "optional": true,
              "shortdesc": "This parameter is obsolete. &#40;Optional)",
              "datatype": {
                "type": "Boolean",
                "value": false
              }
            }
          ],
          "datatype": {
            "type": "EventListener"
          }
        },
        {
          "name": "removeEventListener",
          "shortdesc": "Removes the event listener.",
          "parameters": [
            {
              "name": "eventType",
              "shortdesc": "The registered event type.",
              "datatype": {
                "type": "String"
              }
            },
            {
              "name": "handler",
              "shortdesc": "The registered event handler. Can accept: File or JavaScript Function.",
              "datatype": {
                "type": "Mixed"
              }
            },
            {
              "name": "captures",
              "optional": true,
              "shortdesc": "This parameter is obsolete. &#40;Optional)",
              "datatype": {
                "type": "Boolean",
                "value": false
              }
            }
          ],
          "datatype": {
            "type": "Boolean"
          }
        }
      ]
    }
  ]
}