{
  "name": "CompositeFontEntry",
  "dynamic": true,
  "shortdesc": "A composite font entry.",
  "elements": [
    {
      "type": "instance",
      "property": [
        {
          "name": "locked",
          "rwaccess": "readonly",
          "shortdesc": "If true, the CompositeFontEntry is locked.",
          "datatype": {
            "type": "bool"
          }
        },
        {
          "name": "id",
          "rwaccess": "readonly",
          "shortdesc": "The unique ID of the CompositeFontEntry.",
          "datatype": {
            "type": "number"
          }
        },
        {
          "name": "isValid",
          "rwaccess": "readonly",
          "shortdesc": "Returns true if the object specifier resolves to valid objects.",
          "datatype": {
            "type": "bool"
          }
        },
        {
          "name": "parent",
          "rwaccess": "readonly",
          "shortdesc": "The parent of the CompositeFontEntry &amp;&#35;40;a CompositeFont&#41;.",
          "datatype": {
            "type": "CompositeFont"
          }
        },
        {
          "name": "index",
          "rwaccess": "readonly",
          "shortdesc": "The index of the CompositeFontEntry within its containing object.",
          "datatype": {
            "type": "number"
          }
        },
        {
          "name": "events",
          "rwaccess": "readonly",
          "shortdesc": "A collection of events.",
          "datatype": {
            "type": "Events"
          }
        },
        {
          "name": "eventListeners",
          "rwaccess": "readonly",
          "shortdesc": "A collection of event listeners.",
          "datatype": {
            "type": "EventListeners"
          }
        },
        {
          "name": "name",
          "shortdesc": "The name of the CompositeFontEntry.",
          "datatype": {
            "type": "string"
          }
        },
        {
          "name": "appliedFont",
          "shortdesc": "The font applied to the CompositeFontEntry, specified as either a font object or the name of font family. Can return: Font or String.",
          "datatype": {
            "type": "mixed"
          }
        },
        {
          "name": "fontStyle",
          "shortdesc": "The name of the font style.",
          "datatype": {
            "type": "string"
          }
        },
        {
          "name": "relativeSize",
          "shortdesc": "The size of the entry relative to the base entry. Note: The base entry cannot be modified.",
          "datatype": {
            "type": "number"
          }
        },
        {
          "name": "horizontalScale",
          "shortdesc": "The horizontal scaling applied to the CompositeFontEntry.",
          "datatype": {
            "type": "number"
          }
        },
        {
          "name": "verticalScale",
          "shortdesc": "The vertical scaling applied to the CompositeFontEntry.",
          "datatype": {
            "type": "number"
          }
        },
        {
          "name": "customCharacters",
          "shortdesc": "The characters that the set affects.",
          "datatype": {
            "type": "string"
          }
        },
        {
          "name": "scaleOption",
          "shortdesc": "If true, scales characters from the center.",
          "datatype": {
            "type": "bool"
          }
        },
        {
          "name": "baselineShift",
          "shortdesc": "The amount of baseline shift.",
          "datatype": {
            "type": "number"
          }
        },
        {
          "name": "label",
          "shortdesc": "A property that can be set to any string.",
          "datatype": {
            "type": "string"
          }
        },
        {
          "name": "properties",
          "shortdesc": "A property that allows setting of several properties at the same time.",
          "datatype": {
            "type": "Object"
          }
        }
      ],
      "method": [
        {
          "name": "remove",
          "shortdesc": "Deletes the CompositeFontEntry."
        },
        {
          "name": "insertLabel",
          "shortdesc": "Sets the label to the value associated with the specified key.",
          "parameters": {
            "parameter": [
              {
                "name": "key",
                "shortdesc": "The key.",
                "datatype": {
                  "type": "string"
                }
              },
              {
                "name": "value",
                "shortdesc": "The value.",
                "datatype": {
                  "type": "string"
                }
              }
            ]
          }
        },
        {
          "name": "extractLabel",
          "shortdesc": "Gets the label value associated with the specified key.",
          "parameters": {
            "parameter": [
              {
                "name": "key",
                "shortdesc": "The key.",
                "datatype": {
                  "type": "string"
                }
              }
            ]
          },
          "datatype": {
            "type": "string"
          }
        },
        {
          "name": "toSource",
          "shortdesc": "Generates a string which, if executed, will return the CompositeFontEntry.",
          "datatype": {
            "type": "string"
          }
        },
        {
          "name": "getElements",
          "shortdesc": "Resolves the object specifier, creating an array of object references.",
          "datatype": {
            "type": "CompositeFontEntry",
            "array": {}
          }
        },
        {
          "name": "toSpecifier",
          "shortdesc": "Retrieves the object specifier.",
          "datatype": {
            "type": "string"
          }
        },
        {
          "name": "addEventListener",
          "shortdesc": "Adds an event listener.",
          "parameters": {
            "parameter": [
              {
                "name": "eventType",
                "shortdesc": "The event type.",
                "datatype": {
                  "type": "string"
                }
              },
              {
                "name": "handler",
                "shortdesc": "The event handler. Can accept: File or JavaScript Function.",
                "datatype": {
                  "type": "mixed"
                }
              },
              {
                "name": "captures",
                "optional": true,
                "shortdesc": "This parameter is obsolete. &amp;&#35;40;Optional&#41;",
                "datatype": {
                  "type": "bool",
                  "value": false
                }
              }
            ]
          },
          "datatype": {
            "type": "EventListener"
          }
        },
        {
          "name": "removeEventListener",
          "shortdesc": "Removes the event listener.",
          "parameters": {
            "parameter": [
              {
                "name": "eventType",
                "shortdesc": "The registered event type.",
                "datatype": {
                  "type": "string"
                }
              },
              {
                "name": "handler",
                "shortdesc": "The registered event handler. Can accept: File or JavaScript Function.",
                "datatype": {
                  "type": "mixed"
                }
              },
              {
                "name": "captures",
                "optional": true,
                "shortdesc": "This parameter is obsolete. &amp;&#35;40;Optional&#41;",
                "datatype": {
                  "type": "bool",
                  "value": false
                }
              }
            ]
          },
          "datatype": {
            "type": "bool"
          }
        }
      ]
    }
  ]
}