{
  "name": "CompositeFonts",
  "dynamic": true,
  "shortdesc": "A collection of composite fonts.",
  "elements": [
    {
      "type": "instance",
      "method": [
        {
          "name": "add",
          "shortdesc": "Creates a new CompositeFont.",
          "parameters": {
            "parameter": [
              {
                "name": "withProperties",
                "shortdesc": "Initial values for properties of the new CompositeFont &amp;&#35;40;Optional&#41;",
                "datatype": {
                  "type": "Object"
                }
              }
            ]
          },
          "datatype": {
            "type": "CompositeFont"
          }
        },
        {
          "name": "count",
          "shortdesc": "Displays the number of elements in the CompositeFont.",
          "datatype": {
            "type": "number"
          }
        },
        {
          "name": "item",
          "shortdesc": "Returns the CompositeFont with the specified index or name.",
          "parameters": {
            "parameter": [
              {
                "name": "index",
                "shortdesc": "The index or name. Can accept: Long Integer or String.",
                "datatype": {
                  "type": "mixed"
                }
              }
            ]
          },
          "datatype": {
            "type": "CompositeFont"
          }
        },
        {
          "name": "itemByName",
          "shortdesc": "Returns the CompositeFont with the specified name.",
          "parameters": {
            "parameter": [
              {
                "name": "name",
                "shortdesc": "The name.",
                "datatype": {
                  "type": "string"
                }
              }
            ]
          },
          "datatype": {
            "type": "CompositeFont"
          }
        },
        {
          "name": "itemByID",
          "shortdesc": "Returns the CompositeFont with the specified ID.",
          "parameters": {
            "parameter": [
              {
                "name": "id",
                "shortdesc": "The ID.",
                "datatype": {
                  "type": "number"
                }
              }
            ]
          },
          "datatype": {
            "type": "CompositeFont"
          }
        },
        {
          "name": "itemByRange",
          "shortdesc": "Returns the CompositeFonts within the specified range.",
          "parameters": {
            "parameter": [
              {
                "name": "from",
                "shortdesc": "The CompositeFont, index, or name at the beginning of the range. Can accept: CompositeFont, Long Integer or String.",
                "datatype": {
                  "type": "mixed"
                }
              },
              {
                "name": "to",
                "shortdesc": "The CompositeFont, index, or name at the end of the range. Can accept: CompositeFont, Long Integer or String.",
                "datatype": {
                  "type": "mixed"
                }
              }
            ]
          },
          "datatype": {
            "type": "CompositeFont",
            "array": {}
          }
        },
        {
          "name": "firstItem",
          "shortdesc": "Returns the first CompositeFont in the collection.",
          "datatype": {
            "type": "CompositeFont"
          }
        },
        {
          "name": "lastItem",
          "shortdesc": "Returns the last CompositeFont in the collection.",
          "datatype": {
            "type": "CompositeFont"
          }
        },
        {
          "name": "middleItem",
          "shortdesc": "Returns the middle CompositeFont in the collection.",
          "datatype": {
            "type": "CompositeFont"
          }
        },
        {
          "name": "previousItem",
          "shortdesc": "Returns the CompositeFont with the index previous to the specified index.",
          "parameters": {
            "parameter": [
              {
                "name": "obj",
                "shortdesc": "The index of the CompositeFont that follows the desired CompositeFont.",
                "datatype": {
                  "type": "CompositeFont"
                }
              }
            ]
          },
          "datatype": {
            "type": "CompositeFont"
          }
        },
        {
          "name": "nextItem",
          "shortdesc": "Returns the CompositeFont whose index follows the specified CompositeFont in the collection.",
          "parameters": {
            "parameter": [
              {
                "name": "obj",
                "shortdesc": "The CompositeFont whose index comes before the desired CompositeFont.",
                "datatype": {
                  "type": "CompositeFont"
                }
              }
            ]
          },
          "datatype": {
            "type": "CompositeFont"
          }
        },
        {
          "name": "anyItem",
          "shortdesc": "Returns any CompositeFont in the collection.",
          "datatype": {
            "type": "CompositeFont"
          }
        },
        {
          "name": "everyItem",
          "shortdesc": "Returns every CompositeFont in the collection.",
          "datatype": {
            "type": "CompositeFont",
            "array": {}
          }
        },
        {
          "name": "toSource",
          "shortdesc": "Generates a string which, if executed, will return the CompositeFont.",
          "datatype": {
            "type": "string"
          }
        },
        {
          "name": "[]",
          "shortdesc": "Returns the CompositeFont with the specified index.",
          "parameters": {
            "parameter": [
              {
                "name": "index",
                "shortdesc": "The index.",
                "datatype": {
                  "type": "number"
                }
              }
            ]
          },
          "datatype": {
            "type": "CompositeFont"
          }
        }
      ],
      "property": [
        {
          "name": "length",
          "rwaccess": "readonly",
          "shortdesc": "The number of objects in the collection.",
          "datatype": {
            "type": "number"
          }
        }
      ]
    }
  ]
}