{
  "name": "ComposeUsing",
  "enumeration": true,
  "shortdesc": "Hyphenation exceptions list options for composing text.",
  "elements": [
    {
      "type": "class",
      "property": [
        {
          "name": "USE_USER_DICTIONARY",
          "rwaccess": "readonly",
          "shortdesc": "Uses the list stored in the external user dictionary.",
          "datatype": {
            "type": "number",
            "value": 1433629284
          }
        },
        {
          "name": "USE_DOCUMENT",
          "rwaccess": "readonly",
          "shortdesc": "Uses the list stored in the document.",
          "datatype": {
            "type": "number",
            "value": 1967419235
          }
        },
        {
          "name": "BOTH",
          "rwaccess": "readonly",
          "shortdesc": "Uses the lists stored in both the document and the user dictionary.",
          "datatype": {
            "type": "number",
            "value": 1651471464
          }
        }
      ]
    }
  ]
}