{
  "name": "ConditionUnderlineIndicatorAppearance",
  "enumeration": true,
  "shortdesc": "Options for the condition underline indicator appearance.",
  "elements": [
    {
      "type": "class",
      "property": [
        {
          "name": "WAVY",
          "rwaccess": "readonly",
          "shortdesc": "Wavy underline.",
          "datatype": {
            "type": "number",
            "value": 1937208953
          }
        },
        {
          "name": "SOLID",
          "rwaccess": "readonly",
          "shortdesc": "Solid underline.",
          "datatype": {
            "type": "number",
            "value": 1936682084
          }
        },
        {
          "name": "DASHED",
          "rwaccess": "readonly",
          "shortdesc": "Dashed underline.",
          "datatype": {
            "type": "number",
            "value": 1684108136
          }
        }
      ]
    }
  ]
}