{
  "name": "ConditionSets",
  "dynamic": true,
  "shortdesc": "A collection of condition sets for conditional text.",
  "elements": [
    {
      "type": "instance",
      "method": [
        {
          "name": "add",
          "shortdesc": "Creates a new ConditionSet.",
          "parameters": [
            {
              "name": "withProperties",
              "shortdesc": "Initial values for properties of the new ConditionSet &#40;Optional)",
              "datatype": {
                "type": "Object"
              }
            }
          ],
          "datatype": {
            "type": "ConditionSet"
          }
        },
        {
          "name": "count",
          "shortdesc": "Displays the number of elements in the ConditionSet.",
          "datatype": {
            "type": "Number"
          }
        },
        {
          "name": "item",
          "shortdesc": "Returns the ConditionSet with the specified index or name.",
          "parameters": [
            {
              "name": "index",
              "shortdesc": "The index or name. Can accept: Long Integer or String.",
              "datatype": {
                "type": "Mixed"
              }
            }
          ],
          "datatype": {
            "type": "ConditionSet"
          }
        },
        {
          "name": "itemByName",
          "shortdesc": "Returns the ConditionSet with the specified name.",
          "parameters": [
            {
              "name": "name",
              "shortdesc": "The name.",
              "datatype": {
                "type": "String"
              }
            }
          ],
          "datatype": {
            "type": "ConditionSet"
          }
        },
        {
          "name": "itemByID",
          "shortdesc": "Returns the ConditionSet with the specified ID.",
          "parameters": [
            {
              "name": "id",
              "shortdesc": "The ID.",
              "datatype": {
                "type": "Number"
              }
            }
          ],
          "datatype": {
            "type": "ConditionSet"
          }
        },
        {
          "name": "itemByRange",
          "shortdesc": "Returns the ConditionSets within the specified range.",
          "parameters": [
            {
              "name": "from",
              "shortdesc": "The ConditionSet, index, or name at the beginning of the range. Can accept: ConditionSet, Long Integer or String.",
              "datatype": {
                "type": "Mixed"
              }
            },
            {
              "name": "to",
              "shortdesc": "The ConditionSet, index, or name at the end of the range. Can accept: ConditionSet, Long Integer or String.",
              "datatype": {
                "type": "Mixed"
              }
            }
          ],
          "datatype": {
            "type": "ConditionSet",
            "array": true
          }
        },
        {
          "name": "firstItem",
          "shortdesc": "Returns the first ConditionSet in the collection.",
          "datatype": {
            "type": "ConditionSet"
          }
        },
        {
          "name": "lastItem",
          "shortdesc": "Returns the last ConditionSet in the collection.",
          "datatype": {
            "type": "ConditionSet"
          }
        },
        {
          "name": "middleItem",
          "shortdesc": "Returns the middle ConditionSet in the collection.",
          "datatype": {
            "type": "ConditionSet"
          }
        },
        {
          "name": "previousItem",
          "shortdesc": "Returns the ConditionSet with the index previous to the specified index.",
          "parameters": [
            {
              "name": "obj",
              "shortdesc": "The index of the ConditionSet that follows the desired ConditionSet.",
              "datatype": {
                "type": "ConditionSet"
              }
            }
          ],
          "datatype": {
            "type": "ConditionSet"
          }
        },
        {
          "name": "nextItem",
          "shortdesc": "Returns the ConditionSet whose index follows the specified ConditionSet in the collection.",
          "parameters": [
            {
              "name": "obj",
              "shortdesc": "The ConditionSet whose index comes before the desired ConditionSet.",
              "datatype": {
                "type": "ConditionSet"
              }
            }
          ],
          "datatype": {
            "type": "ConditionSet"
          }
        },
        {
          "name": "anyItem",
          "shortdesc": "Returns any ConditionSet in the collection.",
          "datatype": {
            "type": "ConditionSet"
          }
        },
        {
          "name": "everyItem",
          "shortdesc": "Returns every ConditionSet in the collection.",
          "datatype": {
            "type": "ConditionSet",
            "array": true
          }
        },
        {
          "name": "toSource",
          "shortdesc": "Generates a string which, if executed, will return the ConditionSet.",
          "datatype": {
            "type": "String"
          }
        },
        {
          "name": "[]",
          "shortdesc": "Returns the ConditionSet with the specified index.",
          "parameters": [
            {
              "name": "index",
              "shortdesc": "The index.",
              "datatype": {
                "type": "Number"
              }
            }
          ],
          "datatype": {
            "type": "ConditionSet"
          }
        }
      ],
      "property": [
        {
          "name": "length",
          "rwaccess": "readonly",
          "shortdesc": "The number of objects in the collection.",
          "datatype": {
            "type": "Number"
          }
        }
      ]
    }
  ]
}