{
  "name": "ConditionIndicatorMethod",
  "enumeration": true,
  "shortdesc": "Options for the condition indicator method.",
  "elements": [
    {
      "type": "class",
      "property": [
        {
          "name": "USE_UNDERLINE",
          "rwaccess": "readonly",
          "shortdesc": "Underlines conditional text.",
          "datatype": {
            "type": "Number",
            "value": 1700097644
          }
        },
        {
          "name": "USE_HIGHLIGHT",
          "rwaccess": "readonly",
          "shortdesc": "Highlights conditional text.",
          "datatype": {
            "type": "Number",
            "value": 1699244391
          }
        }
      ]
    }
  ]
}