{
  "name": "ConflictResolutionChoiceEnum",
  "enumeration": true,
  "shortdesc": "Conflict Resolution Choice.",
  "elements": [
    {
      "type": "class",
      "property": [
        {
          "name": "SERVER_WINS",
          "rwaccess": "readonly",
          "shortdesc": "Syncs the cloud version.",
          "datatype": {
            "type": "Number",
            "value": 1396929399
          }
        },
        {
          "name": "LOCAL_WINS",
          "rwaccess": "readonly",
          "shortdesc": "Syncs the local machine version.",
          "datatype": {
            "type": "Number",
            "value": 1396927607
          }
        },
        {
          "name": "ASK_ME",
          "rwaccess": "readonly",
          "shortdesc": "Asks the user always to resolve conflicts.",
          "datatype": {
            "type": "Number",
            "value": 1396924781
          }
        }
      ]
    }
  ]
}