{
  "name": "ContentPlacerObject",
  "dynamic": true,
  "superclass": {
    "href": "#/Preference",
    "$t": "Preference"
  },
  "shortdesc": "Represents the content placer object.",
  "elements": [
    {
      "type": "instance",
      "property": [
        {
          "name": "loaded",
          "rwaccess": "readonly",
          "shortdesc": "Whether the Content Placer is currently loaded with content for placing.",
          "datatype": {
            "type": "Boolean"
          }
        },
        {
          "name": "isValid",
          "rwaccess": "readonly",
          "shortdesc": "Returns true if the object specifier resolves to valid objects.",
          "datatype": {
            "type": "Boolean"
          }
        },
        {
          "name": "parent",
          "rwaccess": "readonly",
          "shortdesc": "The parent of the ContentPlacerObject &#40;a Application).",
          "datatype": {
            "type": "Application"
          }
        },
        {
          "name": "events",
          "rwaccess": "readonly",
          "shortdesc": "A collection of events.",
          "datatype": {
            "type": "Events"
          }
        },
        {
          "name": "eventListeners",
          "rwaccess": "readonly",
          "shortdesc": "A collection of event listeners.",
          "datatype": {
            "type": "EventListeners"
          }
        },
        {
          "name": "properties",
          "shortdesc": "A property that allows setting of several properties at the same time.",
          "datatype": {
            "type": "Object"
          }
        }
      ],
      "method": [
        {
          "name": "load",
          "shortdesc": "Load the Content Placer with one or more objects.",
          "parameters": [
            {
              "name": "pageItems",
              "shortdesc": "One or more page items to place or load",
              "datatype": {
                "type": "PageItem",
                "array": true
              }
            },
            {
              "name": "linkPageItems",
              "optional": true,
              "shortdesc": "Whether to link pageItems in content placer &#40;if true it will override link stories value) (Optional)",
              "datatype": {
                "type": "Boolean",
                "value": false
              }
            },
            {
              "name": "linkStories",
              "optional": true,
              "shortdesc": "Whether to link stories in content placer &#40;only applicable for single story, pageItem links will also be created in case of more than one item) (Optional)",
              "datatype": {
                "type": "Boolean",
                "value": false
              }
            },
            {
              "name": "mapStyles",
              "optional": true,
              "shortdesc": "Whether to map styles in content placer &#40;Optional)",
              "datatype": {
                "type": "Boolean",
                "value": false
              }
            },
            {
              "name": "showingOptions",
              "optional": true,
              "shortdesc": "Whether to display the link options dialog &#40;Optional)",
              "datatype": {
                "type": "Boolean",
                "value": false
              }
            }
          ]
        },
        {
          "name": "toSource",
          "shortdesc": "Generates a string which, if executed, will return the ContentPlacerObject.",
          "datatype": {
            "type": "String"
          }
        },
        {
          "name": "getElements",
          "shortdesc": "Resolves the object specifier, creating an array of object references.",
          "datatype": {
            "type": "ContentPlacerObject",
            "array": true
          }
        },
        {
          "name": "toSpecifier",
          "shortdesc": "Retrieves the object specifier.",
          "datatype": {
            "type": "String"
          }
        },
        {
          "name": "addEventListener",
          "shortdesc": "Adds an event listener.",
          "parameters": [
            {
              "name": "eventType",
              "shortdesc": "The event type.",
              "datatype": {
                "type": "String"
              }
            },
            {
              "name": "handler",
              "shortdesc": "The event handler. Can accept: File or JavaScript Function.",
              "datatype": {
                "type": "Mixed"
              }
            },
            {
              "name": "captures",
              "optional": true,
              "shortdesc": "This parameter is obsolete. &#40;Optional)",
              "datatype": {
                "type": "Boolean",
                "value": false
              }
            }
          ],
          "datatype": {
            "type": "EventListener"
          }
        },
        {
          "name": "removeEventListener",
          "shortdesc": "Removes the event listener.",
          "parameters": [
            {
              "name": "eventType",
              "shortdesc": "The registered event type.",
              "datatype": {
                "type": "String"
              }
            },
            {
              "name": "handler",
              "shortdesc": "The registered event handler. Can accept: File or JavaScript Function.",
              "datatype": {
                "type": "Mixed"
              }
            },
            {
              "name": "captures",
              "optional": true,
              "shortdesc": "This parameter is obsolete. &#40;Optional)",
              "datatype": {
                "type": "Boolean",
                "value": false
              }
            }
          ],
          "datatype": {
            "type": "Boolean"
          }
        }
      ]
    }
  ]
}