{
  "name": "ContentPlacerObject",
  "dynamic": true,
  "superclass": {
    "href": "#/Preference",
    "$t": "Preference"
  },
  "shortdesc": "Represents the content placer object.",
  "elements": [
    {
      "type": "instance",
      "property": [
        {
          "name": "loaded",
          "rwaccess": "readonly",
          "shortdesc": "Whether the Content Placer is currently loaded with content for placing.",
          "datatype": {
            "type": "bool"
          }
        },
        {
          "name": "isValid",
          "rwaccess": "readonly",
          "shortdesc": "Returns true if the object specifier resolves to valid objects.",
          "datatype": {
            "type": "bool"
          }
        },
        {
          "name": "parent",
          "rwaccess": "readonly",
          "shortdesc": "The parent of the ContentPlacerObject &amp;&#35;40;a Application&#41;.",
          "datatype": {
            "type": "Application"
          }
        },
        {
          "name": "events",
          "rwaccess": "readonly",
          "shortdesc": "A collection of events.",
          "datatype": {
            "type": "Events"
          }
        },
        {
          "name": "eventListeners",
          "rwaccess": "readonly",
          "shortdesc": "A collection of event listeners.",
          "datatype": {
            "type": "EventListeners"
          }
        },
        {
          "name": "properties",
          "shortdesc": "A property that allows setting of several properties at the same time.",
          "datatype": {
            "type": "Object"
          }
        }
      ],
      "method": [
        {
          "name": "load",
          "shortdesc": "Load the Content Placer with one or more objects.",
          "parameters": {
            "parameter": [
              {
                "name": "pageItems",
                "shortdesc": "One or more page items to place or load",
                "datatype": {
                  "type": "PageItem",
                  "array": {}
                }
              },
              {
                "name": "linkPageItems",
                "optional": true,
                "shortdesc": "Whether to link pageItems in content placer &amp;&#35;40;if true it will override link stories value&#41; (Optional)",
                "datatype": {
                  "type": "bool",
                  "value": false
                }
              },
              {
                "name": "linkStories",
                "optional": true,
                "shortdesc": "Whether to link stories in content placer &amp;&#35;40;only applicable for single story, pageItem links will also be created in case of more than one item&#41; (Optional)",
                "datatype": {
                  "type": "bool",
                  "value": false
                }
              },
              {
                "name": "mapStyles",
                "optional": true,
                "shortdesc": "Whether to map styles in content placer &amp;&#35;40;Optional&#41;",
                "datatype": {
                  "type": "bool",
                  "value": false
                }
              },
              {
                "name": "showingOptions",
                "optional": true,
                "shortdesc": "Whether to display the link options dialog &amp;&#35;40;Optional&#41;",
                "datatype": {
                  "type": "bool",
                  "value": false
                }
              }
            ]
          }
        },
        {
          "name": "toSource",
          "shortdesc": "Generates a string which, if executed, will return the ContentPlacerObject.",
          "datatype": {
            "type": "string"
          }
        },
        {
          "name": "getElements",
          "shortdesc": "Resolves the object specifier, creating an array of object references.",
          "datatype": {
            "type": "ContentPlacerObject",
            "array": {}
          }
        },
        {
          "name": "toSpecifier",
          "shortdesc": "Retrieves the object specifier.",
          "datatype": {
            "type": "string"
          }
        },
        {
          "name": "addEventListener",
          "shortdesc": "Adds an event listener.",
          "parameters": {
            "parameter": [
              {
                "name": "eventType",
                "shortdesc": "The event type.",
                "datatype": {
                  "type": "string"
                }
              },
              {
                "name": "handler",
                "shortdesc": "The event handler. Can accept: File or JavaScript Function.",
                "datatype": {
                  "type": "mixed"
                }
              },
              {
                "name": "captures",
                "optional": true,
                "shortdesc": "This parameter is obsolete. &amp;&#35;40;Optional&#41;",
                "datatype": {
                  "type": "bool",
                  "value": false
                }
              }
            ]
          },
          "datatype": {
            "type": "EventListener"
          }
        },
        {
          "name": "removeEventListener",
          "shortdesc": "Removes the event listener.",
          "parameters": {
            "parameter": [
              {
                "name": "eventType",
                "shortdesc": "The registered event type.",
                "datatype": {
                  "type": "string"
                }
              },
              {
                "name": "handler",
                "shortdesc": "The registered event handler. Can accept: File or JavaScript Function.",
                "datatype": {
                  "type": "mixed"
                }
              },
              {
                "name": "captures",
                "optional": true,
                "shortdesc": "This parameter is obsolete. &amp;&#35;40;Optional&#41;",
                "datatype": {
                  "type": "bool",
                  "value": false
                }
              }
            ]
          },
          "datatype": {
            "type": "bool"
          }
        }
      ]
    }
  ]
}