{
  "name": "ConvertShapeOptions",
  "enumeration": true,
  "shortdesc": "Options for indicating the type of shape to which to covert an object.",
  "elements": [
    {
      "type": "class",
      "property": [
        {
          "name": "CONVERT_TO_RECTANGLE",
          "rwaccess": "readonly",
          "shortdesc": "Converts the object to a rectangle.",
          "datatype": {
            "type": "number",
            "value": 1129534021
          }
        },
        {
          "name": "CONVERT_TO_ROUNDED_RECTANGLE",
          "rwaccess": "readonly",
          "shortdesc": "Converts the object to a rectangle with rounded corners.",
          "datatype": {
            "type": "number",
            "value": 1129534034
          }
        },
        {
          "name": "CONVERT_TO_BEVELED_RECTANGLE",
          "rwaccess": "readonly",
          "shortdesc": "Converts the object to a rectangle with beveled corners.",
          "datatype": {
            "type": "number",
            "value": 1129529938
          }
        },
        {
          "name": "CONVERT_TO_INVERSE_ROUNDED_RECTANGLE",
          "rwaccess": "readonly",
          "shortdesc": "Converts the object to a rectangle with inverse rounded corners.",
          "datatype": {
            "type": "number",
            "value": 1129531730
          }
        },
        {
          "name": "CONVERT_TO_OVAL",
          "rwaccess": "readonly",
          "shortdesc": "Converts the object to an ellipse.",
          "datatype": {
            "type": "number",
            "value": 1129533270
          }
        },
        {
          "name": "CONVERT_TO_TRIANGLE",
          "rwaccess": "readonly",
          "shortdesc": "Converts the object to a triangle.",
          "datatype": {
            "type": "number",
            "value": 1129534546
          }
        },
        {
          "name": "CONVERT_TO_POLYGON",
          "rwaccess": "readonly",
          "shortdesc": "Converts the object to a polygon.",
          "datatype": {
            "type": "number",
            "value": 1129533519
          }
        },
        {
          "name": "CONVERT_TO_LINE",
          "rwaccess": "readonly",
          "shortdesc": "Converts the object to a line that connects the upper left and lower right corners of the object&apos;s bounding box.",
          "datatype": {
            "type": "number",
            "value": 1129532489
          }
        },
        {
          "name": "CONVERT_TO_STRAIGHT_LINE",
          "rwaccess": "readonly",
          "shortdesc": "Converts the object to straight line. If the object is a square, circle, or its bounding box is wider than it is tall, the line is horizontal and connects the center points on the vertical sides of the bounding box. If the object&apos;s bounding box is taller than it is wide, the line connects the center points of the horizontal sides of the bounding box.",
          "datatype": {
            "type": "number",
            "value": 1129534284
          }
        },
        {
          "name": "CONVERT_TO_OPEN_PATH",
          "rwaccess": "readonly",
          "shortdesc": "Converts the object to an open path.",
          "datatype": {
            "type": "number",
            "value": 1129533296
          }
        },
        {
          "name": "CONVERT_TO_CLOSED_PATH",
          "rwaccess": "readonly",
          "shortdesc": "Converts the object to a closed path.",
          "datatype": {
            "type": "number",
            "value": 1129530224
          }
        }
      ]
    }
  ]
}