{
  "name": "CoordinateSpaces",
  "enumeration": true,
  "shortdesc": "Coordinate space options.",
  "elements": [
    {
      "type": "class",
      "property": [
        {
          "name": "PASTEBOARD_COORDINATES",
          "rwaccess": "readonly",
          "shortdesc": "Pasteboard coordinates",
          "datatype": {
            "type": "number",
            "value": 2021224546
          }
        },
        {
          "name": "PARENT_COORDINATES",
          "rwaccess": "readonly",
          "shortdesc": "Parent coordinates",
          "datatype": {
            "type": "number",
            "value": 2021224545
          }
        },
        {
          "name": "INNER_COORDINATES",
          "rwaccess": "readonly",
          "shortdesc": "Inner coordinates",
          "datatype": {
            "type": "number",
            "value": 2021222766
          }
        },
        {
          "name": "PAGE_COORDINATES",
          "rwaccess": "readonly",
          "shortdesc": "Page coordinates.",
          "datatype": {
            "type": "number",
            "value": 2021224551
          }
        },
        {
          "name": "SPREAD_COORDINATES",
          "rwaccess": "readonly",
          "shortdesc": "Spread coordinates.",
          "datatype": {
            "type": "number",
            "value": 2021225328
          }
        }
      ]
    }
  ]
}