{
  "name": "CornerOptions",
  "enumeration": true,
  "shortdesc": "Corner options.",
  "elements": [
    {
      "type": "class",
      "property": [
        {
          "name": "NONE",
          "rwaccess": "readonly",
          "shortdesc": "No corner option.",
          "datatype": {
            "type": "number",
            "value": 1852796517
          }
        },
        {
          "name": "ROUNDED_CORNER",
          "rwaccess": "readonly",
          "shortdesc": "Rounded corner option.",
          "datatype": {
            "type": "number",
            "value": 1667592804
          }
        },
        {
          "name": "INVERSE_ROUNDED_CORNER",
          "rwaccess": "readonly",
          "shortdesc": "Inverted rounded corner option.",
          "datatype": {
            "type": "number",
            "value": 1667591798
          }
        },
        {
          "name": "INSET_CORNER",
          "rwaccess": "readonly",
          "shortdesc": "Inset corner option.",
          "datatype": {
            "type": "number",
            "value": 1667591795
          }
        },
        {
          "name": "BEVEL_CORNER",
          "rwaccess": "readonly",
          "shortdesc": "Beveled corner option.",
          "datatype": {
            "type": "number",
            "value": 1667588726
          }
        },
        {
          "name": "FANCY_CORNER",
          "rwaccess": "readonly",
          "shortdesc": "Fancy corner option.",
          "datatype": {
            "type": "number",
            "value": 1667589742
          }
        }
      ]
    }
  ]
}