{
  "name": "CrossReferenceFormats",
  "dynamic": true,
  "shortdesc": "A collection of cross reference formats.",
  "elements": [
    {
      "type": "instance",
      "method": [
        {
          "name": "add",
          "shortdesc": "Creates a new cross reference format.",
          "parameters": [
            {
              "name": "name",
              "shortdesc": "The format name. &#40;Optional)",
              "datatype": {
                "type": "String"
              }
            },
            {
              "name": "withProperties",
              "shortdesc": "Initial values for properties of the new CrossReferenceFormat &#40;Optional)",
              "datatype": {
                "type": "Object"
              }
            }
          ],
          "datatype": {
            "type": "CrossReferenceFormat"
          }
        },
        {
          "name": "count",
          "shortdesc": "Displays the number of elements in the CrossReferenceFormat.",
          "datatype": {
            "type": "Number"
          }
        },
        {
          "name": "item",
          "shortdesc": "Returns the CrossReferenceFormat with the specified index or name.",
          "parameters": [
            {
              "name": "index",
              "shortdesc": "The index or name. Can accept: Long Integer or String.",
              "datatype": {
                "type": "Mixed"
              }
            }
          ],
          "datatype": {
            "type": "CrossReferenceFormat"
          }
        },
        {
          "name": "itemByName",
          "shortdesc": "Returns the CrossReferenceFormat with the specified name.",
          "parameters": [
            {
              "name": "name",
              "shortdesc": "The name.",
              "datatype": {
                "type": "String"
              }
            }
          ],
          "datatype": {
            "type": "CrossReferenceFormat"
          }
        },
        {
          "name": "itemByID",
          "shortdesc": "Returns the CrossReferenceFormat with the specified ID.",
          "parameters": [
            {
              "name": "id",
              "shortdesc": "The ID.",
              "datatype": {
                "type": "Number"
              }
            }
          ],
          "datatype": {
            "type": "CrossReferenceFormat"
          }
        },
        {
          "name": "itemByRange",
          "shortdesc": "Returns the CrossReferenceFormats within the specified range.",
          "parameters": [
            {
              "name": "from",
              "shortdesc": "The CrossReferenceFormat, index, or name at the beginning of the range. Can accept: CrossReferenceFormat, Long Integer or String.",
              "datatype": {
                "type": "Mixed"
              }
            },
            {
              "name": "to",
              "shortdesc": "The CrossReferenceFormat, index, or name at the end of the range. Can accept: CrossReferenceFormat, Long Integer or String.",
              "datatype": {
                "type": "Mixed"
              }
            }
          ],
          "datatype": {
            "type": "CrossReferenceFormat",
            "array": true
          }
        },
        {
          "name": "firstItem",
          "shortdesc": "Returns the first CrossReferenceFormat in the collection.",
          "datatype": {
            "type": "CrossReferenceFormat"
          }
        },
        {
          "name": "lastItem",
          "shortdesc": "Returns the last CrossReferenceFormat in the collection.",
          "datatype": {
            "type": "CrossReferenceFormat"
          }
        },
        {
          "name": "middleItem",
          "shortdesc": "Returns the middle CrossReferenceFormat in the collection.",
          "datatype": {
            "type": "CrossReferenceFormat"
          }
        },
        {
          "name": "previousItem",
          "shortdesc": "Returns the CrossReferenceFormat with the index previous to the specified index.",
          "parameters": [
            {
              "name": "obj",
              "shortdesc": "The index of the CrossReferenceFormat that follows the desired CrossReferenceFormat.",
              "datatype": {
                "type": "CrossReferenceFormat"
              }
            }
          ],
          "datatype": {
            "type": "CrossReferenceFormat"
          }
        },
        {
          "name": "nextItem",
          "shortdesc": "Returns the CrossReferenceFormat whose index follows the specified CrossReferenceFormat in the collection.",
          "parameters": [
            {
              "name": "obj",
              "shortdesc": "The CrossReferenceFormat whose index comes before the desired CrossReferenceFormat.",
              "datatype": {
                "type": "CrossReferenceFormat"
              }
            }
          ],
          "datatype": {
            "type": "CrossReferenceFormat"
          }
        },
        {
          "name": "anyItem",
          "shortdesc": "Returns any CrossReferenceFormat in the collection.",
          "datatype": {
            "type": "CrossReferenceFormat"
          }
        },
        {
          "name": "everyItem",
          "shortdesc": "Returns every CrossReferenceFormat in the collection.",
          "datatype": {
            "type": "CrossReferenceFormat",
            "array": true
          }
        },
        {
          "name": "toSource",
          "shortdesc": "Generates a string which, if executed, will return the CrossReferenceFormat.",
          "datatype": {
            "type": "String"
          }
        },
        {
          "name": "[]",
          "shortdesc": "Returns the CrossReferenceFormat with the specified index.",
          "parameters": [
            {
              "name": "index",
              "shortdesc": "The index.",
              "datatype": {
                "type": "Number"
              }
            }
          ],
          "datatype": {
            "type": "CrossReferenceFormat"
          }
        }
      ],
      "property": [
        {
          "name": "length",
          "rwaccess": "readonly",
          "shortdesc": "The number of objects in the collection.",
          "datatype": {
            "type": "Number"
          }
        }
      ]
    }
  ]
}