{
  "name": "DashedStrokeStyles",
  "dynamic": true,
  "shortdesc": "A collection of dashed stroke styles.",
  "elements": [
    {
      "type": "instance",
      "method": [
        {
          "name": "add",
          "shortdesc": "Creates a new DashedStrokeStyle.",
          "parameters": {
            "parameter": [
              {
                "name": "withProperties",
                "shortdesc": "Initial values for properties of the new DashedStrokeStyle &amp;&#35;40;Optional&#41;",
                "datatype": {
                  "type": "Object"
                }
              }
            ]
          },
          "datatype": {
            "type": "DashedStrokeStyle"
          }
        },
        {
          "name": "count",
          "shortdesc": "Displays the number of elements in the DashedStrokeStyle.",
          "datatype": {
            "type": "number"
          }
        },
        {
          "name": "item",
          "shortdesc": "Returns the DashedStrokeStyle with the specified index or name.",
          "parameters": {
            "parameter": [
              {
                "name": "index",
                "shortdesc": "The index or name. Can accept: Long Integer or String.",
                "datatype": {
                  "type": "mixed"
                }
              }
            ]
          },
          "datatype": {
            "type": "DashedStrokeStyle"
          }
        },
        {
          "name": "itemByName",
          "shortdesc": "Returns the DashedStrokeStyle with the specified name.",
          "parameters": {
            "parameter": [
              {
                "name": "name",
                "shortdesc": "The name.",
                "datatype": {
                  "type": "string"
                }
              }
            ]
          },
          "datatype": {
            "type": "DashedStrokeStyle"
          }
        },
        {
          "name": "itemByID",
          "shortdesc": "Returns the DashedStrokeStyle with the specified ID.",
          "parameters": {
            "parameter": [
              {
                "name": "id",
                "shortdesc": "The ID.",
                "datatype": {
                  "type": "number"
                }
              }
            ]
          },
          "datatype": {
            "type": "DashedStrokeStyle"
          }
        },
        {
          "name": "itemByRange",
          "shortdesc": "Returns the DashedStrokeStyles within the specified range.",
          "parameters": {
            "parameter": [
              {
                "name": "from",
                "shortdesc": "The DashedStrokeStyle, index, or name at the beginning of the range. Can accept: DashedStrokeStyle, Long Integer or String.",
                "datatype": {
                  "type": "mixed"
                }
              },
              {
                "name": "to",
                "shortdesc": "The DashedStrokeStyle, index, or name at the end of the range. Can accept: DashedStrokeStyle, Long Integer or String.",
                "datatype": {
                  "type": "mixed"
                }
              }
            ]
          },
          "datatype": {
            "type": "DashedStrokeStyle",
            "array": {}
          }
        },
        {
          "name": "firstItem",
          "shortdesc": "Returns the first DashedStrokeStyle in the collection.",
          "datatype": {
            "type": "DashedStrokeStyle"
          }
        },
        {
          "name": "lastItem",
          "shortdesc": "Returns the last DashedStrokeStyle in the collection.",
          "datatype": {
            "type": "DashedStrokeStyle"
          }
        },
        {
          "name": "middleItem",
          "shortdesc": "Returns the middle DashedStrokeStyle in the collection.",
          "datatype": {
            "type": "DashedStrokeStyle"
          }
        },
        {
          "name": "previousItem",
          "shortdesc": "Returns the DashedStrokeStyle with the index previous to the specified index.",
          "parameters": {
            "parameter": [
              {
                "name": "obj",
                "shortdesc": "The index of the DashedStrokeStyle that follows the desired DashedStrokeStyle.",
                "datatype": {
                  "type": "DashedStrokeStyle"
                }
              }
            ]
          },
          "datatype": {
            "type": "DashedStrokeStyle"
          }
        },
        {
          "name": "nextItem",
          "shortdesc": "Returns the DashedStrokeStyle whose index follows the specified DashedStrokeStyle in the collection.",
          "parameters": {
            "parameter": [
              {
                "name": "obj",
                "shortdesc": "The DashedStrokeStyle whose index comes before the desired DashedStrokeStyle.",
                "datatype": {
                  "type": "DashedStrokeStyle"
                }
              }
            ]
          },
          "datatype": {
            "type": "DashedStrokeStyle"
          }
        },
        {
          "name": "anyItem",
          "shortdesc": "Returns any DashedStrokeStyle in the collection.",
          "datatype": {
            "type": "DashedStrokeStyle"
          }
        },
        {
          "name": "everyItem",
          "shortdesc": "Returns every DashedStrokeStyle in the collection.",
          "datatype": {
            "type": "DashedStrokeStyle",
            "array": {}
          }
        },
        {
          "name": "toSource",
          "shortdesc": "Generates a string which, if executed, will return the DashedStrokeStyle.",
          "datatype": {
            "type": "string"
          }
        },
        {
          "name": "[]",
          "shortdesc": "Returns the DashedStrokeStyle with the specified index.",
          "parameters": {
            "parameter": [
              {
                "name": "index",
                "shortdesc": "The index.",
                "datatype": {
                  "type": "number"
                }
              }
            ]
          },
          "datatype": {
            "type": "DashedStrokeStyle"
          }
        }
      ],
      "property": [
        {
          "name": "length",
          "rwaccess": "readonly",
          "shortdesc": "The number of objects in the collection.",
          "datatype": {
            "type": "number"
          }
        }
      ]
    }
  ]
}