{
  "name": "DataMerge",
  "dynamic": true,
  "superclass": {
    "href": "#/Preference",
    "$t": "Preference"
  },
  "shortdesc": "A data merge object.",
  "elements": [
    {
      "type": "instance",
      "property": [
        {
          "name": "dataMergePreferences",
          "rwaccess": "readonly",
          "shortdesc": "The data merge preference properties that define the layout and content of the target page.",
          "datatype": {
            "type": "DataMergePreference"
          }
        },
        {
          "name": "isValid",
          "rwaccess": "readonly",
          "shortdesc": "Returns true if the object specifier resolves to valid objects.",
          "datatype": {
            "type": "Boolean"
          }
        },
        {
          "name": "parent",
          "rwaccess": "readonly",
          "shortdesc": "The parent of the DataMerge &#40;a Document).",
          "datatype": {
            "type": "Document"
          }
        },
        {
          "name": "events",
          "rwaccess": "readonly",
          "shortdesc": "A collection of events.",
          "datatype": {
            "type": "Events"
          }
        },
        {
          "name": "eventListeners",
          "rwaccess": "readonly",
          "shortdesc": "A collection of event listeners.",
          "datatype": {
            "type": "EventListeners"
          }
        },
        {
          "name": "preferences",
          "rwaccess": "readonly",
          "shortdesc": "A collection of preferences objects.",
          "datatype": {
            "type": "Preferences"
          }
        },
        {
          "name": "dataMergeFields",
          "rwaccess": "readonly",
          "shortdesc": "A collection of data merge fields.",
          "datatype": {
            "type": "DataMergeFields"
          }
        },
        {
          "name": "properties",
          "shortdesc": "A property that allows setting of several properties at the same time.",
          "datatype": {
            "type": "Object"
          }
        }
      ],
      "method": [
        {
          "name": "selectDataSource",
          "shortdesc": "Specifies the file to use as the data source.",
          "parameters": [
            {
              "name": "dataSourceFile",
              "shortdesc": "The path to the data source file.",
              "datatype": {
                "type": "File"
              }
            }
          ]
        },
        {
          "name": "updateDataSource",
          "shortdesc": "Updates the data source file with the most current data."
        },
        {
          "name": "removeDataSource",
          "shortdesc": "Removes the data source."
        },
        {
          "name": "mergeRecords",
          "shortdesc": "Merges records and produces an optional overset report.",
          "parameters": [
            {
              "name": "outputOversetReportFile",
              "shortdesc": "The path to the file in which to store the overset report. &#40;Optional)",
              "datatype": {
                "type": "File"
              }
            }
          ]
        },
        {
          "name": "exportFile",
          "shortdesc": "Merges records and exports to PDF.",
          "parameters": [
            {
              "name": "to",
              "shortdesc": "The path of exported PDF file.",
              "datatype": {
                "type": "File"
              }
            },
            {
              "name": "using",
              "shortdesc": "The PDF export style to use. &#40;Optional)",
              "datatype": {
                "type": "PDFExportPreset"
              }
            },
            {
              "name": "outputOversetReportFile",
              "shortdesc": "The path to the file in which to store the overset report. &#40;Optional)",
              "datatype": {
                "type": "File"
              }
            }
          ]
        },
        {
          "name": "toSource",
          "shortdesc": "Generates a string which, if executed, will return the DataMerge.",
          "datatype": {
            "type": "String"
          }
        },
        {
          "name": "getElements",
          "shortdesc": "Resolves the object specifier, creating an array of object references.",
          "datatype": {
            "type": "DataMerge",
            "array": true
          }
        },
        {
          "name": "toSpecifier",
          "shortdesc": "Retrieves the object specifier.",
          "datatype": {
            "type": "String"
          }
        },
        {
          "name": "addEventListener",
          "shortdesc": "Adds an event listener.",
          "parameters": [
            {
              "name": "eventType",
              "shortdesc": "The event type.",
              "datatype": {
                "type": "String"
              }
            },
            {
              "name": "handler",
              "shortdesc": "The event handler. Can accept: File or JavaScript Function.",
              "datatype": {
                "type": "Mixed"
              }
            },
            {
              "name": "captures",
              "optional": true,
              "shortdesc": "This parameter is obsolete. &#40;Optional)",
              "datatype": {
                "type": "Boolean",
                "value": false
              }
            }
          ],
          "datatype": {
            "type": "EventListener"
          }
        },
        {
          "name": "removeEventListener",
          "shortdesc": "Removes the event listener.",
          "parameters": [
            {
              "name": "eventType",
              "shortdesc": "The registered event type.",
              "datatype": {
                "type": "String"
              }
            },
            {
              "name": "handler",
              "shortdesc": "The registered event handler. Can accept: File or JavaScript Function.",
              "datatype": {
                "type": "Mixed"
              }
            },
            {
              "name": "captures",
              "optional": true,
              "shortdesc": "This parameter is obsolete. &#40;Optional)",
              "datatype": {
                "type": "Boolean",
                "value": false
              }
            }
          ],
          "datatype": {
            "type": "Boolean"
          }
        }
      ]
    }
  ]
}