{
  "name": "DataMergeTextPlaceholders",
  "dynamic": true,
  "shortdesc": "A collection of data merge text placeholders.",
  "elements": [
    {
      "type": "instance",
      "method": [
        {
          "name": "add",
          "shortdesc": "Creates a data merge text placeholder.",
          "parameters": {
            "parameter": [
              {
                "name": "parentStory",
                "shortdesc": "The story in which to insert the placeholder.",
                "datatype": {
                  "type": "Story"
                }
              },
              {
                "name": "storyOffset",
                "shortdesc": "The position within the story at which to insert the placeholder, specified as an offset number or an insertion point. Can accept: InsertionPoint or Long Integer.",
                "datatype": {
                  "type": "mixed"
                }
              },
              {
                "name": "field",
                "shortdesc": "The field to insert.",
                "datatype": {
                  "type": "DataMergeField"
                }
              },
              {
                "name": "withProperties",
                "shortdesc": "Initial values for properties of the new DataMergeTextPlaceholder &amp;&#35;40;Optional&#41;",
                "datatype": {
                  "type": "Object"
                }
              }
            ]
          },
          "datatype": {
            "type": "DataMergeTextPlaceholder"
          }
        },
        {
          "name": "count",
          "shortdesc": "Displays the number of elements in the DataMergeTextPlaceholder.",
          "datatype": {
            "type": "number"
          }
        },
        {
          "name": "item",
          "shortdesc": "Returns the DataMergeTextPlaceholder with the specified index or name.",
          "parameters": {
            "parameter": [
              {
                "name": "index",
                "shortdesc": "The index or name. Can accept: Long Integer or String.",
                "datatype": {
                  "type": "mixed"
                }
              }
            ]
          },
          "datatype": {
            "type": "DataMergeTextPlaceholder"
          }
        },
        {
          "name": "itemByRange",
          "shortdesc": "Returns the DataMergeTextPlaceholders within the specified range.",
          "parameters": {
            "parameter": [
              {
                "name": "from",
                "shortdesc": "The DataMergeTextPlaceholder, index, or name at the beginning of the range. Can accept: DataMergeTextPlaceholder, Long Integer or String.",
                "datatype": {
                  "type": "mixed"
                }
              },
              {
                "name": "to",
                "shortdesc": "The DataMergeTextPlaceholder, index, or name at the end of the range. Can accept: DataMergeTextPlaceholder, Long Integer or String.",
                "datatype": {
                  "type": "mixed"
                }
              }
            ]
          },
          "datatype": {
            "type": "DataMergeTextPlaceholder",
            "array": {}
          }
        },
        {
          "name": "firstItem",
          "shortdesc": "Returns the first DataMergeTextPlaceholder in the collection.",
          "datatype": {
            "type": "DataMergeTextPlaceholder"
          }
        },
        {
          "name": "lastItem",
          "shortdesc": "Returns the last DataMergeTextPlaceholder in the collection.",
          "datatype": {
            "type": "DataMergeTextPlaceholder"
          }
        },
        {
          "name": "middleItem",
          "shortdesc": "Returns the middle DataMergeTextPlaceholder in the collection.",
          "datatype": {
            "type": "DataMergeTextPlaceholder"
          }
        },
        {
          "name": "previousItem",
          "shortdesc": "Returns the DataMergeTextPlaceholder with the index previous to the specified index.",
          "parameters": {
            "parameter": [
              {
                "name": "obj",
                "shortdesc": "The index of the DataMergeTextPlaceholder that follows the desired DataMergeTextPlaceholder.",
                "datatype": {
                  "type": "DataMergeTextPlaceholder"
                }
              }
            ]
          },
          "datatype": {
            "type": "DataMergeTextPlaceholder"
          }
        },
        {
          "name": "nextItem",
          "shortdesc": "Returns the DataMergeTextPlaceholder whose index follows the specified DataMergeTextPlaceholder in the collection.",
          "parameters": {
            "parameter": [
              {
                "name": "obj",
                "shortdesc": "The DataMergeTextPlaceholder whose index comes before the desired DataMergeTextPlaceholder.",
                "datatype": {
                  "type": "DataMergeTextPlaceholder"
                }
              }
            ]
          },
          "datatype": {
            "type": "DataMergeTextPlaceholder"
          }
        },
        {
          "name": "anyItem",
          "shortdesc": "Returns any DataMergeTextPlaceholder in the collection.",
          "datatype": {
            "type": "DataMergeTextPlaceholder"
          }
        },
        {
          "name": "everyItem",
          "shortdesc": "Returns every DataMergeTextPlaceholder in the collection.",
          "datatype": {
            "type": "DataMergeTextPlaceholder",
            "array": {}
          }
        },
        {
          "name": "toSource",
          "shortdesc": "Generates a string which, if executed, will return the DataMergeTextPlaceholder.",
          "datatype": {
            "type": "string"
          }
        },
        {
          "name": "[]",
          "shortdesc": "Returns the DataMergeTextPlaceholder with the specified index.",
          "parameters": {
            "parameter": [
              {
                "name": "index",
                "shortdesc": "The index.",
                "datatype": {
                  "type": "number"
                }
              }
            ]
          },
          "datatype": {
            "type": "DataMergeTextPlaceholder"
          }
        }
      ],
      "property": [
        {
          "name": "length",
          "rwaccess": "readonly",
          "shortdesc": "The number of objects in the collection.",
          "datatype": {
            "type": "number"
          }
        }
      ]
    }
  ]
}