{
  "name": "DataMergeImagePlaceholders",
  "dynamic": true,
  "shortdesc": "A collection of data merge image placeholders.",
  "elements": [
    {
      "type": "instance",
      "method": [
        {
          "name": "add",
          "shortdesc": "Creates a data merge image placeholder.",
          "parameters": {
            "parameter": [
              {
                "name": "placeholder",
                "shortdesc": "The page item on which to place the placeholder.",
                "datatype": {
                  "type": "PageItem"
                }
              },
              {
                "name": "field",
                "shortdesc": "The data merge field to insert.",
                "datatype": {
                  "type": "DataMergeField"
                }
              },
              {
                "name": "withProperties",
                "shortdesc": "Initial values for properties of the new DataMergeImagePlaceholder &amp;&#35;40;Optional&#41;",
                "datatype": {
                  "type": "Object"
                }
              }
            ]
          },
          "datatype": {
            "type": "DataMergeImagePlaceholder"
          }
        },
        {
          "name": "count",
          "shortdesc": "Displays the number of elements in the DataMergeImagePlaceholder.",
          "datatype": {
            "type": "number"
          }
        },
        {
          "name": "item",
          "shortdesc": "Returns the DataMergeImagePlaceholder with the specified index or name.",
          "parameters": {
            "parameter": [
              {
                "name": "index",
                "shortdesc": "The index or name. Can accept: Long Integer or String.",
                "datatype": {
                  "type": "mixed"
                }
              }
            ]
          },
          "datatype": {
            "type": "DataMergeImagePlaceholder"
          }
        },
        {
          "name": "itemByRange",
          "shortdesc": "Returns the DataMergeImagePlaceholders within the specified range.",
          "parameters": {
            "parameter": [
              {
                "name": "from",
                "shortdesc": "The DataMergeImagePlaceholder, index, or name at the beginning of the range. Can accept: DataMergeImagePlaceholder, Long Integer or String.",
                "datatype": {
                  "type": "mixed"
                }
              },
              {
                "name": "to",
                "shortdesc": "The DataMergeImagePlaceholder, index, or name at the end of the range. Can accept: DataMergeImagePlaceholder, Long Integer or String.",
                "datatype": {
                  "type": "mixed"
                }
              }
            ]
          },
          "datatype": {
            "type": "DataMergeImagePlaceholder",
            "array": {}
          }
        },
        {
          "name": "firstItem",
          "shortdesc": "Returns the first DataMergeImagePlaceholder in the collection.",
          "datatype": {
            "type": "DataMergeImagePlaceholder"
          }
        },
        {
          "name": "lastItem",
          "shortdesc": "Returns the last DataMergeImagePlaceholder in the collection.",
          "datatype": {
            "type": "DataMergeImagePlaceholder"
          }
        },
        {
          "name": "middleItem",
          "shortdesc": "Returns the middle DataMergeImagePlaceholder in the collection.",
          "datatype": {
            "type": "DataMergeImagePlaceholder"
          }
        },
        {
          "name": "previousItem",
          "shortdesc": "Returns the DataMergeImagePlaceholder with the index previous to the specified index.",
          "parameters": {
            "parameter": [
              {
                "name": "obj",
                "shortdesc": "The index of the DataMergeImagePlaceholder that follows the desired DataMergeImagePlaceholder.",
                "datatype": {
                  "type": "DataMergeImagePlaceholder"
                }
              }
            ]
          },
          "datatype": {
            "type": "DataMergeImagePlaceholder"
          }
        },
        {
          "name": "nextItem",
          "shortdesc": "Returns the DataMergeImagePlaceholder whose index follows the specified DataMergeImagePlaceholder in the collection.",
          "parameters": {
            "parameter": [
              {
                "name": "obj",
                "shortdesc": "The DataMergeImagePlaceholder whose index comes before the desired DataMergeImagePlaceholder.",
                "datatype": {
                  "type": "DataMergeImagePlaceholder"
                }
              }
            ]
          },
          "datatype": {
            "type": "DataMergeImagePlaceholder"
          }
        },
        {
          "name": "anyItem",
          "shortdesc": "Returns any DataMergeImagePlaceholder in the collection.",
          "datatype": {
            "type": "DataMergeImagePlaceholder"
          }
        },
        {
          "name": "everyItem",
          "shortdesc": "Returns every DataMergeImagePlaceholder in the collection.",
          "datatype": {
            "type": "DataMergeImagePlaceholder",
            "array": {}
          }
        },
        {
          "name": "toSource",
          "shortdesc": "Generates a string which, if executed, will return the DataMergeImagePlaceholder.",
          "datatype": {
            "type": "string"
          }
        },
        {
          "name": "[]",
          "shortdesc": "Returns the DataMergeImagePlaceholder with the specified index.",
          "parameters": {
            "parameter": [
              {
                "name": "index",
                "shortdesc": "The index.",
                "datatype": {
                  "type": "number"
                }
              }
            ]
          },
          "datatype": {
            "type": "DataMergeImagePlaceholder"
          }
        }
      ],
      "property": [
        {
          "name": "length",
          "rwaccess": "readonly",
          "shortdesc": "The number of objects in the collection.",
          "datatype": {
            "type": "number"
          }
        }
      ]
    }
  ]
}