{
  "name": "Date",
  "dynamic": true,
  "shortdesc": "A date/time object.",
  "elements": [
    {
      "type": "constructor",
      "method": [
        {
          "name": "Date",
          "shortdesc": "Returns a new Date object holding the current date and time.",
          "description": "If parameters are supplied, returns a new Date object holding the supplied date and time.",
          "parameters": [
            {
              "name": "year",
              "shortdesc": "The year expressed in four digits.",
              "datatype": {
                "type": "Number"
              }
            },
            {
              "name": "month",
              "optional": true,
              "shortdesc": "An integer value from 0 &#40;Jan) to 11 (Dec).",
              "datatype": {
                "type": "Number",
                "min": 0,
                "max": 11,
                "value": 0
              }
            },
            {
              "name": "day",
              "optional": true,
              "shortdesc": "An integer value from 1 to 31, If this argument is not supplied, its value is set to 0.",
              "datatype": {
                "type": "Number",
                "min": 1,
                "max": 31,
                "value": 0
              }
            },
            {
              "name": "hours",
              "optional": true,
              "shortdesc": "An integer value from 0 &#40;midnight) to 23 (11 PM). If this argument is not supplied, its value is set to 0.",
              "datatype": {
                "type": "Number",
                "min": 0,
                "max": 23,
                "value": 0
              }
            },
            {
              "name": "min",
              "optional": true,
              "shortdesc": "An integer value from 0 to 59. If this argument is not supplied, its value is set to 0.",
              "datatype": {
                "type": "Number",
                "min": 0,
                "max": 59,
                "value": 0
              }
            },
            {
              "name": "sec",
              "optional": true,
              "shortdesc": "An Integer value from 0 to 59. If this argument is not supplied, its value is set to 0.",
              "datatype": {
                "type": "Number",
                "min": 0,
                "max": 59,
                "value": 0
              }
            },
            {
              "name": "ms",
              "optional": true,
              "shortdesc": "An integer value from 0 to 999. If this argument is not supplied, its value is set to 0.",
              "datatype": {
                "type": "Number",
                "min": 0,
                "max": 999,
                "value": 0
              }
            }
          ],
          "datatype": {
            "type": "Date"
          },
          "example": {
            "br": {}
          }
        }
      ]
    },
    {
      "type": "class",
      "method": [
        {
          "name": "parse",
          "shortdesc": "Parses a string, returning a new Date object. The string should be similar to the string returned bt toString&#40;).",
          "parameters": [
            {
              "name": "text",
              "shortdesc": "The string to parse.",
              "datatype": {
                "type": "String"
              }
            }
          ],
          "datatype": {
            "type": "Date"
          }
        },
        {
          "name": "UTC",
          "shortdesc": "Returns the number of milliseconds between midnight January 1, 1970, UTC, and the specified time.",
          "parameters": [
            {
              "name": "year",
              "shortdesc": "The year expressed in four digits, for example, 2001.",
              "description": "To indicate for a year from 1900 to 1999, you can specify a value from 0 to 99.",
              "datatype": {
                "type": "Number"
              }
            },
            {
              "name": "month",
              "optional": true,
              "shortdesc": "An integer value from 0 &#40;Jan) to 11 (Dec).",
              "datatype": {
                "type": "Number",
                "min": 0,
                "max": 11,
                "value": 0
              }
            },
            {
              "name": "day",
              "optional": true,
              "shortdesc": "An integer value from 1 to 31, If this argument is not supplied, its value is set to 0.",
              "datatype": {
                "type": "Number",
                "min": 1,
                "max": 31,
                "value": 0
              }
            },
            {
              "name": "hours",
              "optional": true,
              "shortdesc": "An integer value from 0 &#40;midnight) to 23 (11 PM). If this argument is not supplied, its value is set to 0.",
              "datatype": {
                "type": "Number",
                "min": 0,
                "max": 23,
                "value": 0
              }
            },
            {
              "name": "min",
              "optional": true,
              "shortdesc": "An integer value from 0 to 59. If this argument is not supplied, its value is set to 0.",
              "datatype": {
                "type": "Number",
                "min": 0,
                "max": 59,
                "value": 0
              }
            },
            {
              "name": "sec",
              "optional": true,
              "shortdesc": "An Integer value from 0 to 59. If this argument is not supplied, its value is set to 0.",
              "datatype": {
                "type": "Number",
                "min": 0,
                "max": 59,
                "value": 0
              }
            },
            {
              "name": "ms",
              "optional": true,
              "shortdesc": "An integer value from 0 to 999. If this argument is not supplied, its value is set to 0.",
              "datatype": {
                "type": "Number",
                "min": 0,
                "max": 999,
                "value": 0
              }
            }
          ],
          "datatype": {
            "type": "Date"
          },
          "example": "Date.UTC&amp;&#35;40;year , month, date, hour, min, sec, ms&#41;"
        }
      ]
    },
    {
      "type": "instance",
      "method": [
        {
          "name": "getDate",
          "shortdesc": "Returns the day of the month of the specified Date object in local time.",
          "datatype": {
            "type": "Number",
            "min": 1,
            "max": 31
          },
          "example": "date.getDate&amp;&#35;40;&#41;"
        },
        {
          "name": "getDay",
          "shortdesc": "Returns the day of the week for the specified Date object in local time.",
          "description": "This is an integer from 0 &#40;Sunday) to 6 (Saturday).  Returns the day of the week for date.",
          "datatype": {
            "type": "Number",
            "min": 0,
            "max": 6
          },
          "example": "date.getDay&amp;&#35;40;&#41;"
        },
        {
          "name": "getYear",
          "shortdesc": "Returns the year of the specified Date object, as a difference from 1900, in local time.",
          "datatype": {
            "type": "Number"
          },
          "example": "date.getYear&amp;&#35;40;&#41;"
        },
        {
          "name": "getFullYear",
          "shortdesc": "Returns the four digit year of the specified Date object in local time.",
          "datatype": {
            "type": "Number"
          },
          "example": "date.getFullYear&amp;&#35;40;&#41;"
        },
        {
          "name": "getHours",
          "shortdesc": "Returns the hour of the specified Date object in local time.",
          "datatype": {
            "type": "Number",
            "min": 0,
            "max": 23
          },
          "example": "date.getHours&amp;&#35;40;&#41;"
        },
        {
          "name": "getMilliseconds",
          "shortdesc": "Returns the milliseconds of the specified Date object in local time.",
          "datatype": {
            "type": "Number",
            "min": 0,
            "max": 999
          },
          "example": "date.getMilliseconds&amp;&#35;40;&#41;"
        },
        {
          "name": "getMinutes",
          "shortdesc": "Returns the minutes of the specified Date object in local time.",
          "datatype": {
            "type": "Number",
            "min": 0,
            "max": 59
          },
          "example": "date.getMinutes&amp;&#35;40;&#41;"
        },
        {
          "name": "getMonth",
          "shortdesc": "Returns the month of the specified Date object in local time.",
          "datatype": {
            "type": "Number",
            "min": 0,
            "max": 11
          },
          "example": "date.getMonth&amp;&#35;40;&#41;"
        },
        {
          "name": "getSeconds",
          "shortdesc": "Returns the seconds of the specified Date object in local time.",
          "datatype": {
            "type": "Number",
            "min": 0,
            "max": 59
          },
          "example": "date.getSeconds&amp;&#35;40;&#41;"
        },
        {
          "name": "getTime",
          "shortdesc": "Returns the number of milliseconds since midnight January 1,1970 UTC for the specified Date object.",
          "datatype": {
            "type": "Number"
          },
          "example": "date.getTime&amp;&#35;40;&#41;"
        },
        {
          "name": "getTimezoneOffset",
          "shortdesc": "Returns the difference in minutes between the computer's local time and UTC.",
          "datatype": {
            "type": "Number"
          },
          "example": "date.getTimezoneOffset&amp;&#35;40;&#41;"
        },
        {
          "name": "getUTCDate",
          "shortdesc": "Returns the day of the month of the specified Date object according to UTC.",
          "datatype": {
            "type": "Number",
            "min": 1,
            "max": 31
          },
          "example": "date.getUTCDate&amp;&#35;40;&#41;"
        },
        {
          "name": "getUTCDay",
          "shortdesc": "Returns the day of the week for the specified Date object according to UTC.",
          "datatype": {
            "type": "Number",
            "min": 0,
            "max": 6
          },
          "example": "date.getUTCDay&amp;&#35;40;&#41;"
        },
        {
          "name": "getUTCFullYear",
          "shortdesc": "Returns the four digit year of the specified Date object according to UTC.",
          "datatype": {
            "type": "Number"
          },
          "example": "date.getUTCFullYear&amp;&#35;40;&#41;"
        },
        {
          "name": "getUTCHours",
          "shortdesc": "Returns the hour of the specified Date object according to UTC.",
          "datatype": {
            "type": "Number",
            "min": 0,
            "max": 23
          },
          "example": "date.getUTCHours&amp;&#35;40;&#41;"
        },
        {
          "name": "getUTCMilliseconds",
          "shortdesc": "Returns the milliseconds of the specified Date object according to UTC.",
          "datatype": {
            "type": "Number",
            "min": 0,
            "max": 999
          },
          "example": "date.getUTCMilliseconds&amp;&#35;40;&#41;"
        },
        {
          "name": "getUTCMinutes",
          "shortdesc": "Returns the minutes of the specified Date object according to UTC.",
          "datatype": {
            "type": "Number",
            "min": 0,
            "max": 59
          },
          "example": "date.getUTCMinutes&amp;&#35;40;&#41;"
        },
        {
          "name": "getUTCMonth",
          "shortdesc": "Returns the month of the specified Date object according to UTC.",
          "datatype": {
            "type": "Number",
            "min": 0,
            "max": 11
          },
          "example": "date.getUTCMonth&amp;&#35;40;&#41;"
        },
        {
          "name": "getUTCSeconds",
          "shortdesc": "Returns the seconds of the specified Date object according to UTC.",
          "datatype": {
            "type": "Number",
            "min": 0,
            "max": 59
          },
          "example": "date.getUTCSeconds&amp;&#35;40;&#41;"
        },
        {
          "name": "setDate",
          "shortdesc": "Sets the day of the month of a specified Date object according to local time.",
          "description": "Returns the number of milliseconds between the new date and midnight, January 1, 1970.",
          "parameters": [
            {
              "name": "date",
              "shortdesc": "An integer from 1 to 31 indicating the day of the month.",
              "datatype": {
                "type": "Number",
                "min": 1,
                "max": 31
              }
            }
          ],
          "datatype": {
            "type": "Number"
          },
          "example": "date.setDate&amp;&#35;40;date&#41;"
        },
        {
          "name": "setFullYear",
          "shortdesc": "Sets the year of a specified Date object according to local time.",
          "description": "This method can also set month and date if those arguments are specified. Returns the number of milliseconds between the new date and midnight, January 1, 1970.",
          "parameters": [
            {
              "name": "year",
              "shortdesc": "A four-digit integer value indicating the year to set.",
              "datatype": {
                "type": "Number"
              }
            }
          ],
          "datatype": {
            "type": "Number"
          },
          "example": "date.setFullYear&amp;&#35;40;year, month, date&#41;"
        },
        {
          "name": "setHours",
          "shortdesc": "Sets the hours of a specified Date object according to local time.",
          "description": "Returns the number of milliseconds between the new date and midnight, January 1, 1970.",
          "parameters": [
            {
              "name": "hour",
              "shortdesc": "An integer value from 0 &#40;midnight) to 23 (11 PM).",
              "datatype": {
                "type": "Number",
                "min": 0,
                "max": 23
              }
            }
          ],
          "datatype": {
            "type": "Number"
          },
          "example": "date.setHours&amp;&#35;40;hour&#41;"
        },
        {
          "name": "setMilliseconds",
          "shortdesc": "Sets the milliseconds of a specified Date object according to local time.",
          "description": "Returns the number of milliseconds between the new date and midnight, January 1, 1970.",
          "parameters": [
            {
              "name": "ms",
              "shortdesc": "An integer value from 0 to 999.",
              "datatype": {
                "type": "Number",
                "min": 0,
                "max": 999
              }
            }
          ],
          "datatype": {
            "type": "Number"
          },
          "example": "date.setMilliseconds&amp;&#35;40;ms&#41;"
        },
        {
          "name": "setMinutes",
          "shortdesc": "Sets the minutes of a specified Date object according to local time.",
          "description": "Returns the number of milliseconds between the new date and midnight, January 1, 1970.",
          "parameters": [
            {
              "name": "minutes",
              "shortdesc": "An integer value from 0 to 59.",
              "datatype": {
                "type": "Number",
                "min": 0,
                "max": 59
              }
            }
          ],
          "datatype": {
            "type": "Number"
          },
          "example": "date.setMinutes&amp;&#35;40;minutes&#41;"
        },
        {
          "name": "setSeconds",
          "shortdesc": "Sets the seconds of a specified Date object according to local time.",
          "description": "Returns the number of milliseconds between the new date and midnight, January 1, 1970.",
          "parameters": [
            {
              "name": "seconds",
              "shortdesc": "An integer value from 0 to 59.",
              "datatype": {
                "type": "Number",
                "min": 0,
                "max": 59
              }
            }
          ],
          "datatype": {
            "type": "Number"
          },
          "example": "date.setSeconds&amp;&#35;40;seconds&#41;"
        },
        {
          "name": "setMonth",
          "shortdesc": "Sets the month of a specified Date object according to local time.",
          "description": "Returns the number of milliseconds between the new date and midnight, January 1, 1970.",
          "parameters": [
            {
              "name": "month",
              "shortdesc": "An integer value from 0 &#40;Jan) to 11 (Dec).",
              "datatype": {
                "type": "Number",
                "min": 0,
                "max": 11
              }
            }
          ],
          "datatype": {
            "type": "Number"
          },
          "example": "date.setMonth&amp;&#35;40;month&#41;"
        },
        {
          "name": "setUTCDate",
          "shortdesc": "Sets the date of a specified Date object according to universal time.",
          "description": "Returns the number of milliseconds between the new date and midnight, January 1, 1970 in UTC time.",
          "parameters": [
            {
              "name": "date",
              "shortdesc": "An integer from 1 to 31 indicating the day of the month.",
              "datatype": {
                "type": "Number",
                "min": 1,
                "max": 31
              }
            }
          ],
          "datatype": {
            "type": "Number"
          },
          "example": "date.setUTCDate&amp;&#35;40;date&#41;"
        },
        {
          "name": "setUTCFullYear",
          "shortdesc": "Sets the year of a specified Date object according to UTC, can also set the month and date.",
          "description": "Returns the number of milliseconds between the date set and midnight, January 1, 1970, in UTC.",
          "parameters": [
            {
              "name": "year",
              "shortdesc": "The year expressed in four digits.",
              "datatype": {
                "type": "Number"
              }
            }
          ],
          "datatype": {
            "type": "Number"
          },
          "example": "date.setUTCFullYear&amp;&#35;40;year, month, date&#41;"
        },
        {
          "name": "setUTCHours",
          "shortdesc": "Sets the hours of a specified Date object according to UTC.",
          "description": "Returns the number of milliseconds between the date set and midnight, January 1, 1970, in UTC.",
          "parameters": [
            {
              "name": "hours",
              "shortdesc": "An integer value from 0 &#40;midnight) to 23 (11 PM) indicating the hour to be set.",
              "datatype": {
                "type": "Number",
                "min": 0,
                "max": 23
              }
            }
          ],
          "datatype": {
            "type": "Number"
          },
          "example": "date.setUTCHours&amp;&#35;40;hours&#41;"
        },
        {
          "name": "setUTCMilliseconds",
          "shortdesc": "Sets the milliseconds of a specified Date object according to UTC.",
          "description": "Returns the number of milliseconds between the date set and midnight, January 1, 1970, in UTC.",
          "parameters": [
            {
              "name": "ms",
              "shortdesc": "An integer value in the range of 0 to 999 indicating the number of milliseconds to set.",
              "datatype": {
                "type": "Number",
                "min": 0,
                "max": 999
              }
            }
          ],
          "datatype": {
            "type": "Number"
          },
          "example": "date.setUTCMilliseconds&amp;&#35;40;ms&#41;"
        },
        {
          "name": "setUTCMinutes",
          "shortdesc": "Sets the minutes of a specified Date object according to UTC.",
          "description": "Returns the number of milliseconds between the date set and midnight, January 1, 1970, in UTC.",
          "parameters": [
            {
              "name": "min",
              "shortdesc": "An integer value in the range 0 to 59 indicating the number of minutes to be set.",
              "datatype": {
                "type": "Number",
                "min": 0,
                "max": 59
              }
            }
          ],
          "datatype": {
            "type": "Number"
          },
          "example": "date.setUTCMinutes&amp;&#35;40;min&#41;"
        },
        {
          "name": "setUTCSeconds",
          "shortdesc": "Sets the seconds of a specified Date object according to UTC.",
          "description": "Returns the number of milliseconds between the date set and midnight, January 1, 1970, in UTC.",
          "parameters": [
            {
              "name": "sec",
              "shortdesc": "An integer value in the range 0 to 59 indicating the number of seconds to set.",
              "datatype": {
                "type": "Number",
                "min": 0,
                "max": 59
              }
            }
          ],
          "datatype": {
            "type": "Number"
          },
          "example": "date.setUTCSeconds&amp;&#35;40;sec&#41;"
        },
        {
          "name": "setUTCMonth",
          "shortdesc": "Sets the month of a specified Date object according to UTC.",
          "description": "Returns the number of milliseconds between the date set and midnight, January 1, 1970, in UTC.",
          "parameters": [
            {
              "name": "month",
              "shortdesc": "An integer value in the range 0 &#40;Jan.) to 11 (Dec.) indicating the month to set.",
              "datatype": {
                "type": "Number",
                "min": 0,
                "max": 11
              }
            }
          ],
          "datatype": {
            "type": "Number"
          },
          "example": "date.setUTCMonth&amp;&#35;40;month&#41;"
        },
        {
          "name": "setTime",
          "shortdesc": "Sets the date of a specified Date object in milliseconds since midnight, January 1, 1970.",
          "description": "Returns the value of ms.",
          "parameters": [
            {
              "name": "ms",
              "shortdesc": "An integer indicating the number of milliseconds between the date set and midnight, January 1, 1970.",
              "datatype": {
                "type": "Number"
              }
            }
          ],
          "datatype": {
            "type": "Number"
          },
          "example": "date.setTime&amp;&#35;40;ms&#41;"
        },
        {
          "name": "setYear",
          "shortdesc": "Sets the year of a specified Date object according to local time, as a difference between the current year and 1900.",
          "description": "Returns the number of milliseconds between the date set and midnight, January 1, 1970.",
          "parameters": [
            {
              "name": "year",
              "shortdesc": "An integer value indicating the year to set.",
              "description": "The method interprets a 1- or 2- digit value to mean the 1900s; for example, 13 is interpreted to mean 1913.",
              "datatype": {
                "type": "Number"
              }
            }
          ],
          "datatype": {
            "type": "Number"
          },
          "example": "date.setYear&amp;&#35;40;year, month, date&#41;"
        },
        {
          "name": "toDateString",
          "description": "Returns the date as a string.",
          "datatype": {
            "type": "String"
          }
        },
        {
          "name": "toTimeString",
          "description": "Returns the time as a string.",
          "datatype": {
            "type": "String"
          }
        },
        {
          "name": "toLocaleString",
          "description": "Returns a string value representing the date and time stored in the Date object in human readable format &#40;localized).",
          "datatype": {
            "type": "String"
          }
        },
        {
          "name": "toLocaleDateString",
          "description": "Returns the date as a localized string.",
          "datatype": {
            "type": "String"
          }
        },
        {
          "name": "toLocaleTimeString",
          "description": "Returns the time as a localized string.",
          "datatype": {
            "type": "String"
          }
        },
        {
          "name": "toGMTString",
          "description": "Returns the date and time adjusted to GMT &#40;UTC) as a string.",
          "datatype": {
            "type": "String"
          }
        },
        {
          "name": "toUTCString",
          "description": "Returns the date and time adjusted to UTC as a string.",
          "datatype": {
            "type": "String"
          }
        },
        {
          "name": "toString",
          "shortdesc": "Returns a string value representing the date and time stored in the Date object in human readable format.",
          "description": "Returns the following string is an example of the format returned by this method: Mon Aug 13, 10:54:21 GMT-0700 2001.",
          "datatype": {
            "type": "String"
          },
          "example": "date.toString&amp;&#35;40;&#41;"
        },
        {
          "name": "valueOf",
          "shortdesc": "The valueOf&#40;) method returns the number of milliseconds that have passed since midnight, Returns an integer.",
          "datatype": {
            "type": "Number"
          }
        },
        {
          "name": "toSource",
          "datatype": {
            "type": "String"
          }
        }
      ]
    }
  ]
}