{
  "name": "DefaultRenderingIntent",
  "enumeration": true,
  "shortdesc": "The default rendering intent.",
  "elements": [
    {
      "type": "class",
      "property": [
        {
          "name": "PERCEPTUAL",
          "rwaccess": "readonly",
          "shortdesc": "Aims to preserve the visual relationship between colors so they are perceived as natural to the human eye, even though the color values themselves may change.",
          "datatype": {
            "type": "number",
            "value": 1380544611
          }
        },
        {
          "name": "SATURATION",
          "rwaccess": "readonly",
          "shortdesc": "Tries to produce vivid colors in an image at the expense of color accuracy.",
          "datatype": {
            "type": "number",
            "value": 1380545377
          }
        },
        {
          "name": "RELATIVE_COLORIMETRIC",
          "rwaccess": "readonly",
          "shortdesc": "Compares the extreme highlight of the source color space to that of the destination color space and shifts all colors accordingly. Out-of-gamut colors are shifted to the closest reproducible color in the destination color space. Note: Preserves more of the original colors in an image than perceptual rendering intent does.",
          "datatype": {
            "type": "number",
            "value": 1380545123
          }
        },
        {
          "name": "ABSOLUTE_COLORIMETRIC",
          "rwaccess": "readonly",
          "shortdesc": "Aims to maintain color accuracy at the expense of color relationshps and is suitable for proofing to simulate the output of a particular device. Note: Leaves colors that fall inside the destination gamut unchanged and clips out-of-gamut colors.",
          "datatype": {
            "type": "number",
            "value": 1380540771
          }
        }
      ]
    }
  ]
}