{
  "name": "DialogRows",
  "dynamic": true,
  "shortdesc": "A collection of dialog rows.",
  "elements": [
    {
      "type": "instance",
      "method": [
        {
          "name": "add",
          "shortdesc": "Creates a new DialogRow.",
          "parameters": [
            {
              "name": "withProperties",
              "shortdesc": "Initial values for properties of the new DialogRow &#40;Optional)",
              "datatype": {
                "type": "Object"
              }
            }
          ],
          "datatype": {
            "type": "DialogRow"
          }
        },
        {
          "name": "count",
          "shortdesc": "Displays the number of elements in the DialogRow.",
          "datatype": {
            "type": "Number"
          }
        },
        {
          "name": "item",
          "shortdesc": "Returns the DialogRow with the specified index or name.",
          "parameters": [
            {
              "name": "index",
              "shortdesc": "The index or name. Can accept: Long Integer or String.",
              "datatype": {
                "type": "Mixed"
              }
            }
          ],
          "datatype": {
            "type": "DialogRow"
          }
        },
        {
          "name": "itemByID",
          "shortdesc": "Returns the DialogRow with the specified ID.",
          "parameters": [
            {
              "name": "id",
              "shortdesc": "The ID.",
              "datatype": {
                "type": "Number"
              }
            }
          ],
          "datatype": {
            "type": "DialogRow"
          }
        },
        {
          "name": "itemByRange",
          "shortdesc": "Returns the DialogRows within the specified range.",
          "parameters": [
            {
              "name": "from",
              "shortdesc": "The DialogRow, index, or name at the beginning of the range. Can accept: DialogRow, Long Integer or String.",
              "datatype": {
                "type": "Mixed"
              }
            },
            {
              "name": "to",
              "shortdesc": "The DialogRow, index, or name at the end of the range. Can accept: DialogRow, Long Integer or String.",
              "datatype": {
                "type": "Mixed"
              }
            }
          ],
          "datatype": {
            "type": "DialogRow",
            "array": true
          }
        },
        {
          "name": "firstItem",
          "shortdesc": "Returns the first DialogRow in the collection.",
          "datatype": {
            "type": "DialogRow"
          }
        },
        {
          "name": "lastItem",
          "shortdesc": "Returns the last DialogRow in the collection.",
          "datatype": {
            "type": "DialogRow"
          }
        },
        {
          "name": "middleItem",
          "shortdesc": "Returns the middle DialogRow in the collection.",
          "datatype": {
            "type": "DialogRow"
          }
        },
        {
          "name": "previousItem",
          "shortdesc": "Returns the DialogRow with the index previous to the specified index.",
          "parameters": [
            {
              "name": "obj",
              "shortdesc": "The index of the DialogRow that follows the desired DialogRow.",
              "datatype": {
                "type": "DialogRow"
              }
            }
          ],
          "datatype": {
            "type": "DialogRow"
          }
        },
        {
          "name": "nextItem",
          "shortdesc": "Returns the DialogRow whose index follows the specified DialogRow in the collection.",
          "parameters": [
            {
              "name": "obj",
              "shortdesc": "The DialogRow whose index comes before the desired DialogRow.",
              "datatype": {
                "type": "DialogRow"
              }
            }
          ],
          "datatype": {
            "type": "DialogRow"
          }
        },
        {
          "name": "anyItem",
          "shortdesc": "Returns any DialogRow in the collection.",
          "datatype": {
            "type": "DialogRow"
          }
        },
        {
          "name": "everyItem",
          "shortdesc": "Returns every DialogRow in the collection.",
          "datatype": {
            "type": "DialogRow",
            "array": true
          }
        },
        {
          "name": "toSource",
          "shortdesc": "Generates a string which, if executed, will return the DialogRow.",
          "datatype": {
            "type": "String"
          }
        },
        {
          "name": "[]",
          "shortdesc": "Returns the DialogRow with the specified index.",
          "parameters": [
            {
              "name": "index",
              "shortdesc": "The index.",
              "datatype": {
                "type": "Number"
              }
            }
          ],
          "datatype": {
            "type": "DialogRow"
          }
        }
      ],
      "property": [
        {
          "name": "length",
          "rwaccess": "readonly",
          "shortdesc": "The number of objects in the collection.",
          "datatype": {
            "type": "Number"
          }
        }
      ]
    }
  ]
}