{
  "name": "Dialogs",
  "dynamic": true,
  "shortdesc": "A collection of dialogs.",
  "elements": [
    {
      "type": "instance",
      "method": [
        {
          "name": "add",
          "shortdesc": "Creates a new Dialog.",
          "parameters": {
            "parameter": [
              {
                "name": "withProperties",
                "shortdesc": "Initial values for properties of the new Dialog &amp;&#35;40;Optional&#41;",
                "datatype": {
                  "type": "Object"
                }
              }
            ]
          },
          "datatype": {
            "type": "Dialog"
          }
        },
        {
          "name": "count",
          "shortdesc": "Displays the number of elements in the Dialog.",
          "datatype": {
            "type": "number"
          }
        },
        {
          "name": "item",
          "shortdesc": "Returns the Dialog with the specified index or name.",
          "parameters": {
            "parameter": [
              {
                "name": "index",
                "shortdesc": "The index or name. Can accept: Long Integer or String.",
                "datatype": {
                  "type": "mixed"
                }
              }
            ]
          },
          "datatype": {
            "type": "Dialog"
          }
        },
        {
          "name": "itemByName",
          "shortdesc": "Returns the Dialog with the specified name.",
          "parameters": {
            "parameter": [
              {
                "name": "name",
                "shortdesc": "The name.",
                "datatype": {
                  "type": "string"
                }
              }
            ]
          },
          "datatype": {
            "type": "Dialog"
          }
        },
        {
          "name": "itemByID",
          "shortdesc": "Returns the Dialog with the specified ID.",
          "parameters": {
            "parameter": [
              {
                "name": "id",
                "shortdesc": "The ID.",
                "datatype": {
                  "type": "number"
                }
              }
            ]
          },
          "datatype": {
            "type": "Dialog"
          }
        },
        {
          "name": "itemByRange",
          "shortdesc": "Returns the Dialogs within the specified range.",
          "parameters": {
            "parameter": [
              {
                "name": "from",
                "shortdesc": "The Dialog, index, or name at the beginning of the range. Can accept: Dialog, Long Integer or String.",
                "datatype": {
                  "type": "mixed"
                }
              },
              {
                "name": "to",
                "shortdesc": "The Dialog, index, or name at the end of the range. Can accept: Dialog, Long Integer or String.",
                "datatype": {
                  "type": "mixed"
                }
              }
            ]
          },
          "datatype": {
            "type": "Dialog",
            "array": {}
          }
        },
        {
          "name": "firstItem",
          "shortdesc": "Returns the first Dialog in the collection.",
          "datatype": {
            "type": "Dialog"
          }
        },
        {
          "name": "lastItem",
          "shortdesc": "Returns the last Dialog in the collection.",
          "datatype": {
            "type": "Dialog"
          }
        },
        {
          "name": "middleItem",
          "shortdesc": "Returns the middle Dialog in the collection.",
          "datatype": {
            "type": "Dialog"
          }
        },
        {
          "name": "previousItem",
          "shortdesc": "Returns the Dialog with the index previous to the specified index.",
          "parameters": {
            "parameter": [
              {
                "name": "obj",
                "shortdesc": "The index of the Dialog that follows the desired Dialog.",
                "datatype": {
                  "type": "Dialog"
                }
              }
            ]
          },
          "datatype": {
            "type": "Dialog"
          }
        },
        {
          "name": "nextItem",
          "shortdesc": "Returns the Dialog whose index follows the specified Dialog in the collection.",
          "parameters": {
            "parameter": [
              {
                "name": "obj",
                "shortdesc": "The Dialog whose index comes before the desired Dialog.",
                "datatype": {
                  "type": "Dialog"
                }
              }
            ]
          },
          "datatype": {
            "type": "Dialog"
          }
        },
        {
          "name": "anyItem",
          "shortdesc": "Returns any Dialog in the collection.",
          "datatype": {
            "type": "Dialog"
          }
        },
        {
          "name": "everyItem",
          "shortdesc": "Returns every Dialog in the collection.",
          "datatype": {
            "type": "Dialog",
            "array": {}
          }
        },
        {
          "name": "toSource",
          "shortdesc": "Generates a string which, if executed, will return the Dialog.",
          "datatype": {
            "type": "string"
          }
        },
        {
          "name": "[]",
          "shortdesc": "Returns the Dialog with the specified index.",
          "parameters": {
            "parameter": [
              {
                "name": "index",
                "shortdesc": "The index.",
                "datatype": {
                  "type": "number"
                }
              }
            ]
          },
          "datatype": {
            "type": "Dialog"
          }
        }
      ],
      "property": [
        {
          "name": "length",
          "rwaccess": "readonly",
          "shortdesc": "The number of objects in the collection.",
          "datatype": {
            "type": "number"
          }
        }
      ]
    }
  ]
}