{
  "name": "DimensionsConstraints",
  "enumeration": true,
  "shortdesc": "Dimension constraints for the object-based layout rule",
  "elements": [
    {
      "type": "class",
      "property": [
        {
          "name": "FIXED_DIMENSION",
          "rwaccess": "readonly",
          "shortdesc": "The dimension remains fixed relative to the parent.",
          "datatype": {
            "type": "number",
            "value": 1145267817
          }
        },
        {
          "name": "FLEXIBLE_DIMENSION",
          "rwaccess": "readonly",
          "shortdesc": "The dimension can vary relative to the parent.",
          "datatype": {
            "type": "number",
            "value": 1145267820
          }
        }
      ]
    }
  ]
}