{
  "name": "Dimension",
  "dynamic": true,
  "shortdesc": "Defines the size of a window or UI element. Contains a 2-element array.",
  "description": {
    "b": "size"
  },
  "elements": [
    {
      "type": "instance",
      "property": [
        {
          "name": "width",
          "shortdesc": "The width in pixels.",
          "datatype": {
            "type": "Number"
          }
        },
        {
          "name": "height",
          "shortdesc": "The height in pixels.",
          "datatype": {
            "type": "Number"
          }
        },
        {
          "name": "length",
          "rwaccess": "readonly",
          "shortdesc": "The array length.",
          "datatype": {
            "type": "Number",
            "value": 2
          }
        }
      ]
    }
  ]
}