{
  "name": "DirectionalFeatherSetting",
  "dynamic": true,
  "superclass": {
    "href": "#/Preference",
    "$t": "Preference"
  },
  "shortdesc": "Directional feather effect settings.",
  "elements": [
    {
      "type": "instance",
      "property": [
        {
          "name": "isValid",
          "rwaccess": "readonly",
          "shortdesc": "Returns true if the object specifier resolves to valid objects.",
          "datatype": {
            "type": "Boolean"
          }
        },
        {
          "name": "parent",
          "rwaccess": "readonly",
          "shortdesc": "The parent of the DirectionalFeatherSetting &#40;a TransparencySetting, StrokeTransparencySetting, FillTransparencySetting or ContentTransparencySetting).",
          "datatype": {
            "type": "Mixed"
          }
        },
        {
          "name": "events",
          "rwaccess": "readonly",
          "shortdesc": "A collection of events.",
          "datatype": {
            "type": "Events"
          }
        },
        {
          "name": "eventListeners",
          "rwaccess": "readonly",
          "shortdesc": "A collection of event listeners.",
          "datatype": {
            "type": "EventListeners"
          }
        },
        {
          "name": "applied",
          "shortdesc": "If true, the directional feather effect is applied.",
          "datatype": {
            "type": "Boolean"
          }
        },
        {
          "name": "leftWidth",
          "shortdesc": "The feather width &#40;in pixels) on the left side of the DirectionalFeatherSetting.",
          "datatype": {
            "type": "Measurement Unit &amp;&#35;40;Number or String&#41;=any",
            "min": 0,
            "max": 1000
          }
        },
        {
          "name": "rightWidth",
          "shortdesc": "The feather width &#40;in pixels) on the right side of the DirectionalFeatherSetting. (Range: .2 to 250)",
          "datatype": {
            "type": "Measurement Unit &amp;&#35;40;Number or String&#41;=any",
            "min": 0,
            "max": 1000
          }
        },
        {
          "name": "topWidth",
          "shortdesc": "The feather width &#40;in pixels) on the top side of the object DirectionalFeatherSetting. (Range: .2 to 250)",
          "datatype": {
            "type": "Measurement Unit &amp;&#35;40;Number or String&#41;=any",
            "min": 0,
            "max": 1000
          }
        },
        {
          "name": "bottomWidth",
          "shortdesc": "The feather width &#40;in pixels) on the bottom side of the object DirectionalFeatherSetting. (Range: .2 to 250)",
          "datatype": {
            "type": "Measurement Unit &amp;&#35;40;Number or String&#41;=any",
            "min": 0,
            "max": 1000
          }
        },
        {
          "name": "chokeAmount",
          "shortdesc": "The amount to choke the directional feather &#40;as a percentage of the feather width). (Range: 0 to 100)",
          "datatype": {
            "type": "Number",
            "min": 0,
            "max": 100
          }
        },
        {
          "name": "angle",
          "shortdesc": "The angle of the feather. &#40;Range: 180 to -180)",
          "datatype": {
            "type": "Number",
            "min": -180,
            "max": 180
          }
        },
        {
          "name": "followShapeMode",
          "shortdesc": "The shape-following algorithm applied to the feather.",
          "datatype": {
            "type": "FollowShapeModeOptions"
          }
        },
        {
          "name": "noise",
          "shortdesc": "The amount of noise &#40;as a percentage) applied to the feather region. (Range: 0 to 100)",
          "datatype": {
            "type": "Number",
            "min": 0,
            "max": 100
          }
        },
        {
          "name": "properties",
          "shortdesc": "A property that allows setting of several properties at the same time.",
          "datatype": {
            "type": "Object"
          }
        }
      ],
      "method": [
        {
          "name": "toSource",
          "shortdesc": "Generates a string which, if executed, will return the DirectionalFeatherSetting.",
          "datatype": {
            "type": "String"
          }
        },
        {
          "name": "getElements",
          "shortdesc": "Resolves the object specifier, creating an array of object references.",
          "datatype": {
            "type": "DirectionalFeatherSetting",
            "array": true
          }
        },
        {
          "name": "toSpecifier",
          "shortdesc": "Retrieves the object specifier.",
          "datatype": {
            "type": "String"
          }
        },
        {
          "name": "addEventListener",
          "shortdesc": "Adds an event listener.",
          "parameters": [
            {
              "name": "eventType",
              "shortdesc": "The event type.",
              "datatype": {
                "type": "String"
              }
            },
            {
              "name": "handler",
              "shortdesc": "The event handler. Can accept: File or JavaScript Function.",
              "datatype": {
                "type": "Mixed"
              }
            },
            {
              "name": "captures",
              "optional": true,
              "shortdesc": "This parameter is obsolete. &#40;Optional)",
              "datatype": {
                "type": "Boolean",
                "value": false
              }
            }
          ],
          "datatype": {
            "type": "EventListener"
          }
        },
        {
          "name": "removeEventListener",
          "shortdesc": "Removes the event listener.",
          "parameters": [
            {
              "name": "eventType",
              "shortdesc": "The registered event type.",
              "datatype": {
                "type": "String"
              }
            },
            {
              "name": "handler",
              "shortdesc": "The registered event handler. Can accept: File or JavaScript Function.",
              "datatype": {
                "type": "Mixed"
              }
            },
            {
              "name": "captures",
              "optional": true,
              "shortdesc": "This parameter is obsolete. &#40;Optional)",
              "datatype": {
                "type": "Boolean",
                "value": false
              }
            }
          ],
          "datatype": {
            "type": "Boolean"
          }
        }
      ]
    }
  ]
}