{
  "name": "DisplaySetting",
  "dynamic": true,
  "shortdesc": "Object-level display settings.",
  "elements": [
    {
      "type": "instance",
      "property": [
        {
          "name": "isValid",
          "rwaccess": "readonly",
          "shortdesc": "Returns true if the object specifier resolves to valid objects.",
          "datatype": {
            "type": "Boolean"
          }
        },
        {
          "name": "parent",
          "rwaccess": "readonly",
          "shortdesc": "The parent of the DisplaySetting &#40;a Application).",
          "datatype": {
            "type": "Application"
          }
        },
        {
          "name": "index",
          "rwaccess": "readonly",
          "shortdesc": "The index of the DisplaySetting within its containing object.",
          "datatype": {
            "type": "Number"
          }
        },
        {
          "name": "events",
          "rwaccess": "readonly",
          "shortdesc": "A collection of events.",
          "datatype": {
            "type": "Events"
          }
        },
        {
          "name": "eventListeners",
          "rwaccess": "readonly",
          "shortdesc": "A collection of event listeners.",
          "datatype": {
            "type": "EventListeners"
          }
        },
        {
          "name": "raster",
          "shortdesc": "The display method for raster images.",
          "datatype": {
            "type": "TagRaster"
          }
        },
        {
          "name": "vector",
          "shortdesc": "The display method for vector images.",
          "datatype": {
            "type": "TagVector"
          }
        },
        {
          "name": "transparency",
          "shortdesc": "The display setting for transparencies.",
          "datatype": {
            "type": "TagTransparency"
          }
        },
        {
          "name": "antialiasing",
          "shortdesc": "If true, uses anti-aliasing for text and bitmap images.",
          "datatype": {
            "type": "Boolean"
          }
        },
        {
          "name": "greekBelow",
          "shortdesc": "The point size below which text is greeked.",
          "datatype": {
            "type": "Number"
          }
        },
        {
          "name": "properties",
          "shortdesc": "A property that allows setting of several properties at the same time.",
          "datatype": {
            "type": "Object"
          }
        }
      ],
      "method": [
        {
          "name": "toSource",
          "shortdesc": "Generates a string which, if executed, will return the DisplaySetting.",
          "datatype": {
            "type": "String"
          }
        },
        {
          "name": "getElements",
          "shortdesc": "Resolves the object specifier, creating an array of object references.",
          "datatype": {
            "type": "DisplaySetting",
            "array": true
          }
        },
        {
          "name": "toSpecifier",
          "shortdesc": "Retrieves the object specifier.",
          "datatype": {
            "type": "String"
          }
        },
        {
          "name": "addEventListener",
          "shortdesc": "Adds an event listener.",
          "parameters": [
            {
              "name": "eventType",
              "shortdesc": "The event type.",
              "datatype": {
                "type": "String"
              }
            },
            {
              "name": "handler",
              "shortdesc": "The event handler. Can accept: File or JavaScript Function.",
              "datatype": {
                "type": "Mixed"
              }
            },
            {
              "name": "captures",
              "optional": true,
              "shortdesc": "This parameter is obsolete. &#40;Optional)",
              "datatype": {
                "type": "Boolean",
                "value": false
              }
            }
          ],
          "datatype": {
            "type": "EventListener"
          }
        },
        {
          "name": "removeEventListener",
          "shortdesc": "Removes the event listener.",
          "parameters": [
            {
              "name": "eventType",
              "shortdesc": "The registered event type.",
              "datatype": {
                "type": "String"
              }
            },
            {
              "name": "handler",
              "shortdesc": "The registered event handler. Can accept: File or JavaScript Function.",
              "datatype": {
                "type": "Mixed"
              }
            },
            {
              "name": "captures",
              "optional": true,
              "shortdesc": "This parameter is obsolete. &#40;Optional)",
              "datatype": {
                "type": "Boolean",
                "value": false
              }
            }
          ],
          "datatype": {
            "type": "Boolean"
          }
        }
      ]
    }
  ]
}