{
  "name": "DisplaySettings",
  "dynamic": true,
  "shortdesc": "Display setting properties.",
  "elements": [
    {
      "type": "instance",
      "method": [
        {
          "name": "count",
          "shortdesc": "Displays the number of elements in the DisplaySetting.",
          "datatype": {
            "type": "number"
          }
        },
        {
          "name": "item",
          "shortdesc": "Returns the DisplaySetting with the specified index or name.",
          "parameters": {
            "parameter": [
              {
                "name": "index",
                "shortdesc": "The index or name. Can accept: Long Integer or String.",
                "datatype": {
                  "type": "mixed"
                }
              }
            ]
          },
          "datatype": {
            "type": "DisplaySetting"
          }
        },
        {
          "name": "itemByRange",
          "shortdesc": "Returns the DisplaySettings within the specified range.",
          "parameters": {
            "parameter": [
              {
                "name": "from",
                "shortdesc": "The DisplaySetting, index, or name at the beginning of the range. Can accept: DisplaySetting, Long Integer or String.",
                "datatype": {
                  "type": "mixed"
                }
              },
              {
                "name": "to",
                "shortdesc": "The DisplaySetting, index, or name at the end of the range. Can accept: DisplaySetting, Long Integer or String.",
                "datatype": {
                  "type": "mixed"
                }
              }
            ]
          },
          "datatype": {
            "type": "DisplaySetting",
            "array": {}
          }
        },
        {
          "name": "firstItem",
          "shortdesc": "Returns the first DisplaySetting in the collection.",
          "datatype": {
            "type": "DisplaySetting"
          }
        },
        {
          "name": "lastItem",
          "shortdesc": "Returns the last DisplaySetting in the collection.",
          "datatype": {
            "type": "DisplaySetting"
          }
        },
        {
          "name": "middleItem",
          "shortdesc": "Returns the middle DisplaySetting in the collection.",
          "datatype": {
            "type": "DisplaySetting"
          }
        },
        {
          "name": "previousItem",
          "shortdesc": "Returns the DisplaySetting with the index previous to the specified index.",
          "parameters": {
            "parameter": [
              {
                "name": "obj",
                "shortdesc": "The index of the DisplaySetting that follows the desired DisplaySetting.",
                "datatype": {
                  "type": "DisplaySetting"
                }
              }
            ]
          },
          "datatype": {
            "type": "DisplaySetting"
          }
        },
        {
          "name": "nextItem",
          "shortdesc": "Returns the DisplaySetting whose index follows the specified DisplaySetting in the collection.",
          "parameters": {
            "parameter": [
              {
                "name": "obj",
                "shortdesc": "The DisplaySetting whose index comes before the desired DisplaySetting.",
                "datatype": {
                  "type": "DisplaySetting"
                }
              }
            ]
          },
          "datatype": {
            "type": "DisplaySetting"
          }
        },
        {
          "name": "anyItem",
          "shortdesc": "Returns any DisplaySetting in the collection.",
          "datatype": {
            "type": "DisplaySetting"
          }
        },
        {
          "name": "everyItem",
          "shortdesc": "Returns every DisplaySetting in the collection.",
          "datatype": {
            "type": "DisplaySetting",
            "array": {}
          }
        },
        {
          "name": "toSource",
          "shortdesc": "Generates a string which, if executed, will return the DisplaySetting.",
          "datatype": {
            "type": "string"
          }
        },
        {
          "name": "[]",
          "shortdesc": "Returns the DisplaySetting with the specified index.",
          "parameters": {
            "parameter": [
              {
                "name": "index",
                "shortdesc": "The index.",
                "datatype": {
                  "type": "number"
                }
              }
            ]
          },
          "datatype": {
            "type": "DisplaySetting"
          }
        }
      ],
      "property": [
        {
          "name": "length",
          "rwaccess": "readonly",
          "shortdesc": "The number of objects in the collection.",
          "datatype": {
            "type": "number"
          }
        }
      ]
    }
  ]
}