{
  "name": "DisplaySettingOptions",
  "enumeration": true,
  "shortdesc": "Display performance options.",
  "elements": [
    {
      "type": "class",
      "property": [
        {
          "name": "HIGH_QUALITY",
          "rwaccess": "readonly",
          "shortdesc": "Slower performance; displays high-resolution graphics and high-quality transparencies and turns on anti-aliasing.",
          "datatype": {
            "type": "number",
            "value": 1346922866
          }
        },
        {
          "name": "TYPICAL",
          "rwaccess": "readonly",
          "shortdesc": "Moderate performance speed; displays proxy graphics and low-quality transparencies and turns on anti-aliasing.",
          "datatype": {
            "type": "number",
            "value": 1349810544
          }
        },
        {
          "name": "OPTIMIZED",
          "rwaccess": "readonly",
          "shortdesc": "Best performance; grays out graphics and turns off transparency and anti-aliasing.",
          "datatype": {
            "type": "number",
            "value": 1349480564
          }
        },
        {
          "name": "DEFAULT_VALUE",
          "rwaccess": "readonly",
          "shortdesc": "Uses the container object&apos;s default display performance preferences setting. For information, see default display settings.",
          "datatype": {
            "type": "number",
            "value": 1147563124
          }
        }
      ]
    }
  ]
}