{
  "name": "DocumentPreset",
  "dynamic": true,
  "shortdesc": "A preset that contains all of the new document settings.",
  "elements": [
    {
      "type": "instance",
      "property": [
        {
          "name": "id",
          "rwaccess": "readonly",
          "shortdesc": "The unique ID of the DocumentPreset.",
          "datatype": {
            "type": "Number"
          }
        },
        {
          "name": "isValid",
          "rwaccess": "readonly",
          "shortdesc": "Returns true if the object specifier resolves to valid objects.",
          "datatype": {
            "type": "Boolean"
          }
        },
        {
          "name": "parent",
          "rwaccess": "readonly",
          "shortdesc": "The parent of the DocumentPreset &#40;a Application).",
          "datatype": {
            "type": "Application"
          }
        },
        {
          "name": "index",
          "rwaccess": "readonly",
          "shortdesc": "The index of the DocumentPreset within its containing object.",
          "datatype": {
            "type": "Number"
          }
        },
        {
          "name": "events",
          "rwaccess": "readonly",
          "shortdesc": "A collection of events.",
          "datatype": {
            "type": "Events"
          }
        },
        {
          "name": "eventListeners",
          "rwaccess": "readonly",
          "shortdesc": "A collection of event listeners.",
          "datatype": {
            "type": "EventListeners"
          }
        },
        {
          "name": "name",
          "shortdesc": "The name of the DocumentPreset.",
          "datatype": {
            "type": "String"
          }
        },
        {
          "name": "pagesPerDocument",
          "shortdesc": "The number of pages in the document. &#40;Range: 1 to 9999)",
          "datatype": {
            "type": "Number"
          }
        },
        {
          "name": "facingPages",
          "shortdesc": "If true, the document has facing pages.",
          "datatype": {
            "type": "Boolean"
          }
        },
        {
          "name": "pageHeight",
          "shortdesc": "The height of the page.",
          "datatype": {
            "type": "Measurement Unit &amp;&#35;40;Number or String&#41;=any"
          }
        },
        {
          "name": "pageWidth",
          "shortdesc": "The width of the page.",
          "datatype": {
            "type": "Measurement Unit &amp;&#35;40;Number or String&#41;=any"
          }
        },
        {
          "name": "pageOrientation",
          "shortdesc": "The page orientation.",
          "datatype": {
            "type": "PageOrientation"
          }
        },
        {
          "name": "columnCount",
          "shortdesc": "The number of columns to place on the page.",
          "datatype": {
            "type": "Number",
            "min": 1,
            "max": 216
          }
        },
        {
          "name": "columnGutter",
          "shortdesc": "The distance between columns.",
          "datatype": {
            "type": "Measurement Unit &amp;&#35;40;Number or String&#41;=any",
            "min": 0,
            "max": 1440
          }
        },
        {
          "name": "top",
          "shortdesc": "The top edge of the DocumentPreset.",
          "datatype": {
            "type": "Measurement Unit &amp;&#35;40;Number or String&#41;=any"
          }
        },
        {
          "name": "bottom",
          "shortdesc": "The bottom edge of the DocumentPreset.",
          "datatype": {
            "type": "Measurement Unit &amp;&#35;40;Number or String&#41;=any"
          }
        },
        {
          "name": "left",
          "shortdesc": "The left edge of the DocumentPreset.",
          "datatype": {
            "type": "Measurement Unit &amp;&#35;40;Number or String&#41;=any"
          }
        },
        {
          "name": "right",
          "shortdesc": "The right edge of the DocumentPreset.",
          "datatype": {
            "type": "Measurement Unit &amp;&#35;40;Number or String&#41;=any"
          }
        },
        {
          "name": "documentBleedInsideOrLeftOffset",
          "shortdesc": "The amount to offset the inside or left document bleed. Note: To set the bleed inside or left offset, document bleed uniform size must be false.",
          "datatype": {
            "type": "Measurement Unit &amp;&#35;40;Number or String&#41;=any"
          }
        },
        {
          "name": "documentBleedTopOffset",
          "shortdesc": "The amount to offset the top document bleed.",
          "datatype": {
            "type": "Measurement Unit &amp;&#35;40;Number or String&#41;=any"
          }
        },
        {
          "name": "documentBleedOutsideOrRightOffset",
          "shortdesc": "The amount to offset the outside or right document bleed. Note: To set the bleed outside or right offset, document bleed uniform size must be false.",
          "datatype": {
            "type": "Measurement Unit &amp;&#35;40;Number or String&#41;=any"
          }
        },
        {
          "name": "documentBleedBottomOffset",
          "shortdesc": "The amount to offset the bottom document bleed. Note: To set the bleed bottom offset, document bleed uniform size must be false.",
          "datatype": {
            "type": "Measurement Unit &amp;&#35;40;Number or String&#41;=any"
          }
        },
        {
          "name": "slugInsideOrLeftOffset",
          "shortdesc": "The amount to offset the inside or left slug. Note: To set the slug inside or left offset, document slug uniform size must be false.",
          "datatype": {
            "type": "Measurement Unit &amp;&#35;40;Number or String&#41;=any"
          }
        },
        {
          "name": "slugTopOffset",
          "shortdesc": "The amount to offset the top slug.",
          "datatype": {
            "type": "Measurement Unit &amp;&#35;40;Number or String&#41;=any"
          }
        },
        {
          "name": "slugRightOrOutsideOffset",
          "shortdesc": "The amount to offset the outside or right slug. Note: To set the slug right or outside offset, document slug uniform size must be false.",
          "datatype": {
            "type": "Measurement Unit &amp;&#35;40;Number or String&#41;=any"
          }
        },
        {
          "name": "slugBottomOffset",
          "shortdesc": "The amount to offset the bottom slug. Note: To set the slug bottom offset, document slug uniform size must be false.",
          "datatype": {
            "type": "Measurement Unit &amp;&#35;40;Number or String&#41;=any"
          }
        },
        {
          "name": "createPrimaryTextFrame",
          "shortdesc": "If true, the document A-master has primary text frames when a new document is created.",
          "datatype": {
            "type": "Boolean"
          }
        },
        {
          "name": "startPageNumber",
          "shortdesc": "The starting page number for a document. This is the same as the starting page number for the first section of a document. Default value is 1.",
          "datatype": {
            "type": "Number",
            "min": 1,
            "max": 999999
          }
        },
        {
          "name": "intent",
          "shortdesc": "The intent for a document.",
          "datatype": {
            "type": "DocumentIntentOptions"
          }
        },
        {
          "name": "documentBleedUniformSize",
          "shortdesc": "If true, uses the document bleed top offset value for bleed offset measurements on all sides of the document. The default setting is true.",
          "datatype": {
            "type": "Boolean"
          }
        },
        {
          "name": "documentSlugUniformSize",
          "shortdesc": "If true, uses the slug top offset value for slug measurements on all sides of the document. The default value is false.",
          "datatype": {
            "type": "Boolean"
          }
        },
        {
          "name": "pageSize",
          "shortdesc": "The size of the page.",
          "datatype": {
            "type": "String"
          }
        },
        {
          "name": "label",
          "shortdesc": "A property that can be set to any string.",
          "datatype": {
            "type": "String"
          }
        },
        {
          "name": "properties",
          "shortdesc": "A property that allows setting of several properties at the same time.",
          "datatype": {
            "type": "Object"
          }
        }
      ],
      "method": [
        {
          "name": "remove",
          "shortdesc": "Deletes the DocumentPreset."
        },
        {
          "name": "duplicate",
          "shortdesc": "Duplicates the DocumentPreset.",
          "datatype": {
            "type": "DocumentPreset"
          }
        },
        {
          "name": "insertLabel",
          "shortdesc": "Sets the label to the value associated with the specified key.",
          "parameters": [
            {
              "name": "key",
              "shortdesc": "The key.",
              "datatype": {
                "type": "String"
              }
            },
            {
              "name": "value",
              "shortdesc": "The value.",
              "datatype": {
                "type": "String"
              }
            }
          ]
        },
        {
          "name": "extractLabel",
          "shortdesc": "Gets the label value associated with the specified key.",
          "parameters": [
            {
              "name": "key",
              "shortdesc": "The key.",
              "datatype": {
                "type": "String"
              }
            }
          ],
          "datatype": {
            "type": "String"
          }
        },
        {
          "name": "toSource",
          "shortdesc": "Generates a string which, if executed, will return the DocumentPreset.",
          "datatype": {
            "type": "String"
          }
        },
        {
          "name": "getElements",
          "shortdesc": "Resolves the object specifier, creating an array of object references.",
          "datatype": {
            "type": "DocumentPreset",
            "array": true
          }
        },
        {
          "name": "toSpecifier",
          "shortdesc": "Retrieves the object specifier.",
          "datatype": {
            "type": "String"
          }
        },
        {
          "name": "addEventListener",
          "shortdesc": "Adds an event listener.",
          "parameters": [
            {
              "name": "eventType",
              "shortdesc": "The event type.",
              "datatype": {
                "type": "String"
              }
            },
            {
              "name": "handler",
              "shortdesc": "The event handler. Can accept: File or JavaScript Function.",
              "datatype": {
                "type": "Mixed"
              }
            },
            {
              "name": "captures",
              "optional": true,
              "shortdesc": "This parameter is obsolete. &#40;Optional)",
              "datatype": {
                "type": "Boolean",
                "value": false
              }
            }
          ],
          "datatype": {
            "type": "EventListener"
          }
        },
        {
          "name": "removeEventListener",
          "shortdesc": "Removes the event listener.",
          "parameters": [
            {
              "name": "eventType",
              "shortdesc": "The registered event type.",
              "datatype": {
                "type": "String"
              }
            },
            {
              "name": "handler",
              "shortdesc": "The registered event handler. Can accept: File or JavaScript Function.",
              "datatype": {
                "type": "Mixed"
              }
            },
            {
              "name": "captures",
              "optional": true,
              "shortdesc": "This parameter is obsolete. &#40;Optional)",
              "datatype": {
                "type": "Boolean",
                "value": false
              }
            }
          ],
          "datatype": {
            "type": "Boolean"
          }
        }
      ]
    }
  ]
}