{
  "name": "DocumentIntentOptions",
  "enumeration": true,
  "shortdesc": "Options for document intent.",
  "elements": [
    {
      "type": "class",
      "property": [
        {
          "name": "PRINT_INTENT",
          "rwaccess": "readonly",
          "shortdesc": "Intended purpose of document is for print output.",
          "datatype": {
            "type": "number",
            "value": 1768846448
          }
        },
        {
          "name": "WEB_INTENT",
          "rwaccess": "readonly",
          "shortdesc": "Intended purpose of document is for web output.",
          "datatype": {
            "type": "number",
            "value": 1768846455
          }
        },
        {
          "name": "DPS_INTENT",
          "rwaccess": "readonly",
          "shortdesc": "Intended purpose of document is for digital publishing.",
          "datatype": {
            "type": "number",
            "value": 1768846436
          }
        }
      ]
    }
  ]
}