{
  "name": "DocumentPrintUiOptions",
  "enumeration": true,
  "shortdesc": "Document print ui options",
  "elements": [
    {
      "type": "class",
      "property": [
        {
          "name": "SUPPRESS_PRINT_PROGRESS",
          "rwaccess": "readonly",
          "shortdesc": "Do not show progress bar during printing.",
          "datatype": {
            "type": "number",
            "value": 1936748659
          }
        },
        {
          "name": "SUPPRESS_PRINT_WARNINGS",
          "rwaccess": "readonly",
          "shortdesc": "Do not show warning dialog during printing.",
          "datatype": {
            "type": "number",
            "value": 1936750450
          }
        },
        {
          "name": "SUPPRESS_PRINT_DIALOG",
          "rwaccess": "readonly",
          "shortdesc": "Do not show print dialog.",
          "datatype": {
            "type": "number",
            "value": 1936745575
          }
        },
        {
          "name": "SUPPRESS_FILE_SAVE_DIALOG",
          "rwaccess": "readonly",
          "shortdesc": "Do not show file save dialog during printing.",
          "datatype": {
            "type": "number",
            "value": 1936089444
          }
        }
      ]
    }
  ]
}