{
  "name": "Documents",
  "dynamic": true,
  "shortdesc": "A collection of documents.",
  "elements": [
    {
      "type": "instance",
      "method": [
        {
          "name": "add",
          "shortdesc": "Creates a new document.",
          "parameters": [
            {
              "name": "showingWindow",
              "optional": true,
              "shortdesc": "If true, displays the document. &#40;Optional)",
              "datatype": {
                "type": "Boolean",
                "value": true
              }
            },
            {
              "name": "documentPreset",
              "shortdesc": "The document preset to use. &#40;Optional)",
              "datatype": {
                "type": "DocumentPreset"
              }
            },
            {
              "name": "withProperties",
              "shortdesc": "Initial values for properties of the new Document &#40;Optional)",
              "datatype": {
                "type": "Object"
              }
            }
          ],
          "datatype": {
            "type": "Document"
          }
        },
        {
          "name": "count",
          "shortdesc": "Displays the number of elements in the Document.",
          "datatype": {
            "type": "Number"
          }
        },
        {
          "name": "item",
          "shortdesc": "Returns the Document with the specified index or name.",
          "parameters": [
            {
              "name": "index",
              "shortdesc": "The index or name. Can accept: Long Integer or String.",
              "datatype": {
                "type": "Mixed"
              }
            }
          ],
          "datatype": {
            "type": "Document"
          }
        },
        {
          "name": "itemByName",
          "shortdesc": "Returns the Document with the specified name.",
          "parameters": [
            {
              "name": "name",
              "shortdesc": "The name.",
              "datatype": {
                "type": "String"
              }
            }
          ],
          "datatype": {
            "type": "Document"
          }
        },
        {
          "name": "itemByID",
          "shortdesc": "Returns the Document with the specified ID.",
          "parameters": [
            {
              "name": "id",
              "shortdesc": "The ID.",
              "datatype": {
                "type": "Number"
              }
            }
          ],
          "datatype": {
            "type": "Document"
          }
        },
        {
          "name": "itemByRange",
          "shortdesc": "Returns the Documents within the specified range.",
          "parameters": [
            {
              "name": "from",
              "shortdesc": "The Document, index, or name at the beginning of the range. Can accept: Document, Long Integer or String.",
              "datatype": {
                "type": "Mixed"
              }
            },
            {
              "name": "to",
              "shortdesc": "The Document, index, or name at the end of the range. Can accept: Document, Long Integer or String.",
              "datatype": {
                "type": "Mixed"
              }
            }
          ],
          "datatype": {
            "type": "Document",
            "array": true
          }
        },
        {
          "name": "firstItem",
          "shortdesc": "Returns the first Document in the collection.",
          "datatype": {
            "type": "Document"
          }
        },
        {
          "name": "lastItem",
          "shortdesc": "Returns the last Document in the collection.",
          "datatype": {
            "type": "Document"
          }
        },
        {
          "name": "middleItem",
          "shortdesc": "Returns the middle Document in the collection.",
          "datatype": {
            "type": "Document"
          }
        },
        {
          "name": "previousItem",
          "shortdesc": "Returns the Document with the index previous to the specified index.",
          "parameters": [
            {
              "name": "obj",
              "shortdesc": "The index of the Document that follows the desired Document.",
              "datatype": {
                "type": "Document"
              }
            }
          ],
          "datatype": {
            "type": "Document"
          }
        },
        {
          "name": "nextItem",
          "shortdesc": "Returns the Document whose index follows the specified Document in the collection.",
          "parameters": [
            {
              "name": "obj",
              "shortdesc": "The Document whose index comes before the desired Document.",
              "datatype": {
                "type": "Document"
              }
            }
          ],
          "datatype": {
            "type": "Document"
          }
        },
        {
          "name": "anyItem",
          "shortdesc": "Returns any Document in the collection.",
          "datatype": {
            "type": "Document"
          }
        },
        {
          "name": "everyItem",
          "shortdesc": "Returns every Document in the collection.",
          "datatype": {
            "type": "Document",
            "array": true
          }
        },
        {
          "name": "toSource",
          "shortdesc": "Generates a string which, if executed, will return the Document.",
          "datatype": {
            "type": "String"
          }
        },
        {
          "name": "[]",
          "shortdesc": "Returns the Document with the specified index.",
          "parameters": [
            {
              "name": "index",
              "shortdesc": "The index.",
              "datatype": {
                "type": "Number"
              }
            }
          ],
          "datatype": {
            "type": "Document"
          }
        }
      ],
      "property": [
        {
          "name": "length",
          "rwaccess": "readonly",
          "shortdesc": "The number of objects in the collection.",
          "datatype": {
            "type": "Number"
          }
        }
      ]
    }
  ]
}