{
  "name": "DrawState",
  "dynamic": true,
  "shortdesc": {
    "a": {
      "href": "#/ScriptUIGraphics/event/onDraw",
      "$t": "ScriptUIGraphics.onDraw&amp;&#35;40;&#41;"
    }
  },
  "description": {
    "a": {
      "href": "#/ScriptUIGraphics/event/onDraw",
      "$t": "ScriptUIGraphics.onDraw&amp;&#35;40;&#41;"
    }
  },
  "elements": [
    {
      "type": "instance",
      "property": [
        {
          "name": "mouseOver",
          "rwaccess": "readonly",
          "shortdesc": "True if the cursor is hovering over this element.",
          "datatype": {
            "type": "Boolean"
          }
        },
        {
          "name": "leftButtonPressed",
          "rwaccess": "readonly",
          "shortdesc": "True if the left mouse button is being pressed.",
          "datatype": {
            "type": "Boolean"
          }
        },
        {
          "name": "middleButtonPressed",
          "rwaccess": "readonly",
          "shortdesc": "True if the middle mouse button is being pressed.",
          "datatype": {
            "type": "Boolean"
          }
        },
        {
          "name": "rightButtonPressed",
          "rwaccess": "readonly",
          "shortdesc": "True if the right mouse button is being pressed.",
          "datatype": {
            "type": "Boolean"
          }
        },
        {
          "name": "hasFocus",
          "rwaccess": "readonly",
          "shortdesc": "True if the element has the input focus.",
          "datatype": {
            "type": "Boolean"
          }
        },
        {
          "name": "shiftKeyPressed",
          "rwaccess": "readonly",
          "shortdesc": "True if the Shift key is being pressed.",
          "datatype": {
            "type": "Boolean"
          }
        },
        {
          "name": "ctrlKeyPressed",
          "rwaccess": "readonly",
          "shortdesc": "True if the Ctrl key is being pressed.",
          "datatype": {
            "type": "Boolean"
          }
        },
        {
          "name": "cmdKeyPressed",
          "rwaccess": "readonly",
          "shortdesc": "True if the Command key is being pressed &amp;&#35;40;in Mac OS only&#41;.",
          "datatype": {
            "type": "Boolean"
          }
        },
        {
          "name": "optKeyPressed",
          "rwaccess": "readonly",
          "shortdesc": "True if the Option key is being pressed &amp;&#35;40;in Mac OS only&#41;.",
          "datatype": {
            "type": "Boolean"
          }
        },
        {
          "name": "altKeyPressed",
          "rwaccess": "readonly",
          "shortdesc": "True if the Alt key is being pressed &amp;&#35;40;in Windows only&#41;.",
          "datatype": {
            "type": "Boolean"
          }
        },
        {
          "name": "numLockKeyPressed",
          "rwaccess": "readonly",
          "shortdesc": "True if the Num Lock key is being pressed.",
          "datatype": {
            "type": "Boolean"
          }
        },
        {
          "name": "capsLockKeyPressed",
          "rwaccess": "readonly",
          "shortdesc": "True if the Caps Lock key is being pressed.",
          "datatype": {
            "type": "Boolean"
          }
        }
      ]
    }
  ]
}