{
  "name": "DropShadowSetting",
  "dynamic": true,
  "superclass": {
    "href": "#/Preference",
    "$t": "Preference"
  },
  "shortdesc": "Drop shadow settings.",
  "elements": [
    {
      "type": "instance",
      "property": [
        {
          "name": "isValid",
          "rwaccess": "readonly",
          "shortdesc": "Returns true if the object specifier resolves to valid objects.",
          "datatype": {
            "type": "bool"
          }
        },
        {
          "name": "parent",
          "rwaccess": "readonly",
          "shortdesc": "The parent of the DropShadowSetting &amp;&#35;40;a TransparencySetting, StrokeTransparencySetting, FillTransparencySetting or ContentTransparencySetting&#41;.",
          "datatype": {
            "type": "mixed"
          }
        },
        {
          "name": "events",
          "rwaccess": "readonly",
          "shortdesc": "A collection of events.",
          "datatype": {
            "type": "Events"
          }
        },
        {
          "name": "eventListeners",
          "rwaccess": "readonly",
          "shortdesc": "A collection of event listeners.",
          "datatype": {
            "type": "EventListeners"
          }
        },
        {
          "name": "distance",
          "shortdesc": "The distance between the item and its shadow",
          "datatype": {
            "type": "Measurement Unit &amp;&#35;40;Number or String&#41;=any",
            "min": 0,
            "max": 1000
          }
        },
        {
          "name": "angle",
          "shortdesc": "The angle at which the shadow is thrown",
          "datatype": {
            "type": "number",
            "min": -180,
            "max": 180
          }
        },
        {
          "name": "mode",
          "shortdesc": "The shadow mode.",
          "datatype": {
            "type": "ShadowMode"
          }
        },
        {
          "name": "blendMode",
          "shortdesc": "The blending mode for the drop shadow effect.",
          "datatype": {
            "type": "BlendMode"
          }
        },
        {
          "name": "opacity",
          "shortdesc": "The opacity of the drop shadow &amp;&#35;40;as a percentage&#41;. (Range: 0 to 100)",
          "datatype": {
            "type": "number",
            "min": 0,
            "max": 100
          }
        },
        {
          "name": "xOffset",
          "shortdesc": "The horizontal offset of the drop shadow. Range depends on the unit type. For points: -1000 to 1000; for picas: -83p4 to 83p4; for inches: -13.8889 to 13.8889; for mm: -352.778 to 352.778; for cm: -35.277 to 35.277; for ciceros: -78c2.389 to 78c2.389.",
          "datatype": {
            "type": "Measurement Unit &amp;&#35;40;Number or String&#41;=any",
            "min": -1000,
            "max": 1000
          }
        },
        {
          "name": "yOffset",
          "shortdesc": "The vertical offset of the drop shadow. &amp;&#35;40;Range depends on the unit type. For points: -1000 to 1000; for picas: -83p4 to 83p4; for inches: -13.8889 to 13.8889; for mm: -352.778 to 352.778; for cm: -35.277 to 35.277; for ciceros: -78c2.389 to 78c2.389&#41;",
          "datatype": {
            "type": "Measurement Unit &amp;&#35;40;Number or String&#41;=any",
            "min": -1000,
            "max": 1000
          }
        },
        {
          "name": "size",
          "shortdesc": "The radius &amp;&#35;40;in pixels&#41; of the blur applied to the drop shadow. (Range depends on the unit type. For points: 0 to 144; for picas: 0p0 to 12p0; for inches: 0 to 2; for mm: 0 to 50.08; for cm: 0 to 5.08; for ciceros: 0c0 to 11c3.128.)",
          "datatype": {
            "type": "Measurement Unit &amp;&#35;40;Number or String&#41;=any",
            "min": 0,
            "max": 144
          }
        },
        {
          "name": "effectColor",
          "shortdesc": "The color applied to the drop shadow, specified as a swatch &amp;&#35;40;color, gradient, tint, or mixed ink&#41;, or as an array of color values. The color mode dictates the array values: for RGB, specify three values, each in the range 0 to 255, in the format [R,G,B]; for CMYK, specify four values, each as a percentage and each in the range 0 to 100, in the format [C,M,Y,K]; for LAB, specify three values in the format [L,A,B], with L in the range 0 to 100 and A and B in the range -128 to 127.",
          "datatype": {
            "type": "Swatch"
          }
        },
        {
          "name": "noise",
          "shortdesc": "The amount &amp;&#35;40;as a percentage&#41; of noise applied to the shadow. (Range: 0 to 100)",
          "datatype": {
            "type": "number",
            "min": 0,
            "max": 100
          }
        },
        {
          "name": "spread",
          "shortdesc": "The amount &amp;&#35;40;as a percentage of the blur width&#41; to spread the footprint of the drop shadow and reduce the radius of the blur. (Range: 0 to 100)",
          "datatype": {
            "type": "number",
            "min": 0,
            "max": 100
          }
        },
        {
          "name": "useGlobalLight",
          "shortdesc": "If true, uses the global light angle.",
          "datatype": {
            "type": "bool"
          }
        },
        {
          "name": "knockedOut",
          "shortdesc": "If true, the layer will knock out the drop shadow.",
          "datatype": {
            "type": "bool"
          }
        },
        {
          "name": "honorOtherEffects",
          "shortdesc": "If true, the drop shadow will take into account other non-shadow effects.",
          "datatype": {
            "type": "bool"
          }
        },
        {
          "name": "properties",
          "shortdesc": "A property that allows setting of several properties at the same time.",
          "datatype": {
            "type": "Object"
          }
        }
      ],
      "method": [
        {
          "name": "toSource",
          "shortdesc": "Generates a string which, if executed, will return the DropShadowSetting.",
          "datatype": {
            "type": "string"
          }
        },
        {
          "name": "getElements",
          "shortdesc": "Resolves the object specifier, creating an array of object references.",
          "datatype": {
            "type": "DropShadowSetting",
            "array": {}
          }
        },
        {
          "name": "toSpecifier",
          "shortdesc": "Retrieves the object specifier.",
          "datatype": {
            "type": "string"
          }
        },
        {
          "name": "addEventListener",
          "shortdesc": "Adds an event listener.",
          "parameters": {
            "parameter": [
              {
                "name": "eventType",
                "shortdesc": "The event type.",
                "datatype": {
                  "type": "string"
                }
              },
              {
                "name": "handler",
                "shortdesc": "The event handler. Can accept: File or JavaScript Function.",
                "datatype": {
                  "type": "mixed"
                }
              },
              {
                "name": "captures",
                "optional": true,
                "shortdesc": "This parameter is obsolete. &amp;&#35;40;Optional&#41;",
                "datatype": {
                  "type": "bool",
                  "value": false
                }
              }
            ]
          },
          "datatype": {
            "type": "EventListener"
          }
        },
        {
          "name": "removeEventListener",
          "shortdesc": "Removes the event listener.",
          "parameters": {
            "parameter": [
              {
                "name": "eventType",
                "shortdesc": "The registered event type.",
                "datatype": {
                  "type": "string"
                }
              },
              {
                "name": "handler",
                "shortdesc": "The registered event handler. Can accept: File or JavaScript Function.",
                "datatype": {
                  "type": "mixed"
                }
              },
              {
                "name": "captures",
                "optional": true,
                "shortdesc": "This parameter is obsolete. &amp;&#35;40;Optional&#41;",
                "datatype": {
                  "type": "bool",
                  "value": false
                }
              }
            ]
          },
          "datatype": {
            "type": "bool"
          }
        }
      ]
    }
  ]
}