{
  "name": "DTD",
  "dynamic": true,
  "superclass": {
    "href": "#/XMLItem",
    "$t": "XMLItem"
  },
  "shortdesc": "The document DTD.",
  "elements": [
    {
      "type": "instance",
      "property": [
        {
          "name": "systemId",
          "rwaccess": "readonly",
          "shortdesc": "The system ID of the DOCTYPE declaration. Note: Valid only when the DTD is an external subset.",
          "datatype": {
            "type": "String"
          }
        },
        {
          "name": "publicId",
          "rwaccess": "readonly",
          "shortdesc": "The public ID of the DOCTYPE declaration. Note: Valid only when the DTD is an external subset.",
          "datatype": {
            "type": "String"
          }
        },
        {
          "name": "contents",
          "rwaccess": "readonly",
          "shortdesc": "The contents of the text. Can return: String or SpecialCharacters enumerator.",
          "datatype": {
            "type": "Mixed"
          }
        },
        {
          "name": "id",
          "rwaccess": "readonly",
          "shortdesc": "The unique ID of the DTD.",
          "datatype": {
            "type": "Number"
          }
        },
        {
          "name": "isValid",
          "rwaccess": "readonly",
          "shortdesc": "Returns true if the object specifier resolves to valid objects.",
          "datatype": {
            "type": "Boolean"
          }
        },
        {
          "name": "parent",
          "rwaccess": "readonly",
          "shortdesc": "The parent of the DTD &#40;a Document).",
          "datatype": {
            "type": "Document"
          }
        },
        {
          "name": "index",
          "rwaccess": "readonly",
          "shortdesc": "The index of the DTD within its containing object.",
          "datatype": {
            "type": "Number"
          }
        },
        {
          "name": "events",
          "rwaccess": "readonly",
          "shortdesc": "A collection of events.",
          "datatype": {
            "type": "Events"
          }
        },
        {
          "name": "eventListeners",
          "rwaccess": "readonly",
          "shortdesc": "A collection of event listeners.",
          "datatype": {
            "type": "EventListeners"
          }
        },
        {
          "name": "rootTag",
          "shortdesc": "The tag of the root object.",
          "datatype": {
            "type": "XMLTag"
          }
        },
        {
          "name": "properties",
          "shortdesc": "A property that allows setting of several properties at the same time.",
          "datatype": {
            "type": "Object"
          }
        }
      ],
      "method": [
        {
          "name": "remove",
          "shortdesc": "Deletes the DTD."
        },
        {
          "name": "select",
          "shortdesc": "Selects the object.",
          "parameters": [
            {
              "name": "existingSelection",
              "optional": true,
              "shortdesc": "The selection status of the DTD in relation to previously selected objects. &#40;Optional)",
              "datatype": {
                "type": "SelectionOptions",
                "value": "SelectionOptions.REPLACE_WITH"
              }
            }
          ]
        },
        {
          "name": "toSource",
          "shortdesc": "Generates a string which, if executed, will return the DTD.",
          "datatype": {
            "type": "String"
          }
        },
        {
          "name": "getElements",
          "shortdesc": "Resolves the object specifier, creating an array of object references.",
          "datatype": {
            "type": "DTD",
            "array": true
          }
        },
        {
          "name": "toSpecifier",
          "shortdesc": "Retrieves the object specifier.",
          "datatype": {
            "type": "String"
          }
        },
        {
          "name": "addEventListener",
          "shortdesc": "Adds an event listener.",
          "parameters": [
            {
              "name": "eventType",
              "shortdesc": "The event type.",
              "datatype": {
                "type": "String"
              }
            },
            {
              "name": "handler",
              "shortdesc": "The event handler. Can accept: File or JavaScript Function.",
              "datatype": {
                "type": "Mixed"
              }
            },
            {
              "name": "captures",
              "optional": true,
              "shortdesc": "This parameter is obsolete. &#40;Optional)",
              "datatype": {
                "type": "Boolean",
                "value": false
              }
            }
          ],
          "datatype": {
            "type": "EventListener"
          }
        },
        {
          "name": "removeEventListener",
          "shortdesc": "Removes the event listener.",
          "parameters": [
            {
              "name": "eventType",
              "shortdesc": "The registered event type.",
              "datatype": {
                "type": "String"
              }
            },
            {
              "name": "handler",
              "shortdesc": "The registered event handler. Can accept: File or JavaScript Function.",
              "datatype": {
                "type": "Mixed"
              }
            },
            {
              "name": "captures",
              "optional": true,
              "shortdesc": "This parameter is obsolete. &#40;Optional)",
              "datatype": {
                "type": "Boolean",
                "value": false
              }
            }
          ],
          "datatype": {
            "type": "Boolean"
          }
        }
      ]
    }
  ]
}