{
  "name": "DTDs",
  "dynamic": true,
  "shortdesc": "A collection of DTDs.",
  "elements": [
    {
      "type": "instance",
      "method": [
        {
          "name": "count",
          "shortdesc": "Displays the number of elements in the DTD.",
          "datatype": {
            "type": "number"
          }
        },
        {
          "name": "item",
          "shortdesc": "Returns the DTD with the specified index or name.",
          "parameters": {
            "parameter": [
              {
                "name": "index",
                "shortdesc": "The index or name. Can accept: Long Integer or String.",
                "datatype": {
                  "type": "mixed"
                }
              }
            ]
          },
          "datatype": {
            "type": "DTD"
          }
        },
        {
          "name": "itemByID",
          "shortdesc": "Returns the DTD with the specified ID.",
          "parameters": {
            "parameter": [
              {
                "name": "id",
                "shortdesc": "The ID.",
                "datatype": {
                  "type": "number"
                }
              }
            ]
          },
          "datatype": {
            "type": "DTD"
          }
        },
        {
          "name": "itemByRange",
          "shortdesc": "Returns the DTDs within the specified range.",
          "parameters": {
            "parameter": [
              {
                "name": "from",
                "shortdesc": "The DTD, index, or name at the beginning of the range. Can accept: DTD, Long Integer or String.",
                "datatype": {
                  "type": "mixed"
                }
              },
              {
                "name": "to",
                "shortdesc": "The DTD, index, or name at the end of the range. Can accept: DTD, Long Integer or String.",
                "datatype": {
                  "type": "mixed"
                }
              }
            ]
          },
          "datatype": {
            "type": "DTD",
            "array": {}
          }
        },
        {
          "name": "firstItem",
          "shortdesc": "Returns the first DTD in the collection.",
          "datatype": {
            "type": "DTD"
          }
        },
        {
          "name": "lastItem",
          "shortdesc": "Returns the last DTD in the collection.",
          "datatype": {
            "type": "DTD"
          }
        },
        {
          "name": "middleItem",
          "shortdesc": "Returns the middle DTD in the collection.",
          "datatype": {
            "type": "DTD"
          }
        },
        {
          "name": "previousItem",
          "shortdesc": "Returns the DTD with the index previous to the specified index.",
          "parameters": {
            "parameter": [
              {
                "name": "obj",
                "shortdesc": "The index of the DTD that follows the desired DTD.",
                "datatype": {
                  "type": "DTD"
                }
              }
            ]
          },
          "datatype": {
            "type": "DTD"
          }
        },
        {
          "name": "nextItem",
          "shortdesc": "Returns the DTD whose index follows the specified DTD in the collection.",
          "parameters": {
            "parameter": [
              {
                "name": "obj",
                "shortdesc": "The DTD whose index comes before the desired DTD.",
                "datatype": {
                  "type": "DTD"
                }
              }
            ]
          },
          "datatype": {
            "type": "DTD"
          }
        },
        {
          "name": "anyItem",
          "shortdesc": "Returns any DTD in the collection.",
          "datatype": {
            "type": "DTD"
          }
        },
        {
          "name": "everyItem",
          "shortdesc": "Returns every DTD in the collection.",
          "datatype": {
            "type": "DTD",
            "array": {}
          }
        },
        {
          "name": "toSource",
          "shortdesc": "Generates a string which, if executed, will return the DTD.",
          "datatype": {
            "type": "string"
          }
        },
        {
          "name": "[]",
          "shortdesc": "Returns the DTD with the specified index.",
          "parameters": {
            "parameter": [
              {
                "name": "index",
                "shortdesc": "The index.",
                "datatype": {
                  "type": "number"
                }
              }
            ]
          },
          "datatype": {
            "type": "DTD"
          }
        }
      ],
      "property": [
        {
          "name": "length",
          "rwaccess": "readonly",
          "shortdesc": "The number of objects in the collection.",
          "datatype": {
            "type": "number"
          }
        }
      ]
    }
  ]
}