{
  "name": "DynamicMediaHandlingOptions",
  "enumeration": true,
  "shortdesc": "Dynamic media handling options.",
  "elements": [
    {
      "type": "class",
      "property": [
        {
          "name": "INCLUDE_ALL_MEDIA",
          "rwaccess": "readonly",
          "shortdesc": "Include all interactive elements.",
          "datatype": {
            "type": "Number",
            "value": 1231241580
          }
        },
        {
          "name": "APPEARANCE_ONLY",
          "rwaccess": "readonly",
          "shortdesc": "Draw interactive elements appearance only.",
          "datatype": {
            "type": "Number",
            "value": 1097887823
          }
        }
      ]
    }
  ]
}