{
  "name": "EditingState",
  "enumeration": true,
  "shortdesc": "The editing state of the file in Version Cue.",
  "elements": [
    {
      "type": "class",
      "property": [
        {
          "name": "EDITING_UNKNOWN",
          "rwaccess": "readonly",
          "shortdesc": "The editing status is not known.",
          "datatype": {
            "type": "number",
            "value": 1986217301
          }
        },
        {
          "name": "EDITING_NOWHERE",
          "rwaccess": "readonly",
          "shortdesc": "The file is not currently in use and is not locked.",
          "datatype": {
            "type": "number",
            "value": 1986217294
          }
        },
        {
          "name": "EDITING_REMOTELY",
          "rwaccess": "readonly",
          "shortdesc": "Lock held but not usable.",
          "datatype": {
            "type": "number",
            "value": 1986217298
          }
        },
        {
          "name": "EDITING_LOCALLY",
          "rwaccess": "readonly",
          "shortdesc": "The file has been modified locally and not locked.",
          "datatype": {
            "type": "number",
            "value": 1986217292
          }
        },
        {
          "name": "EDITING_LOCALLY_LOCKED",
          "rwaccess": "readonly",
          "shortdesc": "The file has been locked locally and may be modified.",
          "datatype": {
            "type": "number",
            "value": 1986217291
          }
        },
        {
          "name": "EDITING_CONFLICT",
          "rwaccess": "readonly",
          "shortdesc": "The file was modified locally or remotely while it was locked and therefore two versions exist.",
          "datatype": {
            "type": "number",
            "value": 1986217283
          }
        }
      ]
    }
  ]
}