{
  "name": "EmptyFrameFittingOptions",
  "enumeration": true,
  "shortdesc": "Options for fitting content in an empty frame.",
  "elements": [
    {
      "type": "class",
      "property": [
        {
          "name": "NONE",
          "rwaccess": "readonly",
          "shortdesc": "Does not use a fitting option.",
          "datatype": {
            "type": "number",
            "value": 1852796517
          }
        },
        {
          "name": "CONTENT_TO_FRAME",
          "rwaccess": "readonly",
          "shortdesc": "Resizes content to fit the frame. Note: Content that has different proportions than the frame appears stretched or squeezed.",
          "datatype": {
            "type": "number",
            "value": 1668575078
          }
        },
        {
          "name": "PROPORTIONALLY",
          "rwaccess": "readonly",
          "shortdesc": "Resizes content to fit the frame while preserving content proportions. If the content and frame have different proportions, some empty space appears in the frame.",
          "datatype": {
            "type": "number",
            "value": 1668247152
          }
        },
        {
          "name": "FILL_PROPORTIONALLY",
          "rwaccess": "readonly",
          "shortdesc": "Resizes content to fill the frame while perserving the content&apos;s proportions. If the content and frame have different proportions, some of the content is obscured by the frame.",
          "datatype": {
            "type": "number",
            "value": 1718185072
          }
        }
      ]
    }
  ]
}