{
  "name": "EnablingGroups",
  "dynamic": true,
  "shortdesc": "A collection of enabling groups.",
  "elements": [
    {
      "type": "instance",
      "method": [
        {
          "name": "add",
          "shortdesc": "Creates a new EnablingGroup.",
          "parameters": {
            "parameter": [
              {
                "name": "withProperties",
                "shortdesc": "Initial values for properties of the new EnablingGroup &amp;&#35;40;Optional&#41;",
                "datatype": {
                  "type": "Object"
                }
              }
            ]
          },
          "datatype": {
            "type": "EnablingGroup"
          }
        },
        {
          "name": "count",
          "shortdesc": "Displays the number of elements in the EnablingGroup.",
          "datatype": {
            "type": "number"
          }
        },
        {
          "name": "item",
          "shortdesc": "Returns the EnablingGroup with the specified index or name.",
          "parameters": {
            "parameter": [
              {
                "name": "index",
                "shortdesc": "The index or name. Can accept: Long Integer or String.",
                "datatype": {
                  "type": "mixed"
                }
              }
            ]
          },
          "datatype": {
            "type": "EnablingGroup"
          }
        },
        {
          "name": "itemByID",
          "shortdesc": "Returns the EnablingGroup with the specified ID.",
          "parameters": {
            "parameter": [
              {
                "name": "id",
                "shortdesc": "The ID.",
                "datatype": {
                  "type": "number"
                }
              }
            ]
          },
          "datatype": {
            "type": "EnablingGroup"
          }
        },
        {
          "name": "itemByRange",
          "shortdesc": "Returns the EnablingGroups within the specified range.",
          "parameters": {
            "parameter": [
              {
                "name": "from",
                "shortdesc": "The EnablingGroup, index, or name at the beginning of the range. Can accept: EnablingGroup, Long Integer or String.",
                "datatype": {
                  "type": "mixed"
                }
              },
              {
                "name": "to",
                "shortdesc": "The EnablingGroup, index, or name at the end of the range. Can accept: EnablingGroup, Long Integer or String.",
                "datatype": {
                  "type": "mixed"
                }
              }
            ]
          },
          "datatype": {
            "type": "EnablingGroup",
            "array": {}
          }
        },
        {
          "name": "firstItem",
          "shortdesc": "Returns the first EnablingGroup in the collection.",
          "datatype": {
            "type": "EnablingGroup"
          }
        },
        {
          "name": "lastItem",
          "shortdesc": "Returns the last EnablingGroup in the collection.",
          "datatype": {
            "type": "EnablingGroup"
          }
        },
        {
          "name": "middleItem",
          "shortdesc": "Returns the middle EnablingGroup in the collection.",
          "datatype": {
            "type": "EnablingGroup"
          }
        },
        {
          "name": "previousItem",
          "shortdesc": "Returns the EnablingGroup with the index previous to the specified index.",
          "parameters": {
            "parameter": [
              {
                "name": "obj",
                "shortdesc": "The index of the EnablingGroup that follows the desired EnablingGroup.",
                "datatype": {
                  "type": "EnablingGroup"
                }
              }
            ]
          },
          "datatype": {
            "type": "EnablingGroup"
          }
        },
        {
          "name": "nextItem",
          "shortdesc": "Returns the EnablingGroup whose index follows the specified EnablingGroup in the collection.",
          "parameters": {
            "parameter": [
              {
                "name": "obj",
                "shortdesc": "The EnablingGroup whose index comes before the desired EnablingGroup.",
                "datatype": {
                  "type": "EnablingGroup"
                }
              }
            ]
          },
          "datatype": {
            "type": "EnablingGroup"
          }
        },
        {
          "name": "anyItem",
          "shortdesc": "Returns any EnablingGroup in the collection.",
          "datatype": {
            "type": "EnablingGroup"
          }
        },
        {
          "name": "everyItem",
          "shortdesc": "Returns every EnablingGroup in the collection.",
          "datatype": {
            "type": "EnablingGroup",
            "array": {}
          }
        },
        {
          "name": "toSource",
          "shortdesc": "Generates a string which, if executed, will return the EnablingGroup.",
          "datatype": {
            "type": "string"
          }
        },
        {
          "name": "[]",
          "shortdesc": "Returns the EnablingGroup with the specified index.",
          "parameters": {
            "parameter": [
              {
                "name": "index",
                "shortdesc": "The index.",
                "datatype": {
                  "type": "number"
                }
              }
            ]
          },
          "datatype": {
            "type": "EnablingGroup"
          }
        }
      ],
      "property": [
        {
          "name": "length",
          "rwaccess": "readonly",
          "shortdesc": "The number of objects in the collection.",
          "datatype": {
            "type": "number"
          }
        }
      ]
    }
  ]
}