{
  "name": "EnablingGroups",
  "dynamic": true,
  "shortdesc": "A collection of enabling groups.",
  "elements": [
    {
      "type": "instance",
      "method": [
        {
          "name": "add",
          "shortdesc": "Creates a new EnablingGroup.",
          "parameters": [
            {
              "name": "withProperties",
              "shortdesc": "Initial values for properties of the new EnablingGroup &#40;Optional)",
              "datatype": {
                "type": "Object"
              }
            }
          ],
          "datatype": {
            "type": "EnablingGroup"
          }
        },
        {
          "name": "count",
          "shortdesc": "Displays the number of elements in the EnablingGroup.",
          "datatype": {
            "type": "Number"
          }
        },
        {
          "name": "item",
          "shortdesc": "Returns the EnablingGroup with the specified index or name.",
          "parameters": [
            {
              "name": "index",
              "shortdesc": "The index or name. Can accept: Long Integer or String.",
              "datatype": {
                "type": "Mixed"
              }
            }
          ],
          "datatype": {
            "type": "EnablingGroup"
          }
        },
        {
          "name": "itemByID",
          "shortdesc": "Returns the EnablingGroup with the specified ID.",
          "parameters": [
            {
              "name": "id",
              "shortdesc": "The ID.",
              "datatype": {
                "type": "Number"
              }
            }
          ],
          "datatype": {
            "type": "EnablingGroup"
          }
        },
        {
          "name": "itemByRange",
          "shortdesc": "Returns the EnablingGroups within the specified range.",
          "parameters": [
            {
              "name": "from",
              "shortdesc": "The EnablingGroup, index, or name at the beginning of the range. Can accept: EnablingGroup, Long Integer or String.",
              "datatype": {
                "type": "Mixed"
              }
            },
            {
              "name": "to",
              "shortdesc": "The EnablingGroup, index, or name at the end of the range. Can accept: EnablingGroup, Long Integer or String.",
              "datatype": {
                "type": "Mixed"
              }
            }
          ],
          "datatype": {
            "type": "EnablingGroup",
            "array": true
          }
        },
        {
          "name": "firstItem",
          "shortdesc": "Returns the first EnablingGroup in the collection.",
          "datatype": {
            "type": "EnablingGroup"
          }
        },
        {
          "name": "lastItem",
          "shortdesc": "Returns the last EnablingGroup in the collection.",
          "datatype": {
            "type": "EnablingGroup"
          }
        },
        {
          "name": "middleItem",
          "shortdesc": "Returns the middle EnablingGroup in the collection.",
          "datatype": {
            "type": "EnablingGroup"
          }
        },
        {
          "name": "previousItem",
          "shortdesc": "Returns the EnablingGroup with the index previous to the specified index.",
          "parameters": [
            {
              "name": "obj",
              "shortdesc": "The index of the EnablingGroup that follows the desired EnablingGroup.",
              "datatype": {
                "type": "EnablingGroup"
              }
            }
          ],
          "datatype": {
            "type": "EnablingGroup"
          }
        },
        {
          "name": "nextItem",
          "shortdesc": "Returns the EnablingGroup whose index follows the specified EnablingGroup in the collection.",
          "parameters": [
            {
              "name": "obj",
              "shortdesc": "The EnablingGroup whose index comes before the desired EnablingGroup.",
              "datatype": {
                "type": "EnablingGroup"
              }
            }
          ],
          "datatype": {
            "type": "EnablingGroup"
          }
        },
        {
          "name": "anyItem",
          "shortdesc": "Returns any EnablingGroup in the collection.",
          "datatype": {
            "type": "EnablingGroup"
          }
        },
        {
          "name": "everyItem",
          "shortdesc": "Returns every EnablingGroup in the collection.",
          "datatype": {
            "type": "EnablingGroup",
            "array": true
          }
        },
        {
          "name": "toSource",
          "shortdesc": "Generates a string which, if executed, will return the EnablingGroup.",
          "datatype": {
            "type": "String"
          }
        },
        {
          "name": "[]",
          "shortdesc": "Returns the EnablingGroup with the specified index.",
          "parameters": [
            {
              "name": "index",
              "shortdesc": "The index.",
              "datatype": {
                "type": "Number"
              }
            }
          ],
          "datatype": {
            "type": "EnablingGroup"
          }
        }
      ],
      "property": [
        {
          "name": "length",
          "rwaccess": "readonly",
          "shortdesc": "The number of objects in the collection.",
          "datatype": {
            "type": "Number"
          }
        }
      ]
    }
  ]
}