{
  "name": "EndCap",
  "enumeration": true,
  "shortdesc": "End cap types.",
  "elements": [
    {
      "type": "class",
      "property": [
        {
          "name": "BUTT_END_CAP",
          "rwaccess": "readonly",
          "shortdesc": "A squared end that stops at the path's endpoint.",
          "datatype": {
            "type": "Number",
            "value": 1650680176
          }
        },
        {
          "name": "ROUND_END_CAP",
          "rwaccess": "readonly",
          "shortdesc": "A semicircular end that extends beyond the endpoint by half the stroke-width.",
          "datatype": {
            "type": "Number",
            "value": 1919115632
          }
        },
        {
          "name": "PROJECTING_END_CAP",
          "rwaccess": "readonly",
          "shortdesc": "A squared end that extends beyond the endpoint by half the stroke-width.",
          "datatype": {
            "type": "Number",
            "value": 1886020464
          }
        }
      ]
    }
  ]
}