{
  "name": "EndJoin",
  "enumeration": true,
  "shortdesc": "End join types.",
  "elements": [
    {
      "type": "class",
      "property": [
        {
          "name": "MITER_END_JOIN",
          "rwaccess": "readonly",
          "shortdesc": "Miter end join.",
          "datatype": {
            "type": "Number",
            "value": 1835691886
          }
        },
        {
          "name": "ROUND_END_JOIN",
          "rwaccess": "readonly",
          "shortdesc": "Rounded end join.",
          "datatype": {
            "type": "Number",
            "value": 1919577966
          }
        },
        {
          "name": "BEVEL_END_JOIN",
          "rwaccess": "readonly",
          "shortdesc": "Beveled end join.",
          "datatype": {
            "type": "Number",
            "value": 1651142510
          }
        }
      ]
    }
  ]
}