{
  "name": "Environment",
  "dynamic": false,
  "shortdesc": "Defines attributes of the ScriptUI environment.",
  "elements": [
    {
      "type": "instance",
      "property": [
        {
          "name": "keyboardState",
          "rwaccess": "readonly",
          "shortdesc": "An object that reports the active state of the keyboard at any time.",
          "description": "Provides access to the key state independent of the event-handling framework.",
          "datatype": {
            "type": "KeyboardState"
          }
        }
      ]
    }
  ]
}