{
  "name": "EPSColorSpace",
  "enumeration": true,
  "shortdesc": "Color space options for representing color in the exported EPS.",
  "elements": [
    {
      "type": "class",
      "property": [
        {
          "name": "RGB",
          "rwaccess": "readonly",
          "shortdesc": "Represents all color values using the RGB color space. Best suited for documents that will be viewed on-screen.",
          "datatype": {
            "type": "number",
            "value": 1666336578
          }
        },
        {
          "name": "CMYK",
          "rwaccess": "readonly",
          "shortdesc": "Creates a separable file by representing all color values using the gamut of CYMK process color inks.",
          "datatype": {
            "type": "number",
            "value": 1129142603
          }
        },
        {
          "name": "GRAY",
          "rwaccess": "readonly",
          "shortdesc": "Converts all color values to high-quality black-and-white images. Gray levels of the converted objects represent the luminosity of the original objects.",
          "datatype": {
            "type": "number",
            "value": 1766290041
          }
        },
        {
          "name": "UNCHANGED_COLOR_SPACE",
          "rwaccess": "readonly",
          "shortdesc": "Leaves each image in its original color space.",
          "datatype": {
            "type": "number",
            "value": 1970161251
          }
        },
        {
          "name": "POSTSCRIPT_COLOR_MANAGEMENT",
          "rwaccess": "readonly",
          "shortdesc": "Uses PostScript color management &amp;&#35;40;includes profiles&#41;.",
          "datatype": {
            "type": "number",
            "value": 1164208483
          }
        }
      ]
    }
  ]
}