{
  "name": "EPSExportPreference",
  "dynamic": true,
  "superclass": {
    "href": "#/Preference",
    "$t": "Preference"
  },
  "shortdesc": "EPS export preferences.",
  "elements": [
    {
      "type": "instance",
      "property": [
        {
          "name": "isValid",
          "rwaccess": "readonly",
          "shortdesc": "Returns true if the object specifier resolves to valid objects.",
          "datatype": {
            "type": "Boolean"
          }
        },
        {
          "name": "parent",
          "rwaccess": "readonly",
          "shortdesc": "The parent of the EPSExportPreference &#40;a Application).",
          "datatype": {
            "type": "Application"
          }
        },
        {
          "name": "events",
          "rwaccess": "readonly",
          "shortdesc": "A collection of events.",
          "datatype": {
            "type": "Events"
          }
        },
        {
          "name": "eventListeners",
          "rwaccess": "readonly",
          "shortdesc": "A collection of event listeners.",
          "datatype": {
            "type": "EventListeners"
          }
        },
        {
          "name": "bleedBottom",
          "shortdesc": "The height of the bleed area at the bottom of the page. Note: Valid only when use document bleed to print is true.",
          "datatype": {
            "type": "Measurement Unit &amp;&#35;40;Number or String&#41;=any",
            "min": 0,
            "max": 432
          }
        },
        {
          "name": "bleedInside",
          "shortdesc": "The width of the bleed area at the inside of the page. Note: Valid only when use document bleed to print is true.",
          "datatype": {
            "type": "Measurement Unit &amp;&#35;40;Number or String&#41;=any",
            "min": 0,
            "max": 432
          }
        },
        {
          "name": "bleedOutside",
          "shortdesc": "The width of the bleed area at the outside of the page. Note: Valid only when use document bleed to print is true.",
          "datatype": {
            "type": "Measurement Unit &amp;&#35;40;Number or String&#41;=any",
            "min": 0,
            "max": 432
          }
        },
        {
          "name": "bleedTop",
          "shortdesc": "The height of the bleed area at the top of the page. Note: Valid only when use document bleed to print is true.",
          "datatype": {
            "type": "Measurement Unit &amp;&#35;40;Number or String&#41;=any",
            "min": 0,
            "max": 432
          }
        },
        {
          "name": "epsColor",
          "shortdesc": "The color space for representing color in the exported EPS.",
          "datatype": {
            "type": "EPSColorSpace"
          }
        },
        {
          "name": "dataFormat",
          "shortdesc": "The format in which to send image data to the printer.",
          "datatype": {
            "type": "DataFormat"
          }
        },
        {
          "name": "appliedFlattenerPreset",
          "shortdesc": "The transparency flattener preset to use.",
          "datatype": {
            "type": "FlattenerPreset"
          }
        },
        {
          "name": "fontEmbedding",
          "shortdesc": "Controls how fonts are embedded in the exported EPS.",
          "datatype": {
            "type": "FontEmbedding"
          }
        },
        {
          "name": "ignoreSpreadOverrides",
          "shortdesc": "If true, ignores flattener spread overrides.",
          "datatype": {
            "type": "Boolean"
          }
        },
        {
          "name": "omitBitmaps",
          "shortdesc": "If true, replaces bitmap images with OPI links.",
          "datatype": {
            "type": "Boolean"
          }
        },
        {
          "name": "omitEPS",
          "shortdesc": "If true, replaces EPS images with OPI links.",
          "datatype": {
            "type": "Boolean"
          }
        },
        {
          "name": "omitPDF",
          "shortdesc": "If true, replaces PDF images with OPI links.",
          "datatype": {
            "type": "Boolean"
          }
        },
        {
          "name": "opiImageReplacement",
          "shortdesc": "If true, prints graphics that are either OPI comments stored in imported EPS files or linked using OPI comments. For information on linking files using OPI comments, see omit EPS, omit PDF, or omit bitmaps.",
          "datatype": {
            "type": "Boolean"
          }
        },
        {
          "name": "pageRange",
          "shortdesc": "The pages to print, specified either as an enumeration or a string. To specify a range, separate page numbers in the string with a hyphen &#40;-). To specify separate pages, separate page numbers in the string with a comma (,). Can return: PageRange enumerator or String.",
          "datatype": {
            "type": "Mixed"
          }
        },
        {
          "name": "preview",
          "shortdesc": "The file format of the preview image saved with the exported EPS file.",
          "datatype": {
            "type": "PreviewTypes"
          }
        },
        {
          "name": "postscriptLevel",
          "shortdesc": "The PostScript level of the printer.",
          "datatype": {
            "type": "PostScriptLevels"
          }
        },
        {
          "name": "epsSpreads",
          "shortdesc": "If true, exports facing pages as a single page that has the width of the spread. If false, exports spread pages as separate pages.",
          "datatype": {
            "type": "Boolean"
          }
        },
        {
          "name": "imageData",
          "shortdesc": "The image data to export to the EPS document.",
          "datatype": {
            "type": "EPSImageData"
          }
        },
        {
          "name": "properties",
          "shortdesc": "A property that allows setting of several properties at the same time.",
          "datatype": {
            "type": "Object"
          }
        }
      ],
      "method": [
        {
          "name": "toSource",
          "shortdesc": "Generates a string which, if executed, will return the EPSExportPreference.",
          "datatype": {
            "type": "String"
          }
        },
        {
          "name": "getElements",
          "shortdesc": "Resolves the object specifier, creating an array of object references.",
          "datatype": {
            "type": "EPSExportPreference",
            "array": true
          }
        },
        {
          "name": "toSpecifier",
          "shortdesc": "Retrieves the object specifier.",
          "datatype": {
            "type": "String"
          }
        },
        {
          "name": "addEventListener",
          "shortdesc": "Adds an event listener.",
          "parameters": [
            {
              "name": "eventType",
              "shortdesc": "The event type.",
              "datatype": {
                "type": "String"
              }
            },
            {
              "name": "handler",
              "shortdesc": "The event handler. Can accept: File or JavaScript Function.",
              "datatype": {
                "type": "Mixed"
              }
            },
            {
              "name": "captures",
              "optional": true,
              "shortdesc": "This parameter is obsolete. &#40;Optional)",
              "datatype": {
                "type": "Boolean",
                "value": false
              }
            }
          ],
          "datatype": {
            "type": "EventListener"
          }
        },
        {
          "name": "removeEventListener",
          "shortdesc": "Removes the event listener.",
          "parameters": [
            {
              "name": "eventType",
              "shortdesc": "The registered event type.",
              "datatype": {
                "type": "String"
              }
            },
            {
              "name": "handler",
              "shortdesc": "The registered event handler. Can accept: File or JavaScript Function.",
              "datatype": {
                "type": "Mixed"
              }
            },
            {
              "name": "captures",
              "optional": true,
              "shortdesc": "This parameter is obsolete. &#40;Optional)",
              "datatype": {
                "type": "Boolean",
                "value": false
              }
            }
          ],
          "datatype": {
            "type": "Boolean"
          }
        }
      ]
    }
  ]
}