{
  "name": "EPSs",
  "dynamic": true,
  "shortdesc": "A collection of EPS files.",
  "elements": [
    {
      "type": "instance",
      "method": [
        {
          "name": "count",
          "shortdesc": "Displays the number of elements in the EPS.",
          "datatype": {
            "type": "number"
          }
        },
        {
          "name": "item",
          "shortdesc": "Returns the EPS with the specified index or name.",
          "parameters": {
            "parameter": [
              {
                "name": "index",
                "shortdesc": "The index or name. Can accept: Long Integer or String.",
                "datatype": {
                  "type": "mixed"
                }
              }
            ]
          },
          "datatype": {
            "type": "EPS"
          }
        },
        {
          "name": "itemByName",
          "shortdesc": "Returns the EPS with the specified name.",
          "parameters": {
            "parameter": [
              {
                "name": "name",
                "shortdesc": "The name.",
                "datatype": {
                  "type": "string"
                }
              }
            ]
          },
          "datatype": {
            "type": "EPS"
          }
        },
        {
          "name": "itemByID",
          "shortdesc": "Returns the EPS with the specified ID.",
          "parameters": {
            "parameter": [
              {
                "name": "id",
                "shortdesc": "The ID.",
                "datatype": {
                  "type": "number"
                }
              }
            ]
          },
          "datatype": {
            "type": "EPS"
          }
        },
        {
          "name": "itemByRange",
          "shortdesc": "Returns the EPSs within the specified range.",
          "parameters": {
            "parameter": [
              {
                "name": "from",
                "shortdesc": "The EPS, index, or name at the beginning of the range. Can accept: EPS, Long Integer or String.",
                "datatype": {
                  "type": "mixed"
                }
              },
              {
                "name": "to",
                "shortdesc": "The EPS, index, or name at the end of the range. Can accept: EPS, Long Integer or String.",
                "datatype": {
                  "type": "mixed"
                }
              }
            ]
          },
          "datatype": {
            "type": "EPS",
            "array": {}
          }
        },
        {
          "name": "firstItem",
          "shortdesc": "Returns the first EPS in the collection.",
          "datatype": {
            "type": "EPS"
          }
        },
        {
          "name": "lastItem",
          "shortdesc": "Returns the last EPS in the collection.",
          "datatype": {
            "type": "EPS"
          }
        },
        {
          "name": "middleItem",
          "shortdesc": "Returns the middle EPS in the collection.",
          "datatype": {
            "type": "EPS"
          }
        },
        {
          "name": "previousItem",
          "shortdesc": "Returns the EPS with the index previous to the specified index.",
          "parameters": {
            "parameter": [
              {
                "name": "obj",
                "shortdesc": "The index of the EPS that follows the desired EPS.",
                "datatype": {
                  "type": "EPS"
                }
              }
            ]
          },
          "datatype": {
            "type": "EPS"
          }
        },
        {
          "name": "nextItem",
          "shortdesc": "Returns the EPS whose index follows the specified EPS in the collection.",
          "parameters": {
            "parameter": [
              {
                "name": "obj",
                "shortdesc": "The EPS whose index comes before the desired EPS.",
                "datatype": {
                  "type": "EPS"
                }
              }
            ]
          },
          "datatype": {
            "type": "EPS"
          }
        },
        {
          "name": "anyItem",
          "shortdesc": "Returns any EPS in the collection.",
          "datatype": {
            "type": "EPS"
          }
        },
        {
          "name": "everyItem",
          "shortdesc": "Returns every EPS in the collection.",
          "datatype": {
            "type": "EPS",
            "array": {}
          }
        },
        {
          "name": "toSource",
          "shortdesc": "Generates a string which, if executed, will return the EPS.",
          "datatype": {
            "type": "string"
          }
        },
        {
          "name": "[]",
          "shortdesc": "Returns the EPS with the specified index.",
          "parameters": {
            "parameter": [
              {
                "name": "index",
                "shortdesc": "The index.",
                "datatype": {
                  "type": "number"
                }
              }
            ]
          },
          "datatype": {
            "type": "EPS"
          }
        }
      ],
      "property": [
        {
          "name": "length",
          "rwaccess": "readonly",
          "shortdesc": "The number of objects in the collection.",
          "datatype": {
            "type": "number"
          }
        }
      ]
    }
  ]
}