{
  "name": "EPSTexts",
  "dynamic": true,
  "shortdesc": "EPSTexts",
  "elements": [
    {
      "type": "instance",
      "method": [
        {
          "name": "count",
          "shortdesc": "Displays the number of elements in the EPSText.",
          "datatype": {
            "type": "Number"
          }
        },
        {
          "name": "item",
          "shortdesc": "Returns the EPSText with the specified index or name.",
          "parameters": [
            {
              "name": "index",
              "shortdesc": "The index or name. Can accept: Long Integer or String.",
              "datatype": {
                "type": "Mixed"
              }
            }
          ],
          "datatype": {
            "type": "EPSText"
          }
        },
        {
          "name": "itemByName",
          "shortdesc": "Returns the EPSText with the specified name.",
          "parameters": [
            {
              "name": "name",
              "shortdesc": "The name.",
              "datatype": {
                "type": "String"
              }
            }
          ],
          "datatype": {
            "type": "EPSText"
          }
        },
        {
          "name": "itemByID",
          "shortdesc": "Returns the EPSText with the specified ID.",
          "parameters": [
            {
              "name": "id",
              "shortdesc": "The ID.",
              "datatype": {
                "type": "Number"
              }
            }
          ],
          "datatype": {
            "type": "EPSText"
          }
        },
        {
          "name": "itemByRange",
          "shortdesc": "Returns the EPSTexts within the specified range.",
          "parameters": [
            {
              "name": "from",
              "shortdesc": "The EPSText, index, or name at the beginning of the range. Can accept: EPSText, Long Integer or String.",
              "datatype": {
                "type": "Mixed"
              }
            },
            {
              "name": "to",
              "shortdesc": "The EPSText, index, or name at the end of the range. Can accept: EPSText, Long Integer or String.",
              "datatype": {
                "type": "Mixed"
              }
            }
          ],
          "datatype": {
            "type": "EPSText",
            "array": true
          }
        },
        {
          "name": "firstItem",
          "shortdesc": "Returns the first EPSText in the collection.",
          "datatype": {
            "type": "EPSText"
          }
        },
        {
          "name": "lastItem",
          "shortdesc": "Returns the last EPSText in the collection.",
          "datatype": {
            "type": "EPSText"
          }
        },
        {
          "name": "middleItem",
          "shortdesc": "Returns the middle EPSText in the collection.",
          "datatype": {
            "type": "EPSText"
          }
        },
        {
          "name": "previousItem",
          "shortdesc": "Returns the EPSText with the index previous to the specified index.",
          "parameters": [
            {
              "name": "obj",
              "shortdesc": "The index of the EPSText that follows the desired EPSText.",
              "datatype": {
                "type": "EPSText"
              }
            }
          ],
          "datatype": {
            "type": "EPSText"
          }
        },
        {
          "name": "nextItem",
          "shortdesc": "Returns the EPSText whose index follows the specified EPSText in the collection.",
          "parameters": [
            {
              "name": "obj",
              "shortdesc": "The EPSText whose index comes before the desired EPSText.",
              "datatype": {
                "type": "EPSText"
              }
            }
          ],
          "datatype": {
            "type": "EPSText"
          }
        },
        {
          "name": "anyItem",
          "shortdesc": "Returns any EPSText in the collection.",
          "datatype": {
            "type": "EPSText"
          }
        },
        {
          "name": "everyItem",
          "shortdesc": "Returns every EPSText in the collection.",
          "datatype": {
            "type": "EPSText",
            "array": true
          }
        },
        {
          "name": "toSource",
          "shortdesc": "Generates a string which, if executed, will return the EPSText.",
          "datatype": {
            "type": "String"
          }
        },
        {
          "name": "[]",
          "shortdesc": "Returns the EPSText with the specified index.",
          "parameters": [
            {
              "name": "index",
              "shortdesc": "The index.",
              "datatype": {
                "type": "Number"
              }
            }
          ],
          "datatype": {
            "type": "EPSText"
          }
        }
      ],
      "property": [
        {
          "name": "length",
          "rwaccess": "readonly",
          "shortdesc": "The number of objects in the collection.",
          "datatype": {
            "type": "Number"
          }
        }
      ]
    }
  ]
}