{
  "name": "EpubCover",
  "enumeration": true,
  "shortdesc": "EPub export option for cover image.",
  "elements": [
    {
      "type": "class",
      "property": [
        {
          "name": "NONE",
          "rwaccess": "readonly",
          "shortdesc": "no cover image.",
          "datatype": {
            "type": "Number",
            "value": 1852796517
          }
        },
        {
          "name": "FIRST_PAGE",
          "rwaccess": "readonly",
          "shortdesc": "Rasterize first page as cover image.",
          "datatype": {
            "type": "Number",
            "value": 1700947536
          }
        },
        {
          "name": "EXTERNAL_IMAGE",
          "rwaccess": "readonly",
          "shortdesc": "Use external image as cover image.",
          "datatype": {
            "type": "Number",
            "value": 1700952169
          }
        }
      ]
    }
  ]
}