{
  "name": "Error",
  "dynamic": true,
  "shortdesc": "Wraps a runtime error.",
  "elements": [
    {
      "type": "constructor",
      "method": [
        {
          "name": "Error",
          "shortdesc": "Creates a new Error object.",
          "parameters": [
            {
              "name": "msg",
              "shortdesc": "The error message.",
              "datatype": {
                "type": "String"
              }
            },
            {
              "name": "file",
              "optional": true,
              "shortdesc": "The name of the file.",
              "datatype": {
                "type": "String"
              }
            },
            {
              "name": "line",
              "optional": true,
              "shortdesc": "The line number.",
              "datatype": {
                "type": "Number"
              }
            }
          ],
          "datatype": {
            "type": "Error"
          }
        }
      ]
    },
    {
      "type": "instance",
      "property": [
        {
          "name": "description",
          "shortdesc": "The error message.",
          "datatype": {
            "type": "String"
          }
        }
      ],
      "method": [
        {
          "name": "toString",
          "shortdesc": "Convert this object to a string.",
          "datatype": {
            "type": "String"
          }
        },
        {
          "name": "toSource",
          "datatype": {
            "type": "String"
          }
        }
      ]
    }
  ]
}