{
  "name": "Event",
  "dynamic": true,
  "shortdesc": {
    "a": {
      "href": "#/UIEvent",
      "$t": "UIEvent"
    }
  },
  "description": "Encapsulates input event information for an event that propagates through a container and control hierarchy.  Implements W3C standard event handling.",
  "elements": [
    {
      "type": "class",
      "property": [
        {
          "name": "NOT_DISPATCHING",
          "rwaccess": "readonly",
          "datatype": {
            "type": "any"
          }
        },
        {
          "name": "CAPTURING_PHASE",
          "rwaccess": "readonly",
          "datatype": {
            "type": "any"
          }
        },
        {
          "name": "AT_TARGET",
          "rwaccess": "readonly",
          "datatype": {
            "type": "any"
          }
        },
        {
          "name": "BUBBLING_PHASE",
          "rwaccess": "readonly",
          "datatype": {
            "type": "any"
          }
        }
      ]
    },
    {
      "type": "instance",
      "property": [
        {
          "name": "captures",
          "rwaccess": "readonly",
          "shortdesc": "True if this event can be captured.",
          "datatype": {
            "type": "Boolean"
          }
        },
        {
          "name": "bubbles",
          "rwaccess": "readonly",
          "shortdesc": "True if the event is of a type that bubbles.",
          "datatype": {
            "type": "Boolean"
          }
        },
        {
          "name": "cancelable",
          "rwaccess": "readonly",
          "shortdesc": "True if the default action associated with the event can be canceled with preventDefault&#40;).",
          "datatype": {
            "type": "Boolean"
          }
        },
        {
          "name": "currentTarget",
          "rwaccess": "readonly",
          "shortdesc": "The event target object which is currently handling the event. During capturing and bubbling, this is different from the property target.",
          "datatype": {
            "type": "Boolean"
          }
        },
        {
          "name": "eventPhase",
          "rwaccess": "readonly",
          "shortdesc": "The current phase of event propagation; one of none, target, capture, bubble.",
          "datatype": {
            "type": "String"
          }
        },
        {
          "name": "target",
          "rwaccess": "readonly",
          "shortdesc": "The event target object for this event.",
          "datatype": {
            "type": "Object"
          }
        },
        {
          "name": "timeStamp",
          "rwaccess": "readonly",
          "shortdesc": "The date and time at which the event occurred.",
          "datatype": {
            "type": "Date"
          }
        },
        {
          "name": "type",
          "rwaccess": "readonly",
          "shortdesc": "The name of the event that this object represents.",
          "datatype": {
            "type": "String"
          }
        }
      ],
      "method": [
        {
          "name": "preventDefault",
          "shortdesc": "Prevents the default action associated with this event from being called."
        },
        {
          "name": "stopPropagation",
          "shortdesc": "Stops the propagation of this event."
        }
      ]
    }
  ]
}