{
  "name": "EventListeners",
  "dynamic": true,
  "shortdesc": "A collection of event listeners.",
  "elements": [
    {
      "type": "instance",
      "method": [
        {
          "name": "add",
          "shortdesc": "Adds an event listener.",
          "parameters": {
            "parameter": [
              {
                "name": "eventType",
                "shortdesc": "The event type.",
                "datatype": {
                  "type": "string"
                }
              },
              {
                "name": "handler",
                "shortdesc": "The event handler. Can accept: File or JavaScript Function.",
                "datatype": {
                  "type": "mixed"
                }
              },
              {
                "name": "captures",
                "optional": true,
                "shortdesc": "This parameter is obsolete. &amp;&#35;40;Optional&#41;",
                "datatype": {
                  "type": "bool",
                  "value": false
                }
              },
              {
                "name": "withProperties",
                "shortdesc": "Initial values for properties of the new EventListener &amp;&#35;40;Optional&#41;",
                "datatype": {
                  "type": "Object"
                }
              }
            ]
          },
          "datatype": {
            "type": "EventListener"
          }
        },
        {
          "name": "count",
          "shortdesc": "Displays the number of elements in the EventListener.",
          "datatype": {
            "type": "number"
          }
        },
        {
          "name": "item",
          "shortdesc": "Returns the EventListener with the specified index or name.",
          "parameters": {
            "parameter": [
              {
                "name": "index",
                "shortdesc": "The index or name. Can accept: Long Integer or String.",
                "datatype": {
                  "type": "mixed"
                }
              }
            ]
          },
          "datatype": {
            "type": "EventListener"
          }
        },
        {
          "name": "itemByName",
          "shortdesc": "Returns the EventListener with the specified name.",
          "parameters": {
            "parameter": [
              {
                "name": "name",
                "shortdesc": "The name.",
                "datatype": {
                  "type": "string"
                }
              }
            ]
          },
          "datatype": {
            "type": "EventListener"
          }
        },
        {
          "name": "itemByID",
          "shortdesc": "Returns the EventListener with the specified ID.",
          "parameters": {
            "parameter": [
              {
                "name": "id",
                "shortdesc": "The ID.",
                "datatype": {
                  "type": "number"
                }
              }
            ]
          },
          "datatype": {
            "type": "EventListener"
          }
        },
        {
          "name": "itemByRange",
          "shortdesc": "Returns the EventListeners within the specified range.",
          "parameters": {
            "parameter": [
              {
                "name": "from",
                "shortdesc": "The EventListener, index, or name at the beginning of the range. Can accept: EventListener, Long Integer or String.",
                "datatype": {
                  "type": "mixed"
                }
              },
              {
                "name": "to",
                "shortdesc": "The EventListener, index, or name at the end of the range. Can accept: EventListener, Long Integer or String.",
                "datatype": {
                  "type": "mixed"
                }
              }
            ]
          },
          "datatype": {
            "type": "EventListener",
            "array": {}
          }
        },
        {
          "name": "firstItem",
          "shortdesc": "Returns the first EventListener in the collection.",
          "datatype": {
            "type": "EventListener"
          }
        },
        {
          "name": "lastItem",
          "shortdesc": "Returns the last EventListener in the collection.",
          "datatype": {
            "type": "EventListener"
          }
        },
        {
          "name": "middleItem",
          "shortdesc": "Returns the middle EventListener in the collection.",
          "datatype": {
            "type": "EventListener"
          }
        },
        {
          "name": "previousItem",
          "shortdesc": "Returns the EventListener with the index previous to the specified index.",
          "parameters": {
            "parameter": [
              {
                "name": "obj",
                "shortdesc": "The index of the EventListener that follows the desired EventListener.",
                "datatype": {
                  "type": "EventListener"
                }
              }
            ]
          },
          "datatype": {
            "type": "EventListener"
          }
        },
        {
          "name": "nextItem",
          "shortdesc": "Returns the EventListener whose index follows the specified EventListener in the collection.",
          "parameters": {
            "parameter": [
              {
                "name": "obj",
                "shortdesc": "The EventListener whose index comes before the desired EventListener.",
                "datatype": {
                  "type": "EventListener"
                }
              }
            ]
          },
          "datatype": {
            "type": "EventListener"
          }
        },
        {
          "name": "anyItem",
          "shortdesc": "Returns any EventListener in the collection.",
          "datatype": {
            "type": "EventListener"
          }
        },
        {
          "name": "everyItem",
          "shortdesc": "Returns every EventListener in the collection.",
          "datatype": {
            "type": "EventListener",
            "array": {}
          }
        },
        {
          "name": "toSource",
          "shortdesc": "Generates a string which, if executed, will return the EventListener.",
          "datatype": {
            "type": "string"
          }
        },
        {
          "name": "[]",
          "shortdesc": "Returns the EventListener with the specified index.",
          "parameters": {
            "parameter": [
              {
                "name": "index",
                "shortdesc": "The index.",
                "datatype": {
                  "type": "number"
                }
              }
            ]
          },
          "datatype": {
            "type": "EventListener"
          }
        }
      ],
      "property": [
        {
          "name": "length",
          "rwaccess": "readonly",
          "shortdesc": "The number of objects in the collection.",
          "datatype": {
            "type": "number"
          }
        }
      ]
    }
  ]
}