{
  "name": "Events",
  "dynamic": false,
  "shortdesc": "Provides access to objects used in the ScriptUI event system.",
  "description": {
    "a": {
      "href": "#/ScriptUI/class/events",
      "$t": "ScriptUI.events"
    }
  },
  "elements": [
    {
      "type": "instance",
      "method": [
        {
          "name": "createEvent",
          "shortdesc": {
            "a": {
              "href": "#/Event",
              "$t": "Event"
            }
          },
          "description": {
            "a": [
              {
                "href": "#/Event",
                "$t": "Event"
              },
              {
                "href": "#/UIEvent",
                "$t": "UIEvent"
              },
              {
                "href": "#/KeyboardEvent",
                "$t": "KeyboardEvent"
              },
              {
                "href": "#/MouseEvent",
                "$t": "MouseEvent"
              }
            ]
          },
          "parameters": {
            "parameter": [
              {
                "name": "eventType",
                "shortdesc": "The name of an event type: one of &quot;UIEvent\", \"KeyboardEvent\", or \"MouseEvent\".",
                "datatype": {
                  "type": "String"
                }
              }
            ]
          },
          "datatype": {
            "type": {
              "href": "#/Event",
              "$t": "Event"
            }
          }
        }
      ]
    }
  ]
}