{
  "name": "EventListeners",
  "dynamic": true,
  "shortdesc": "A collection of event listeners.",
  "elements": [
    {
      "type": "instance",
      "method": [
        {
          "name": "add",
          "shortdesc": "Adds an event listener.",
          "parameters": [
            {
              "name": "eventType",
              "shortdesc": "The event type.",
              "datatype": {
                "type": "String"
              }
            },
            {
              "name": "handler",
              "shortdesc": "The event handler. Can accept: File or JavaScript Function.",
              "datatype": {
                "type": "Mixed"
              }
            },
            {
              "name": "captures",
              "optional": true,
              "shortdesc": "This parameter is obsolete. &#40;Optional)",
              "datatype": {
                "type": "Boolean",
                "value": false
              }
            },
            {
              "name": "withProperties",
              "shortdesc": "Initial values for properties of the new EventListener &#40;Optional)",
              "datatype": {
                "type": "Object"
              }
            }
          ],
          "datatype": {
            "type": "EventListener"
          }
        },
        {
          "name": "count",
          "shortdesc": "Displays the number of elements in the EventListener.",
          "datatype": {
            "type": "Number"
          }
        },
        {
          "name": "item",
          "shortdesc": "Returns the EventListener with the specified index or name.",
          "parameters": [
            {
              "name": "index",
              "shortdesc": "The index or name. Can accept: Long Integer or String.",
              "datatype": {
                "type": "Mixed"
              }
            }
          ],
          "datatype": {
            "type": "EventListener"
          }
        },
        {
          "name": "itemByName",
          "shortdesc": "Returns the EventListener with the specified name.",
          "parameters": [
            {
              "name": "name",
              "shortdesc": "The name.",
              "datatype": {
                "type": "String"
              }
            }
          ],
          "datatype": {
            "type": "EventListener"
          }
        },
        {
          "name": "itemByID",
          "shortdesc": "Returns the EventListener with the specified ID.",
          "parameters": [
            {
              "name": "id",
              "shortdesc": "The ID.",
              "datatype": {
                "type": "Number"
              }
            }
          ],
          "datatype": {
            "type": "EventListener"
          }
        },
        {
          "name": "itemByRange",
          "shortdesc": "Returns the EventListeners within the specified range.",
          "parameters": [
            {
              "name": "from",
              "shortdesc": "The EventListener, index, or name at the beginning of the range. Can accept: EventListener, Long Integer or String.",
              "datatype": {
                "type": "Mixed"
              }
            },
            {
              "name": "to",
              "shortdesc": "The EventListener, index, or name at the end of the range. Can accept: EventListener, Long Integer or String.",
              "datatype": {
                "type": "Mixed"
              }
            }
          ],
          "datatype": {
            "type": "EventListener",
            "array": true
          }
        },
        {
          "name": "firstItem",
          "shortdesc": "Returns the first EventListener in the collection.",
          "datatype": {
            "type": "EventListener"
          }
        },
        {
          "name": "lastItem",
          "shortdesc": "Returns the last EventListener in the collection.",
          "datatype": {
            "type": "EventListener"
          }
        },
        {
          "name": "middleItem",
          "shortdesc": "Returns the middle EventListener in the collection.",
          "datatype": {
            "type": "EventListener"
          }
        },
        {
          "name": "previousItem",
          "shortdesc": "Returns the EventListener with the index previous to the specified index.",
          "parameters": [
            {
              "name": "obj",
              "shortdesc": "The index of the EventListener that follows the desired EventListener.",
              "datatype": {
                "type": "EventListener"
              }
            }
          ],
          "datatype": {
            "type": "EventListener"
          }
        },
        {
          "name": "nextItem",
          "shortdesc": "Returns the EventListener whose index follows the specified EventListener in the collection.",
          "parameters": [
            {
              "name": "obj",
              "shortdesc": "The EventListener whose index comes before the desired EventListener.",
              "datatype": {
                "type": "EventListener"
              }
            }
          ],
          "datatype": {
            "type": "EventListener"
          }
        },
        {
          "name": "anyItem",
          "shortdesc": "Returns any EventListener in the collection.",
          "datatype": {
            "type": "EventListener"
          }
        },
        {
          "name": "everyItem",
          "shortdesc": "Returns every EventListener in the collection.",
          "datatype": {
            "type": "EventListener",
            "array": true
          }
        },
        {
          "name": "toSource",
          "shortdesc": "Generates a string which, if executed, will return the EventListener.",
          "datatype": {
            "type": "String"
          }
        },
        {
          "name": "[]",
          "shortdesc": "Returns the EventListener with the specified index.",
          "parameters": [
            {
              "name": "index",
              "shortdesc": "The index.",
              "datatype": {
                "type": "Number"
              }
            }
          ],
          "datatype": {
            "type": "EventListener"
          }
        }
      ],
      "property": [
        {
          "name": "length",
          "rwaccess": "readonly",
          "shortdesc": "The number of objects in the collection.",
          "datatype": {
            "type": "Number"
          }
        }
      ]
    }
  ]
}