{
  "name": "Events",
  "dynamic": false,
  "shortdesc": "Provides access to objects used in the ScriptUI event system.",
  "elements": [
    {
      "type": "instance",
      "method": [
        {
          "name": "createEvent",
          "parameters": [
            {
              "name": "eventType",
              "shortdesc": "The name of an event type: one of \"UIEvent\", \"KeyboardEvent\", or \"MouseEvent\".",
              "datatype": {
                "type": "String"
              }
            }
          ],
          "datatype": {
            "type": "Event"
          }
        }
      ]
    }
  ]
}