{
  "name": "EventPhases",
  "enumeration": true,
  "shortdesc": "Phase options for event propagation.",
  "elements": [
    {
      "type": "class",
      "property": [
        {
          "name": "NOT_DISPATCHING",
          "rwaccess": "readonly",
          "shortdesc": "Not yet propagating.",
          "datatype": {
            "type": "Number",
            "value": 1701727812
          }
        },
        {
          "name": "AT_TARGET",
          "rwaccess": "readonly",
          "shortdesc": "The at-target phase of propagation.",
          "datatype": {
            "type": "Number",
            "value": 1701724500
          }
        },
        {
          "name": "BUBBLING_PHASE",
          "rwaccess": "readonly",
          "shortdesc": "The bubbling phase of propagation.",
          "datatype": {
            "type": "Number",
            "value": 1701724789
          }
        },
        {
          "name": "DONE",
          "rwaccess": "readonly",
          "shortdesc": "The propagation is complete.",
          "datatype": {
            "type": "Number",
            "value": 1701725252
          }
        }
      ]
    }
  ]
}