{
  "name": "ExcelImportPreference",
  "dynamic": true,
  "superclass": {
    "href": "#/Preference",
    "$t": "Preference"
  },
  "shortdesc": "Excel import preferences.",
  "elements": [
    {
      "type": "instance",
      "property": [
        {
          "name": "isValid",
          "rwaccess": "readonly",
          "shortdesc": "Returns true if the object specifier resolves to valid objects.",
          "datatype": {
            "type": "Boolean"
          }
        },
        {
          "name": "parent",
          "rwaccess": "readonly",
          "shortdesc": "The parent of the ExcelImportPreference &#40;a Application).",
          "datatype": {
            "type": "Application"
          }
        },
        {
          "name": "events",
          "rwaccess": "readonly",
          "shortdesc": "A collection of events.",
          "datatype": {
            "type": "Events"
          }
        },
        {
          "name": "eventListeners",
          "rwaccess": "readonly",
          "shortdesc": "A collection of event listeners.",
          "datatype": {
            "type": "EventListeners"
          }
        },
        {
          "name": "useTypographersQuotes",
          "shortdesc": "If true, convert straight quotes and apostrophes in the imported text to typographic quotation marks and apostrophes.",
          "datatype": {
            "type": "Boolean"
          }
        },
        {
          "name": "preserveGraphics",
          "shortdesc": "If true, preserves inline graphics.",
          "datatype": {
            "type": "Boolean"
          }
        },
        {
          "name": "viewName",
          "shortdesc": "The stored custom or personal view&#40;s) to import with the file.",
          "datatype": {
            "type": "String"
          }
        },
        {
          "name": "sheetName",
          "shortdesc": "The worksheet to import.",
          "datatype": {
            "type": "String"
          }
        },
        {
          "name": "sheetIndex",
          "shortdesc": "The worksheet's index. For information, see sheet name.",
          "datatype": {
            "type": "Number"
          }
        },
        {
          "name": "rangeName",
          "shortdesc": "The range of cells to import. Note: Use a colon &#40;:) to separate the start and end cell names in the range.",
          "datatype": {
            "type": "String"
          }
        },
        {
          "name": "alignmentStyle",
          "shortdesc": "The cell alignment for the imported document.",
          "datatype": {
            "type": "AlignmentStyleOptions"
          }
        },
        {
          "name": "decimalPlaces",
          "shortdesc": "The number of decimal places to include. Note: Valid only when alignment style is decimal.",
          "datatype": {
            "type": "Number"
          }
        },
        {
          "name": "showHiddenCells",
          "shortdesc": "If true, shows hidden cells.",
          "datatype": {
            "type": "Boolean"
          }
        },
        {
          "name": "errorCode",
          "shortdesc": "The import error code. &#40;Key: 0=Success; 1=Empty Sheet; 2=Invalid sheet; 3=Invalid range; 4=Invalid View; 5=Misc. Error)",
          "datatype": {
            "type": "Number"
          }
        },
        {
          "name": "tableFormatting",
          "shortdesc": "The format for imported spreadsheets.",
          "datatype": {
            "type": "TableFormattingOptions"
          }
        },
        {
          "name": "properties",
          "shortdesc": "A property that allows setting of several properties at the same time.",
          "datatype": {
            "type": "Object"
          }
        }
      ],
      "method": [
        {
          "name": "toSource",
          "shortdesc": "Generates a string which, if executed, will return the ExcelImportPreference.",
          "datatype": {
            "type": "String"
          }
        },
        {
          "name": "getElements",
          "shortdesc": "Resolves the object specifier, creating an array of object references.",
          "datatype": {
            "type": "ExcelImportPreference",
            "array": true
          }
        },
        {
          "name": "toSpecifier",
          "shortdesc": "Retrieves the object specifier.",
          "datatype": {
            "type": "String"
          }
        },
        {
          "name": "addEventListener",
          "shortdesc": "Adds an event listener.",
          "parameters": [
            {
              "name": "eventType",
              "shortdesc": "The event type.",
              "datatype": {
                "type": "String"
              }
            },
            {
              "name": "handler",
              "shortdesc": "The event handler. Can accept: File or JavaScript Function.",
              "datatype": {
                "type": "Mixed"
              }
            },
            {
              "name": "captures",
              "optional": true,
              "shortdesc": "This parameter is obsolete. &#40;Optional)",
              "datatype": {
                "type": "Boolean",
                "value": false
              }
            }
          ],
          "datatype": {
            "type": "EventListener"
          }
        },
        {
          "name": "removeEventListener",
          "shortdesc": "Removes the event listener.",
          "parameters": [
            {
              "name": "eventType",
              "shortdesc": "The registered event type.",
              "datatype": {
                "type": "String"
              }
            },
            {
              "name": "handler",
              "shortdesc": "The registered event handler. Can accept: File or JavaScript Function.",
              "datatype": {
                "type": "Mixed"
              }
            },
            {
              "name": "captures",
              "optional": true,
              "shortdesc": "This parameter is obsolete. &#40;Optional)",
              "datatype": {
                "type": "Boolean",
                "value": false
              }
            }
          ],
          "datatype": {
            "type": "Boolean"
          }
        }
      ]
    }
  ]
}