{
  "name": "ExportPresetFormat",
  "enumeration": true,
  "shortdesc": "The type of preset to import or export.",
  "elements": [
    {
      "type": "class",
      "property": [
        {
          "name": "PDF_EXPORT_PRESETS_FORMAT",
          "rwaccess": "readonly",
          "shortdesc": "PDF export presets.",
          "datatype": {
            "type": "number",
            "value": 1716745324
          }
        },
        {
          "name": "PRINTER_PRESETS_FORMAT",
          "rwaccess": "readonly",
          "shortdesc": "Printer presets.",
          "datatype": {
            "type": "number",
            "value": 1918071916
          }
        },
        {
          "name": "FLATTENER_PRESETS_FORMAT",
          "rwaccess": "readonly",
          "shortdesc": "Flattener presets.",
          "datatype": {
            "type": "number",
            "value": 1951626348
          }
        },
        {
          "name": "DOCUMENT_PRESETS_FORMAT",
          "rwaccess": "readonly",
          "shortdesc": "Document presets.",
          "datatype": {
            "type": "number",
            "value": 1683190892
          }
        }
      ]
    }
  ]
}