{
  "name": "ExportForWebPreference",
  "dynamic": true,
  "superclass": {
    "href": "#/Preference",
    "$t": "Preference"
  },
  "shortdesc": "Export for web preferences.",
  "elements": [
    {
      "type": "instance",
      "property": [
        {
          "name": "isValid",
          "rwaccess": "readonly",
          "shortdesc": "Returns true if the object specifier resolves to valid objects.",
          "datatype": {
            "type": "Boolean"
          }
        },
        {
          "name": "parent",
          "rwaccess": "readonly",
          "shortdesc": "The parent of the ExportForWebPreference &#40;a Application or Document).",
          "datatype": {
            "type": "Mixed"
          }
        },
        {
          "name": "events",
          "rwaccess": "readonly",
          "shortdesc": "A collection of events.",
          "datatype": {
            "type": "Events"
          }
        },
        {
          "name": "eventListeners",
          "rwaccess": "readonly",
          "shortdesc": "A collection of event listeners.",
          "datatype": {
            "type": "EventListeners"
          }
        },
        {
          "name": "copyFormattedImages",
          "shortdesc": "If true, copies formatted images to the images subfolder.",
          "datatype": {
            "type": "Boolean"
          }
        },
        {
          "name": "copyOptimizedImages",
          "shortdesc": "If true, copies optimized images to the images subfolder.",
          "datatype": {
            "type": "Boolean"
          }
        },
        {
          "name": "copyOriginalImages",
          "shortdesc": "If true, copies original images to the images subfolder.",
          "datatype": {
            "type": "Boolean"
          }
        },
        {
          "name": "imageConversion",
          "shortdesc": "The file format to use for converted images. Note: Valid only when copy optimized images and/or copy formatted images is true.",
          "datatype": {
            "type": "ImageConversion"
          }
        },
        {
          "name": "gifOptionsPalette",
          "shortdesc": "The color palette for GIF conversion. Note: Not valid when image conversion is JPEG.",
          "datatype": {
            "type": "GIFOptionsPalette"
          }
        },
        {
          "name": "gifOptionsInterlaced",
          "shortdesc": "If true, generates interlaced GIFs. Note: Not valid  when image conversion is JPEG.",
          "datatype": {
            "type": "Boolean"
          }
        },
        {
          "name": "jpegOptionsQuality",
          "shortdesc": "The quality of converted JPEG images. Note: Not valid when image conversion is GIF.",
          "datatype": {
            "type": "JPEGOptionsQuality"
          }
        },
        {
          "name": "jpegOptionsFormat",
          "shortdesc": "The formatting method for converted JPEG images. Note: Not valid  when image conversion is GIF.",
          "datatype": {
            "type": "JPEGOptionsFormat"
          }
        },
        {
          "name": "properties",
          "shortdesc": "A property that allows setting of several properties at the same time.",
          "datatype": {
            "type": "Object"
          }
        }
      ],
      "method": [
        {
          "name": "toSource",
          "shortdesc": "Generates a string which, if executed, will return the ExportForWebPreference.",
          "datatype": {
            "type": "String"
          }
        },
        {
          "name": "getElements",
          "shortdesc": "Resolves the object specifier, creating an array of object references.",
          "datatype": {
            "type": "ExportForWebPreference",
            "array": true
          }
        },
        {
          "name": "toSpecifier",
          "shortdesc": "Retrieves the object specifier.",
          "datatype": {
            "type": "String"
          }
        },
        {
          "name": "addEventListener",
          "shortdesc": "Adds an event listener.",
          "parameters": [
            {
              "name": "eventType",
              "shortdesc": "The event type.",
              "datatype": {
                "type": "String"
              }
            },
            {
              "name": "handler",
              "shortdesc": "The event handler. Can accept: File or JavaScript Function.",
              "datatype": {
                "type": "Mixed"
              }
            },
            {
              "name": "captures",
              "optional": true,
              "shortdesc": "This parameter is obsolete. &#40;Optional)",
              "datatype": {
                "type": "Boolean",
                "value": false
              }
            }
          ],
          "datatype": {
            "type": "EventListener"
          }
        },
        {
          "name": "removeEventListener",
          "shortdesc": "Removes the event listener.",
          "parameters": [
            {
              "name": "eventType",
              "shortdesc": "The registered event type.",
              "datatype": {
                "type": "String"
              }
            },
            {
              "name": "handler",
              "shortdesc": "The registered event handler. Can accept: File or JavaScript Function.",
              "datatype": {
                "type": "Mixed"
              }
            },
            {
              "name": "captures",
              "optional": true,
              "shortdesc": "This parameter is obsolete. &#40;Optional)",
              "datatype": {
                "type": "Boolean",
                "value": false
              }
            }
          ],
          "datatype": {
            "type": "Boolean"
          }
        }
      ]
    }
  ]
}