{
  "name": "ExportFormat",
  "enumeration": true,
  "shortdesc": "Export format options.",
  "elements": [
    {
      "type": "class",
      "property": [
        {
          "name": "TAGGED_TEXT",
          "rwaccess": "readonly",
          "shortdesc": "Exports to a tagged text file with a TXT extension.",
          "datatype": {
            "type": "Number",
            "value": 1416066168
          }
        },
        {
          "name": "PDF_TYPE",
          "rwaccess": "readonly",
          "shortdesc": "Exports to PDF format.",
          "datatype": {
            "type": "Number",
            "value": 1952403524
          }
        },
        {
          "name": "EPS_TYPE",
          "rwaccess": "readonly",
          "shortdesc": "Exports to EPS format.",
          "datatype": {
            "type": "Number",
            "value": 1952400720
          }
        },
        {
          "name": "RTF",
          "rwaccess": "readonly",
          "shortdesc": "Exports to rich text format &#40;RTF).",
          "datatype": {
            "type": "Number",
            "value": 1381254688
          }
        },
        {
          "name": "TEXT_TYPE",
          "rwaccess": "readonly",
          "shortdesc": "Exports to text &#40;TXT) format.",
          "datatype": {
            "type": "Number",
            "value": 1952412773
          }
        },
        {
          "name": "XML",
          "rwaccess": "readonly",
          "shortdesc": "Exports the document's tagged content to XML.",
          "datatype": {
            "type": "Number",
            "value": 1481460768
          }
        },
        {
          "name": "JPG",
          "rwaccess": "readonly",
          "shortdesc": "Exports to JPEG format.",
          "datatype": {
            "type": "Number",
            "value": 1246775072
          }
        },
        {
          "name": "INTERACTIVE_PDF",
          "rwaccess": "readonly",
          "shortdesc": "Exports to Interactive PDF format.",
          "datatype": {
            "type": "Number",
            "value": 1952409936
          }
        },
        {
          "name": "PACKAGED_XFL",
          "rwaccess": "readonly",
          "shortdesc": "Exports to packaged XFL format.",
          "datatype": {
            "type": "Number",
            "value": 1702389356
          }
        },
        {
          "name": "SWF",
          "rwaccess": "readonly",
          "shortdesc": "Exports to SWF format.",
          "datatype": {
            "type": "Number",
            "value": 1702066022
          }
        },
        {
          "name": "INDESIGN_SNIPPET",
          "rwaccess": "readonly",
          "shortdesc": "Exports to InDesign snippet &#40;IDMS) format.",
          "datatype": {
            "type": "Number",
            "value": 1936617588
          }
        },
        {
          "name": "INDESIGN_MARKUP",
          "rwaccess": "readonly",
          "shortdesc": "Exports to InDesign markup &#40;IDML) format.",
          "datatype": {
            "type": "Number",
            "value": 1768189292
          }
        },
        {
          "name": "INCOPY_MARKUP",
          "rwaccess": "readonly",
          "shortdesc": "Exports to InCopy markup &#40;ICML) format.",
          "datatype": {
            "type": "Number",
            "value": 1768123756
          }
        },
        {
          "name": "PNG_FORMAT",
          "rwaccess": "readonly",
          "shortdesc": "Exports to PNG format.",
          "datatype": {
            "type": "Number",
            "value": 1699761735
          }
        },
        {
          "name": "HTML",
          "rwaccess": "readonly",
          "shortdesc": "Exports to XHTML format.",
          "datatype": {
            "type": "Number",
            "value": 1213484364
          }
        },
        {
          "name": "EPUB",
          "rwaccess": "readonly",
          "shortdesc": "Exports to EPub format.",
          "datatype": {
            "type": "Number",
            "value": 1701868898
          }
        }
      ]
    }
  ]
}