{
  "name": "ExportOrder",
  "enumeration": true,
  "shortdesc": "Choices for export order of epub and html.",
  "elements": [
    {
      "type": "class",
      "property": [
        {
          "name": "LAYOUT_ORDER",
          "rwaccess": "readonly",
          "shortdesc": "based on document layout.",
          "datatype": {
            "type": "number",
            "value": 1700949113
          }
        },
        {
          "name": "ARTICLE_PANEL_ORDER",
          "rwaccess": "readonly",
          "shortdesc": "based on article defined in article panel.",
          "datatype": {
            "type": "number",
            "value": 1700946288
          }
        },
        {
          "name": "XML_STRUCTURE_ORDER",
          "rwaccess": "readonly",
          "shortdesc": "based on XML structure.",
          "datatype": {
            "type": "number",
            "value": 1700952179
          }
        }
      ]
    }
  ]
}