{
  "name": "FeatherMode",
  "enumeration": true,
  "shortdesc": "On/off options for feathering.",
  "elements": [
    {
      "type": "class",
      "property": [
        {
          "name": "NONE",
          "rwaccess": "readonly",
          "shortdesc": "Does not use feathering.",
          "datatype": {
            "type": "number",
            "value": 1852796517
          }
        },
        {
          "name": "STANDARD",
          "rwaccess": "readonly",
          "shortdesc": "Uses standard feathering.",
          "datatype": {
            "type": "number",
            "value": 2020623970
          }
        }
      ]
    }
  ]
}