{
  "name": "FeatherCornerType",
  "enumeration": true,
  "shortdesc": "Corner type options.",
  "elements": [
    {
      "type": "class",
      "property": [
        {
          "name": "SHARP",
          "rwaccess": "readonly",
          "shortdesc": "The gradient exactly follows the outer edge of the object, including sharp corners.",
          "datatype": {
            "type": "number",
            "value": 2020623201
          }
        },
        {
          "name": "ROUNDED",
          "rwaccess": "readonly",
          "shortdesc": "The corners are rounded by the feather radius.",
          "datatype": {
            "type": "number",
            "value": 2020623202
          }
        },
        {
          "name": "DIFFUSION",
          "rwaccess": "readonly",
          "shortdesc": "The edges of the object fade from opaque to transparent.",
          "datatype": {
            "type": "number",
            "value": 2020623203
          }
        }
      ]
    }
  ]
}