{
  "name": "FeatureSetOptions",
  "enumeration": true,
  "shortdesc": "Options for specifying a feature set.",
  "elements": [
    {
      "type": "class",
      "property": [
        {
          "name": "ROMAN",
          "rwaccess": "readonly",
          "shortdesc": "Uses the Roman feature set and defaults.",
          "datatype": {
            "type": "number",
            "value": 1383034222
          }
        },
        {
          "name": "JAPANESE",
          "rwaccess": "readonly",
          "shortdesc": "Uses the Japanese feature set and defaults.",
          "datatype": {
            "type": "number",
            "value": 1247899758
          }
        },
        {
          "name": "RIGHTTOLEFT",
          "rwaccess": "readonly",
          "shortdesc": "Uses the R2L feature set",
          "datatype": {
            "type": "number",
            "value": 1381265228
          }
        }
      ]
    }
  ]
}