{
  "name": "FindChangeBlendingSetting",
  "dynamic": true,
  "superclass": {
    "href": "#/BlendingSetting",
    "$t": "BlendingSetting"
  },
  "shortdesc": "Basic object blending settings.",
  "elements": [
    {
      "type": "instance",
      "property": [
        {
          "name": "isValid",
          "rwaccess": "readonly",
          "shortdesc": "Returns true if the object specifier resolves to valid objects.",
          "datatype": {
            "type": "bool"
          }
        },
        {
          "name": "parent",
          "rwaccess": "readonly",
          "shortdesc": "The parent of the FindChangeBlendingSetting &amp;&#35;40;a FindChangeTransparencySetting, FindChangeStrokeTransparencySetting, FindChangeFillTransparencySetting or FindChangeContentTransparencySetting&#41;.",
          "datatype": {
            "type": "mixed"
          }
        },
        {
          "name": "events",
          "rwaccess": "readonly",
          "shortdesc": "A collection of events.",
          "datatype": {
            "type": "Events"
          }
        },
        {
          "name": "eventListeners",
          "rwaccess": "readonly",
          "shortdesc": "A collection of event listeners.",
          "datatype": {
            "type": "EventListeners"
          }
        },
        {
          "name": "blendMode",
          "shortdesc": "The blending mode for controlling how the base color interacts with the color of the FindChangeBlendingSetting. Can return: BlendMode enumerator or NothingEnum enumerator.",
          "datatype": {
            "type": "mixed"
          }
        },
        {
          "name": "opacity",
          "shortdesc": "The fill opacity of the FindChangeBlendingSetting &amp;&#35;40;as a percentage&#41;. (Range: 0 to 100). Can return: Real (0 - 100) or NothingEnum enumerator.",
          "datatype": {
            "type": "mixed"
          }
        },
        {
          "name": "knockoutGroup",
          "shortdesc": "If true, the FindChangeBlendingSetting is a knockout group. Can return: Boolean or NothingEnum enumerator.",
          "datatype": {
            "type": "mixed"
          }
        },
        {
          "name": "isolateBlending",
          "shortdesc": "If true, blending is applied only to the group. If false, blending includes all objects beneath the group. Can return: Boolean or NothingEnum enumerator.",
          "datatype": {
            "type": "mixed"
          }
        },
        {
          "name": "properties",
          "shortdesc": "A property that allows setting of several properties at the same time.",
          "datatype": {
            "type": "Object"
          }
        }
      ],
      "method": [
        {
          "name": "toSource",
          "shortdesc": "Generates a string which, if executed, will return the FindChangeBlendingSetting.",
          "datatype": {
            "type": "string"
          }
        },
        {
          "name": "getElements",
          "shortdesc": "Resolves the object specifier, creating an array of object references.",
          "datatype": {
            "type": "FindChangeBlendingSetting",
            "array": {}
          }
        },
        {
          "name": "toSpecifier",
          "shortdesc": "Retrieves the object specifier.",
          "datatype": {
            "type": "string"
          }
        },
        {
          "name": "addEventListener",
          "shortdesc": "Adds an event listener.",
          "parameters": {
            "parameter": [
              {
                "name": "eventType",
                "shortdesc": "The event type.",
                "datatype": {
                  "type": "string"
                }
              },
              {
                "name": "handler",
                "shortdesc": "The event handler. Can accept: File or JavaScript Function.",
                "datatype": {
                  "type": "mixed"
                }
              },
              {
                "name": "captures",
                "optional": true,
                "shortdesc": "This parameter is obsolete. &amp;&#35;40;Optional&#41;",
                "datatype": {
                  "type": "bool",
                  "value": false
                }
              }
            ]
          },
          "datatype": {
            "type": "EventListener"
          }
        },
        {
          "name": "removeEventListener",
          "shortdesc": "Removes the event listener.",
          "parameters": {
            "parameter": [
              {
                "name": "eventType",
                "shortdesc": "The registered event type.",
                "datatype": {
                  "type": "string"
                }
              },
              {
                "name": "handler",
                "shortdesc": "The registered event handler. Can accept: File or JavaScript Function.",
                "datatype": {
                  "type": "mixed"
                }
              },
              {
                "name": "captures",
                "optional": true,
                "shortdesc": "This parameter is obsolete. &amp;&#35;40;Optional&#41;",
                "datatype": {
                  "type": "bool",
                  "value": false
                }
              }
            ]
          },
          "datatype": {
            "type": "bool"
          }
        }
      ]
    }
  ]
}