{
  "name": "FindChangeInnerShadowSetting",
  "dynamic": true,
  "superclass": {
    "href": "#/InnerShadowSetting",
    "$t": "InnerShadowSetting"
  },
  "shortdesc": "Inner shadow effect settings.",
  "elements": [
    {
      "type": "instance",
      "property": [
        {
          "name": "isValid",
          "rwaccess": "readonly",
          "shortdesc": "Returns true if the object specifier resolves to valid objects.",
          "datatype": {
            "type": "bool"
          }
        },
        {
          "name": "parent",
          "rwaccess": "readonly",
          "shortdesc": "The parent of the FindChangeInnerShadowSetting &amp;&#35;40;a FindChangeTransparencySetting, FindChangeStrokeTransparencySetting, FindChangeFillTransparencySetting or FindChangeContentTransparencySetting&#41;.",
          "datatype": {
            "type": "mixed"
          }
        },
        {
          "name": "events",
          "rwaccess": "readonly",
          "shortdesc": "A collection of events.",
          "datatype": {
            "type": "Events"
          }
        },
        {
          "name": "eventListeners",
          "rwaccess": "readonly",
          "shortdesc": "A collection of event listeners.",
          "datatype": {
            "type": "EventListeners"
          }
        },
        {
          "name": "xOffset",
          "shortdesc": "The horizontal offset of the shadow. Can return: Unit &amp;&#35;40;-1000 - 1000 points&#41; or NothingEnum enumerator.",
          "datatype": {
            "type": "mixed"
          }
        },
        {
          "name": "yOffset",
          "shortdesc": "The vertical offset of the shadow. Can return: Unit &amp;&#35;40;-1000 - 1000 points&#41; or NothingEnum enumerator.",
          "datatype": {
            "type": "mixed"
          }
        },
        {
          "name": "applied",
          "shortdesc": "If true, the inner shadow effect is applied. Can return: Boolean or NothingEnum enumerator.",
          "datatype": {
            "type": "mixed"
          }
        },
        {
          "name": "effectColor",
          "shortdesc": "The color applied to the inner shadow, specified as a swatch &amp;&#35;40;color, gradient, tint, or mixed ink&#41;, or as an array of color values. The color mode dictates the array values: for RGB, specify three values, each in the range 0 to 255, in the format [R,G,B]; for CMYK, specify four values, each as a percentage and each in the range 0 to 100, in the format [C,M,Y,K]; for LAB, specify three values in the format [L,A,B], with L in the range 0 to 100 and A and B in the range -128 to 127. . Can return: Swatch or NothingEnum enumerator.",
          "datatype": {
            "type": "mixed"
          }
        },
        {
          "name": "blendMode",
          "shortdesc": "The blending mode for the inner shadow effect. Can return: BlendMode enumerator or NothingEnum enumerator.",
          "datatype": {
            "type": "mixed"
          }
        },
        {
          "name": "opacity",
          "shortdesc": "The opacity &amp;&#35;40;as a percentage&#41; of the inner shadow. (Range: 0 to 100). Can return: Real (0 - 100) or NothingEnum enumerator.",
          "datatype": {
            "type": "mixed"
          }
        },
        {
          "name": "angle",
          "shortdesc": "The angle at which the inner shadow is thrown. &amp;&#35;40;Range: -360 to 360&#41;. Can return: Real (-180 - 180) or NothingEnum enumerator.",
          "datatype": {
            "type": "mixed"
          }
        },
        {
          "name": "distance",
          "shortdesc": "The distance between the FindChangeInnerShadowSetting and the shadow. . Can return: Unit &amp;&#35;40;0 - 1000 points&#41; or NothingEnum enumerator.",
          "datatype": {
            "type": "mixed"
          }
        },
        {
          "name": "useGlobalLight",
          "shortdesc": "If true, the global light angle is used. Can return: Boolean or NothingEnum enumerator.",
          "datatype": {
            "type": "mixed"
          }
        },
        {
          "name": "chokeAmount",
          "shortdesc": "The amount to choke the inner shadow &amp;&#35;40;as a percentage of shadow size&#41;. (Range: 0 to 100). Can return: Real (0 - 100) or NothingEnum enumerator.",
          "datatype": {
            "type": "mixed"
          }
        },
        {
          "name": "size",
          "shortdesc": "The size of the inner shadow. Can return: Unit &amp;&#35;40;0 - 144 points&#41; or NothingEnum enumerator.",
          "datatype": {
            "type": "mixed"
          }
        },
        {
          "name": "noise",
          "shortdesc": "The amount &amp;&#35;40;as a percentage&#41; of noise to add to the shadow. (Range: 0 to 100). Can return: Real (0 - 100) or NothingEnum enumerator.",
          "datatype": {
            "type": "mixed"
          }
        },
        {
          "name": "properties",
          "shortdesc": "A property that allows setting of several properties at the same time.",
          "datatype": {
            "type": "Object"
          }
        }
      ],
      "method": [
        {
          "name": "toSource",
          "shortdesc": "Generates a string which, if executed, will return the FindChangeInnerShadowSetting.",
          "datatype": {
            "type": "string"
          }
        },
        {
          "name": "getElements",
          "shortdesc": "Resolves the object specifier, creating an array of object references.",
          "datatype": {
            "type": "FindChangeInnerShadowSetting",
            "array": {}
          }
        },
        {
          "name": "toSpecifier",
          "shortdesc": "Retrieves the object specifier.",
          "datatype": {
            "type": "string"
          }
        },
        {
          "name": "addEventListener",
          "shortdesc": "Adds an event listener.",
          "parameters": {
            "parameter": [
              {
                "name": "eventType",
                "shortdesc": "The event type.",
                "datatype": {
                  "type": "string"
                }
              },
              {
                "name": "handler",
                "shortdesc": "The event handler. Can accept: File or JavaScript Function.",
                "datatype": {
                  "type": "mixed"
                }
              },
              {
                "name": "captures",
                "optional": true,
                "shortdesc": "This parameter is obsolete. &amp;&#35;40;Optional&#41;",
                "datatype": {
                  "type": "bool",
                  "value": false
                }
              }
            ]
          },
          "datatype": {
            "type": "EventListener"
          }
        },
        {
          "name": "removeEventListener",
          "shortdesc": "Removes the event listener.",
          "parameters": {
            "parameter": [
              {
                "name": "eventType",
                "shortdesc": "The registered event type.",
                "datatype": {
                  "type": "string"
                }
              },
              {
                "name": "handler",
                "shortdesc": "The registered event handler. Can accept: File or JavaScript Function.",
                "datatype": {
                  "type": "mixed"
                }
              },
              {
                "name": "captures",
                "optional": true,
                "shortdesc": "This parameter is obsolete. &amp;&#35;40;Optional&#41;",
                "datatype": {
                  "type": "bool",
                  "value": false
                }
              }
            ]
          },
          "datatype": {
            "type": "bool"
          }
        }
      ]
    }
  ]
}