{
  "name": "FindChangeStrokeTransparencySetting",
  "dynamic": true,
  "superclass": {
    "href": "#/Preference",
    "$t": "Preference"
  },
  "shortdesc": "Transparency settings for the stroke of the parent object.",
  "elements": [
    {
      "type": "instance",
      "property": [
        {
          "name": "blendingSettings",
          "rwaccess": "readonly",
          "shortdesc": "Blending mode settings.",
          "datatype": {
            "type": "FindChangeBlendingSetting"
          }
        },
        {
          "name": "dropShadowSettings",
          "rwaccess": "readonly",
          "shortdesc": "Settings related to the drop shadow effect.",
          "datatype": {
            "type": "FindChangeDropShadowSetting"
          }
        },
        {
          "name": "featherSettings",
          "rwaccess": "readonly",
          "shortdesc": "Settings related to the feather effect.",
          "datatype": {
            "type": "FindChangeFeatherSetting"
          }
        },
        {
          "name": "innerShadowSettings",
          "rwaccess": "readonly",
          "shortdesc": "Settings related to the inner shadow effect.",
          "datatype": {
            "type": "FindChangeInnerShadowSetting"
          }
        },
        {
          "name": "outerGlowSettings",
          "rwaccess": "readonly",
          "shortdesc": "Settings related to the outer glow effect.",
          "datatype": {
            "type": "FindChangeOuterGlowSetting"
          }
        },
        {
          "name": "innerGlowSettings",
          "rwaccess": "readonly",
          "shortdesc": "Settings related to the inner glow effect.",
          "datatype": {
            "type": "FindChangeInnerGlowSetting"
          }
        },
        {
          "name": "bevelAndEmbossSettings",
          "rwaccess": "readonly",
          "shortdesc": "Settings related to the bevel and emboss effect.",
          "datatype": {
            "type": "FindChangeBevelAndEmbossSetting"
          }
        },
        {
          "name": "satinSettings",
          "rwaccess": "readonly",
          "shortdesc": "Settings related to the satin effect",
          "datatype": {
            "type": "FindChangeSatinSetting"
          }
        },
        {
          "name": "directionalFeatherSettings",
          "rwaccess": "readonly",
          "shortdesc": "Settings related to the directional feather effect.",
          "datatype": {
            "type": "FindChangeDirectionalFeatherSetting"
          }
        },
        {
          "name": "gradientFeatherSettings",
          "rwaccess": "readonly",
          "shortdesc": "Settings related to the gradient feather effect.",
          "datatype": {
            "type": "FindChangeGradientFeatherSetting"
          }
        },
        {
          "name": "isValid",
          "rwaccess": "readonly",
          "shortdesc": "Returns true if the object specifier resolves to valid objects.",
          "datatype": {
            "type": "Boolean"
          }
        },
        {
          "name": "parent",
          "rwaccess": "readonly",
          "shortdesc": "The parent of the FindChangeStrokeTransparencySetting &#40;a FindObjectPreference or ChangeObjectPreference).",
          "datatype": {
            "type": "Mixed"
          }
        },
        {
          "name": "preferences",
          "rwaccess": "readonly",
          "shortdesc": "A collection of preferences objects.",
          "datatype": {
            "type": "Preferences"
          }
        },
        {
          "name": "events",
          "rwaccess": "readonly",
          "shortdesc": "A collection of events.",
          "datatype": {
            "type": "Events"
          }
        },
        {
          "name": "eventListeners",
          "rwaccess": "readonly",
          "shortdesc": "A collection of event listeners.",
          "datatype": {
            "type": "EventListeners"
          }
        },
        {
          "name": "properties",
          "shortdesc": "A property that allows setting of several properties at the same time.",
          "datatype": {
            "type": "Object"
          }
        }
      ],
      "method": [
        {
          "name": "toSource",
          "shortdesc": "Generates a string which, if executed, will return the FindChangeStrokeTransparencySetting.",
          "datatype": {
            "type": "String"
          }
        },
        {
          "name": "getElements",
          "shortdesc": "Resolves the object specifier, creating an array of object references.",
          "datatype": {
            "type": "FindChangeStrokeTransparencySetting",
            "array": true
          }
        },
        {
          "name": "toSpecifier",
          "shortdesc": "Retrieves the object specifier.",
          "datatype": {
            "type": "String"
          }
        },
        {
          "name": "addEventListener",
          "shortdesc": "Adds an event listener.",
          "parameters": [
            {
              "name": "eventType",
              "shortdesc": "The event type.",
              "datatype": {
                "type": "String"
              }
            },
            {
              "name": "handler",
              "shortdesc": "The event handler. Can accept: File or JavaScript Function.",
              "datatype": {
                "type": "Mixed"
              }
            },
            {
              "name": "captures",
              "optional": true,
              "shortdesc": "This parameter is obsolete. &#40;Optional)",
              "datatype": {
                "type": "Boolean",
                "value": false
              }
            }
          ],
          "datatype": {
            "type": "EventListener"
          }
        },
        {
          "name": "removeEventListener",
          "shortdesc": "Removes the event listener.",
          "parameters": [
            {
              "name": "eventType",
              "shortdesc": "The registered event type.",
              "datatype": {
                "type": "String"
              }
            },
            {
              "name": "handler",
              "shortdesc": "The registered event handler. Can accept: File or JavaScript Function.",
              "datatype": {
                "type": "Mixed"
              }
            },
            {
              "name": "captures",
              "optional": true,
              "shortdesc": "This parameter is obsolete. &#40;Optional)",
              "datatype": {
                "type": "Boolean",
                "value": false
              }
            }
          ],
          "datatype": {
            "type": "Boolean"
          }
        }
      ]
    }
  ]
}