{
  "name": "FindChangeBevelAndEmbossSetting",
  "dynamic": true,
  "superclass": {
    "href": "#/BevelAndEmbossSetting",
    "$t": "BevelAndEmbossSetting"
  },
  "shortdesc": "Bevel and emboss effect settings.",
  "elements": [
    {
      "type": "instance",
      "property": [
        {
          "name": "isValid",
          "rwaccess": "readonly",
          "shortdesc": "Returns true if the object specifier resolves to valid objects.",
          "datatype": {
            "type": "Boolean"
          }
        },
        {
          "name": "parent",
          "rwaccess": "readonly",
          "shortdesc": "The parent of the FindChangeBevelAndEmbossSetting &#40;a FindChangeTransparencySetting, FindChangeStrokeTransparencySetting, FindChangeFillTransparencySetting or FindChangeContentTransparencySetting).",
          "datatype": {
            "type": "Mixed"
          }
        },
        {
          "name": "events",
          "rwaccess": "readonly",
          "shortdesc": "A collection of events.",
          "datatype": {
            "type": "Events"
          }
        },
        {
          "name": "eventListeners",
          "rwaccess": "readonly",
          "shortdesc": "A collection of event listeners.",
          "datatype": {
            "type": "EventListeners"
          }
        },
        {
          "name": "applied",
          "shortdesc": "If true, the bevel or emboss effect is applied. Can return: Boolean or NothingEnum enumerator.",
          "datatype": {
            "type": "Mixed"
          }
        },
        {
          "name": "style",
          "shortdesc": "The style of bevel or emboss. Can return: BevelAndEmbossStyle enumerator or NothingEnum enumerator.",
          "datatype": {
            "type": "Mixed"
          }
        },
        {
          "name": "technique",
          "shortdesc": "The edging technique of the bevel or emboss. Can return: BevelAndEmbossTechnique enumerator or NothingEnum enumerator.",
          "datatype": {
            "type": "Mixed"
          }
        },
        {
          "name": "depth",
          "shortdesc": "The depth of the bevel or emboss &#40;as a percentage). (Range: 0 to 1000). Can return: Real (0 - 1000) or NothingEnum enumerator.",
          "datatype": {
            "type": "Mixed"
          }
        },
        {
          "name": "direction",
          "shortdesc": "The direction of the bevel or emboss. Can return: BevelAndEmbossDirection enumerator or NothingEnum enumerator.",
          "datatype": {
            "type": "Mixed"
          }
        },
        {
          "name": "size",
          "shortdesc": "The size of the bevel or emboss. Can return: Unit &#40;0 - 144 points) or NothingEnum enumerator.",
          "datatype": {
            "type": "Mixed"
          }
        },
        {
          "name": "soften",
          "shortdesc": "The amount &#40;in pixels) of softening. Can return: Unit (0 - 144 points) or NothingEnum enumerator.",
          "datatype": {
            "type": "Mixed"
          }
        },
        {
          "name": "angle",
          "shortdesc": "The angle of the light source. &#40;Range: -180 to 180). Can return: Real (-180 - 180) or NothingEnum enumerator.",
          "datatype": {
            "type": "Mixed"
          }
        },
        {
          "name": "altitude",
          "shortdesc": "The altitude of the light source. &#40;Range: 0 to 90). Can return: Real (0 - 100) or NothingEnum enumerator.",
          "datatype": {
            "type": "Mixed"
          }
        },
        {
          "name": "useGlobalLight",
          "shortdesc": "If true, the global light source is used. Can return: Boolean or NothingEnum enumerator.",
          "datatype": {
            "type": "Mixed"
          }
        },
        {
          "name": "highlightColor",
          "shortdesc": "The color applied to the highlight portion of the effect, specified as a swatch &#40;color, gradient, tint, or mixed ink), a color library color, a hex value, or as an array of color values. The color mode dictates the array values: for RGB, specify three values, each in the range 0 to 255, in the format [R,G,B]; for CMYK, specify four values, each as a percentage and each in the range 0 to 100, in the format [C,M,Y,K]; for LAB, specify three values in the format [L,A,B], with L in the range 0 to 100 and A and B in the range -128 to 127; for HSB, specify three colors in the format [H,S,B], with H in the range 0 to 360 and S and B as percentages in the range 0 to 100. Can return: Swatch or NothingEnum enumerator.",
          "datatype": {
            "type": "Mixed"
          }
        },
        {
          "name": "highlightBlendMode",
          "shortdesc": "The blending mode for the highlight portion of the effect. Can return: BlendMode enumerator or NothingEnum enumerator.",
          "datatype": {
            "type": "Mixed"
          }
        },
        {
          "name": "highlightOpacity",
          "shortdesc": "The opacity of the highlight portion of the effect &#40;as a percentage). (Range: 0 to 100). Can return: Real (0 - 100) or NothingEnum enumerator.",
          "datatype": {
            "type": "Mixed"
          }
        },
        {
          "name": "shadowColor",
          "shortdesc": "The color applied to the shadow portion of the effect, specified as a swatch &#40;color, gradient, tint, or mixed ink), a color library color, a hex value, or as an array of color values. The color mode dictates the array values: for RGB, specify three values, each in the range 0 to 255, in the format [R,G,B]; for CMYK, specify four values, each as a percentage and each in the range 0 to 100, in the format [C,M,Y,K]; for LAB, specify three values in the format [L,A,B], with L in the range 0 to 100 and A and B in the range -128 to 127; for HSB, specify three colors in the format [H,S,B], with H in the range 0 to 360 and S and B as percentages in the range 0 to 100. Can return: Swatch or NothingEnum enumerator.",
          "datatype": {
            "type": "Mixed"
          }
        },
        {
          "name": "shadowBlendMode",
          "shortdesc": "The blending mode for the shadow portion of the effect. Can return: BlendMode enumerator or NothingEnum enumerator.",
          "datatype": {
            "type": "Mixed"
          }
        },
        {
          "name": "shadowOpacity",
          "shortdesc": "The opacity of the shadow portion of the effect &#40;as a percentage). (Range: 0 to 100). Can return: Real (0 - 100) or NothingEnum enumerator.",
          "datatype": {
            "type": "Mixed"
          }
        },
        {
          "name": "properties",
          "shortdesc": "A property that allows setting of several properties at the same time.",
          "datatype": {
            "type": "Object"
          }
        }
      ],
      "method": [
        {
          "name": "toSource",
          "shortdesc": "Generates a string which, if executed, will return the FindChangeBevelAndEmbossSetting.",
          "datatype": {
            "type": "String"
          }
        },
        {
          "name": "getElements",
          "shortdesc": "Resolves the object specifier, creating an array of object references.",
          "datatype": {
            "type": "FindChangeBevelAndEmbossSetting",
            "array": true
          }
        },
        {
          "name": "toSpecifier",
          "shortdesc": "Retrieves the object specifier.",
          "datatype": {
            "type": "String"
          }
        },
        {
          "name": "addEventListener",
          "shortdesc": "Adds an event listener.",
          "parameters": [
            {
              "name": "eventType",
              "shortdesc": "The event type.",
              "datatype": {
                "type": "String"
              }
            },
            {
              "name": "handler",
              "shortdesc": "The event handler. Can accept: File or JavaScript Function.",
              "datatype": {
                "type": "Mixed"
              }
            },
            {
              "name": "captures",
              "optional": true,
              "shortdesc": "This parameter is obsolete. &#40;Optional)",
              "datatype": {
                "type": "Boolean",
                "value": false
              }
            }
          ],
          "datatype": {
            "type": "EventListener"
          }
        },
        {
          "name": "removeEventListener",
          "shortdesc": "Removes the event listener.",
          "parameters": [
            {
              "name": "eventType",
              "shortdesc": "The registered event type.",
              "datatype": {
                "type": "String"
              }
            },
            {
              "name": "handler",
              "shortdesc": "The registered event handler. Can accept: File or JavaScript Function.",
              "datatype": {
                "type": "Mixed"
              }
            },
            {
              "name": "captures",
              "optional": true,
              "shortdesc": "This parameter is obsolete. &#40;Optional)",
              "datatype": {
                "type": "Boolean",
                "value": false
              }
            }
          ],
          "datatype": {
            "type": "Boolean"
          }
        }
      ]
    }
  ]
}