{
  "name": "FindChangeTransliterateCharacterTypes",
  "enumeration": true,
  "shortdesc": "Find/change transliterate character type options.",
  "elements": [
    {
      "type": "class",
      "property": [
        {
          "name": "HALF_WIDTH_KATAKANA",
          "rwaccess": "readonly",
          "shortdesc": "Half-width katakana.",
          "datatype": {
            "type": "number",
            "value": 1179154251
          }
        },
        {
          "name": "HALF_WIDTH_ROMAN_SYMBOLS",
          "rwaccess": "readonly",
          "shortdesc": "Half-width Roman symbols.",
          "datatype": {
            "type": "number",
            "value": 1179154258
          }
        },
        {
          "name": "FULL_WIDTH_HIRAGANA",
          "rwaccess": "readonly",
          "shortdesc": "Full-width hiragana.",
          "datatype": {
            "type": "number",
            "value": 1179023176
          }
        },
        {
          "name": "FULL_WIDTH_KATAKANA",
          "rwaccess": "readonly",
          "shortdesc": "Full-width katakana.",
          "datatype": {
            "type": "number",
            "value": 1179023179
          }
        },
        {
          "name": "FULL_WIDTH_ROMAN_SYMBOLS",
          "rwaccess": "readonly",
          "shortdesc": "Full-width Roman symbols.",
          "datatype": {
            "type": "number",
            "value": 1179023186
          }
        },
        {
          "name": "WESTERN_ARABIC_DIGITS",
          "rwaccess": "readonly",
          "shortdesc": "Western Arabic digits &amp;&#35;40;0, 1, 2, 3, ...&#41;.",
          "datatype": {
            "type": "number",
            "value": 1463903337
          }
        },
        {
          "name": "ARABIC_INDIC_DIGITS",
          "rwaccess": "readonly",
          "shortdesc": "Arabic Indic&amp;&#35;40;hindi&#41; digits.",
          "datatype": {
            "type": "number",
            "value": 1095328873
          }
        },
        {
          "name": "FARSI_DIGITS",
          "rwaccess": "readonly",
          "shortdesc": "Farsi digits.",
          "datatype": {
            "type": "number",
            "value": 1684629089
          }
        }
      ]
    }
  ]
}