{
  "name": "FindTransliteratePreference",
  "dynamic": true,
  "superclass": {
    "href": "#/Preference",
    "$t": "Preference"
  },
  "shortdesc": "Find transliterate preferences.",
  "elements": [
    {
      "type": "instance",
      "property": [
        {
          "name": "bulletChar",
          "rwaccess": "readonly",
          "shortdesc": "Bullet character. Can return: Bullet or NothingEnum enumerator.",
          "datatype": {
            "type": "mixed"
          }
        },
        {
          "name": "isValid",
          "rwaccess": "readonly",
          "shortdesc": "Returns true if the object specifier resolves to valid objects.",
          "datatype": {
            "type": "bool"
          }
        },
        {
          "name": "parent",
          "rwaccess": "readonly",
          "shortdesc": "The parent of the FindTransliteratePreference &amp;&#35;40;a Application&#41;.",
          "datatype": {
            "type": "Application"
          }
        },
        {
          "name": "events",
          "rwaccess": "readonly",
          "shortdesc": "A collection of events.",
          "datatype": {
            "type": "Events"
          }
        },
        {
          "name": "eventListeners",
          "rwaccess": "readonly",
          "shortdesc": "A collection of event listeners.",
          "datatype": {
            "type": "EventListeners"
          }
        },
        {
          "name": "preferences",
          "rwaccess": "readonly",
          "shortdesc": "A collection of preferences objects.",
          "datatype": {
            "type": "Preferences"
          }
        },
        {
          "name": "findCharacterType",
          "shortdesc": "The character type to find. Can return: FindChangeTransliterateCharacterTypes enumerator or NothingEnum enumerator.",
          "datatype": {
            "type": "mixed"
          }
        },
        {
          "name": "appliedCharacterStyle",
          "shortdesc": "The character style to search for or change to. Can return: String or NothingEnum enumerator. Can also accept: CharacterStyle.",
          "datatype": {
            "type": "mixed"
          }
        },
        {
          "name": "appliedParagraphStyle",
          "shortdesc": "The paragraph style to search for or change to. Can return: String or NothingEnum enumerator. Can also accept: ParagraphStyle.",
          "datatype": {
            "type": "mixed"
          }
        },
        {
          "name": "firstLineIndent",
          "shortdesc": "The amount to indent the first line. Can return: Unit or NothingEnum enumerator.",
          "datatype": {
            "type": "mixed"
          }
        },
        {
          "name": "leftIndent",
          "shortdesc": "The width of the left indent. Can return: Unit or NothingEnum enumerator.",
          "datatype": {
            "type": "mixed"
          }
        },
        {
          "name": "rightIndent",
          "shortdesc": "The width of the right indent. Can return: Unit or NothingEnum enumerator.",
          "datatype": {
            "type": "mixed"
          }
        },
        {
          "name": "spaceBefore",
          "shortdesc": "The height of the paragraph space above. Can return: Unit or NothingEnum enumerator.",
          "datatype": {
            "type": "mixed"
          }
        },
        {
          "name": "spaceAfter",
          "shortdesc": "The height of the paragraph space below. Can return: Unit or NothingEnum enumerator.",
          "datatype": {
            "type": "mixed"
          }
        },
        {
          "name": "balanceRaggedLines",
          "shortdesc": "If true or set to an enumeration value, balances ragged lines. Note: Not valid with a single-line text composer. Can return: Boolean, BalanceLinesStyle enumerator or NothingEnum enumerator.",
          "datatype": {
            "type": "mixed"
          }
        },
        {
          "name": "justification",
          "shortdesc": "The paragraph alignment. Can return: Justification enumerator or NothingEnum enumerator.",
          "datatype": {
            "type": "mixed"
          }
        },
        {
          "name": "singleWordJustification",
          "shortdesc": "The alignment to use for lines that contain a single word. Can return: SingleWordJustification enumerator or NothingEnum enumerator.",
          "datatype": {
            "type": "mixed"
          }
        },
        {
          "name": "autoLeading",
          "shortdesc": "The percent of the type size to use for auto leading. &amp;&#35;40;Range: 0 to 500&#41;. Can return: Real or NothingEnum enumerator.",
          "datatype": {
            "type": "mixed"
          }
        },
        {
          "name": "dropCapLines",
          "shortdesc": "The number of lines to drop cap. Can return: Short Integer &amp;&#35;40;0 - 25&#41; or NothingEnum enumerator.",
          "datatype": {
            "type": "mixed"
          }
        },
        {
          "name": "dropCapCharacters",
          "shortdesc": "The number of characters to drop cap. Can return: Short Integer &amp;&#35;40;0 - 150&#41; or NothingEnum enumerator.",
          "datatype": {
            "type": "mixed"
          }
        },
        {
          "name": "keepLinesTogether",
          "shortdesc": "If true, keeps a specified number of lines together when the paragraph breaks across columns or text frames. Can return: Boolean or NothingEnum enumerator.",
          "datatype": {
            "type": "mixed"
          }
        },
        {
          "name": "keepAllLinesTogether",
          "shortdesc": "If true, keeps all lines of the paragraph together. If false, allows paragraphs to break across pages or columns. Can return: Boolean or NothingEnum enumerator.",
          "datatype": {
            "type": "mixed"
          }
        },
        {
          "name": "keepWithNext",
          "shortdesc": "The minimum number of lines to keep with the next paragraph. Can return: Short Integer &amp;&#35;40;0 - 5&#41; or NothingEnum enumerator.",
          "datatype": {
            "type": "mixed"
          }
        },
        {
          "name": "keepFirstLines",
          "shortdesc": "The minimum number of lines to keep together in a paragraph before allowing a page break. Can return: Short Integer &amp;&#35;40;1 - 50&#41; or NothingEnum enumerator.",
          "datatype": {
            "type": "mixed"
          }
        },
        {
          "name": "keepLastLines",
          "shortdesc": "The minimum number of lines to keep together in a paragraph after a page break. Can return: Short Integer &amp;&#35;40;1 - 50&#41; or NothingEnum enumerator.",
          "datatype": {
            "type": "mixed"
          }
        },
        {
          "name": "startParagraph",
          "shortdesc": "The location at which to start the paragraph. Can return: StartParagraph enumerator or NothingEnum enumerator.",
          "datatype": {
            "type": "mixed"
          }
        },
        {
          "name": "composer",
          "shortdesc": "The text composer to use to compose the text. Can return: String or NothingEnum enumerator.",
          "datatype": {
            "type": "mixed"
          }
        },
        {
          "name": "lastLineIndent",
          "shortdesc": "The amount to indent the last line in the paragraph. Can return: Unit or NothingEnum enumerator.",
          "datatype": {
            "type": "mixed"
          }
        },
        {
          "name": "hyphenateLastWord",
          "shortdesc": "If true, allows hyphenation in the last word in a paragraph. Note: Valid only when hyphenation is true. Can return: Boolean or NothingEnum enumerator.",
          "datatype": {
            "type": "mixed"
          }
        },
        {
          "name": "dropcapDetail",
          "shortdesc": "Details about the drop cap based on the glyph outlines. 1 = left side bearing. 2 = descenders. 0x100,0x200,0x400 are used for Japanese frame grid. Can return: Long Integer or NothingEnum enumerator.",
          "datatype": {
            "type": "mixed"
          }
        },
        {
          "name": "hyphenateAcrossColumns",
          "shortdesc": "If true, allows the last word in a text column to be hyphenated. Can return: Boolean or NothingEnum enumerator.",
          "datatype": {
            "type": "mixed"
          }
        },
        {
          "name": "keepRuleAboveInFrame",
          "shortdesc": "If true, forces the rule above the paragraph to remain in the frame bounds. Note: Valid only when rule above is true. Can return: Boolean or NothingEnum enumerator.",
          "datatype": {
            "type": "mixed"
          }
        },
        {
          "name": "ignoreEdgeAlignment",
          "shortdesc": "If true, ignores optical edge alignment for the paragraph. Can return: Boolean or NothingEnum enumerator.",
          "datatype": {
            "type": "mixed"
          }
        },
        {
          "name": "appliedFont",
          "shortdesc": "The font applied to the FindTransliteratePreference, specified as either a font object or the name of font family. Can return: Font, String or NothingEnum enumerator.",
          "datatype": {
            "type": "mixed"
          }
        },
        {
          "name": "fontStyle",
          "shortdesc": "The name of the font style. Can return: String or NothingEnum enumerator.",
          "datatype": {
            "type": "mixed"
          }
        },
        {
          "name": "pointSize",
          "shortdesc": "The text size. Can return: Unit or NothingEnum enumerator.",
          "datatype": {
            "type": "mixed"
          }
        },
        {
          "name": "leading",
          "shortdesc": "The leading applied to the text. Can return: Unit, Leading enumerator or NothingEnum enumerator.",
          "datatype": {
            "type": "mixed"
          }
        },
        {
          "name": "kerningMethod",
          "shortdesc": "The type of pair kerning. Can return: String or NothingEnum enumerator.",
          "datatype": {
            "type": "mixed"
          }
        },
        {
          "name": "tracking",
          "shortdesc": "The amount by which to loosen or tighten a block of text, specified in thousands of an em. Can return: Real or NothingEnum enumerator.",
          "datatype": {
            "type": "mixed"
          }
        },
        {
          "name": "capitalization",
          "shortdesc": "The capitalization scheme. Can return: Capitalization enumerator or NothingEnum enumerator.",
          "datatype": {
            "type": "mixed"
          }
        },
        {
          "name": "position",
          "shortdesc": "The text position relative to the baseline. Can return: Position enumerator or NothingEnum enumerator.",
          "datatype": {
            "type": "mixed"
          }
        },
        {
          "name": "underline",
          "shortdesc": "If true, underlines the text. Can return: Boolean or NothingEnum enumerator.",
          "datatype": {
            "type": "mixed"
          }
        },
        {
          "name": "strikeThru",
          "shortdesc": "If true, draws a strikethrough line through the text. Can return: Boolean or NothingEnum enumerator.",
          "datatype": {
            "type": "mixed"
          }
        },
        {
          "name": "ligatures",
          "shortdesc": "If true, replaces specific character combinations &amp;&#35;40;e.g., fl, fi&#41; with ligature characters. Can return: Boolean or NothingEnum enumerator.",
          "datatype": {
            "type": "mixed"
          }
        },
        {
          "name": "noBreak",
          "shortdesc": "If true, keeps the text on the same line. . Can return: Boolean or NothingEnum enumerator.",
          "datatype": {
            "type": "mixed"
          }
        },
        {
          "name": "horizontalScale",
          "shortdesc": "The horizontal scaling applied to the FindTransliteratePreference. Can return: Real or NothingEnum enumerator.",
          "datatype": {
            "type": "mixed"
          }
        },
        {
          "name": "verticalScale",
          "shortdesc": "The vertical scaling applied to the FindTransliteratePreference. Can return: Real or NothingEnum enumerator.",
          "datatype": {
            "type": "mixed"
          }
        },
        {
          "name": "baselineShift",
          "shortdesc": "The baseline shift applied to the text. Can return: Unit or NothingEnum enumerator.",
          "datatype": {
            "type": "mixed"
          }
        },
        {
          "name": "skew",
          "shortdesc": "The skew angle of the FindTransliteratePreference. Can return: Real or NothingEnum enumerator.",
          "datatype": {
            "type": "mixed"
          }
        },
        {
          "name": "fillTint",
          "shortdesc": "The tint &amp;&#35;40;as a percentage&#41; of the fill color of the FindTransliteratePreference. (To specify a tint percentage, use a number in the range of 0 to 100; to use the inherited or overridden value, use -1.). Can return: Real or NothingEnum enumerator.",
          "datatype": {
            "type": "mixed"
          }
        },
        {
          "name": "strokeTint",
          "shortdesc": "The tint &amp;&#35;40;as a percentage&#41; of the stroke color of the FindTransliteratePreference. (To specify a tint percentage, use a number in the range of 0 to 100; to use the inherited or overridden value, use -1.). Can return: Real or NothingEnum enumerator.",
          "datatype": {
            "type": "mixed"
          }
        },
        {
          "name": "strokeWeight",
          "shortdesc": "The stroke weight applied to the characters of the text. Can return: Unit or NothingEnum enumerator.",
          "datatype": {
            "type": "mixed"
          }
        },
        {
          "name": "overprintStroke",
          "shortdesc": "If true, the stroke of the characters will overprint. Can return: Boolean or NothingEnum enumerator.",
          "datatype": {
            "type": "mixed"
          }
        },
        {
          "name": "overprintFill",
          "shortdesc": "If true, the fill color of the characters will overprint. Can return: Boolean or NothingEnum enumerator.",
          "datatype": {
            "type": "mixed"
          }
        },
        {
          "name": "otfFigureStyle",
          "shortdesc": "The figure style in OpenType fonts. Can return: OTFFigureStyle enumerator or NothingEnum enumerator.",
          "datatype": {
            "type": "mixed"
          }
        },
        {
          "name": "otfOrdinal",
          "shortdesc": "If true, uses ordinals in OpenType fonts. Can return: Boolean or NothingEnum enumerator.",
          "datatype": {
            "type": "mixed"
          }
        },
        {
          "name": "otfFraction",
          "shortdesc": "If true, uses fractions in OpenType fonts. Can return: Boolean or NothingEnum enumerator.",
          "datatype": {
            "type": "mixed"
          }
        },
        {
          "name": "otfDiscretionaryLigature",
          "shortdesc": "If true, uses discretionary ligatures in OpenType fonts. Can return: Boolean or NothingEnum enumerator.",
          "datatype": {
            "type": "mixed"
          }
        },
        {
          "name": "otfTitling",
          "shortdesc": "If true, uses titling forms in OpenType fonts. Can return: Boolean or NothingEnum enumerator.",
          "datatype": {
            "type": "mixed"
          }
        },
        {
          "name": "otfContextualAlternate",
          "shortdesc": "If true, uses contextual alternate forms in OpenType fonts. Can return: Boolean or NothingEnum enumerator.",
          "datatype": {
            "type": "mixed"
          }
        },
        {
          "name": "otfSwash",
          "shortdesc": "If true, uses swash forms in OpenType fonts. Can return: Boolean or NothingEnum enumerator.",
          "datatype": {
            "type": "mixed"
          }
        },
        {
          "name": "underlineColor",
          "shortdesc": "The swatch &amp;&#35;40;color, gradient, tint, or mixed ink&#41; applied to the underline stroke. . Can return: Swatch, String or NothingEnum enumerator.",
          "datatype": {
            "type": "mixed"
          }
        },
        {
          "name": "underlineGapColor",
          "shortdesc": "The swatch &amp;&#35;40;color, gradient, tint, or mixed ink&#41; applied to the gap of the underline stroke. Note: Valid when underline type is not solid. Can return: Swatch, String or NothingEnum enumerator.",
          "datatype": {
            "type": "mixed"
          }
        },
        {
          "name": "underlineTint",
          "shortdesc": "The underline stroke tint &amp;&#35;40;as a percentage&#41;. (Range: 0 to 100). Can return: Real or NothingEnum enumerator.",
          "datatype": {
            "type": "mixed"
          }
        },
        {
          "name": "underlineGapTint",
          "shortdesc": "The tint &amp;&#35;40;as a percentage&#41; of the gap color of the underline stroke. (Range: 0 to 100) Note: Valid when underline type is not solid. Can return: Real or NothingEnum enumerator.",
          "datatype": {
            "type": "mixed"
          }
        },
        {
          "name": "underlineOverprint",
          "shortdesc": "If true, the underline stroke color will overprint. Can return: Boolean or NothingEnum enumerator.",
          "datatype": {
            "type": "mixed"
          }
        },
        {
          "name": "underlineGapOverprint",
          "shortdesc": "If true, the gap color of the underline stroke will overprint. Can return: Boolean or NothingEnum enumerator.",
          "datatype": {
            "type": "mixed"
          }
        },
        {
          "name": "underlineType",
          "shortdesc": "The stroke type of the underline stroke. Can return: StrokeStyle, String or NothingEnum enumerator.",
          "datatype": {
            "type": "mixed"
          }
        },
        {
          "name": "underlineOffset",
          "shortdesc": "The amount by which to offset the underline from the text baseline. Can return: Unit or NothingEnum enumerator.",
          "datatype": {
            "type": "mixed"
          }
        },
        {
          "name": "underlineWeight",
          "shortdesc": "The stroke weight of the underline stroke. Can return: Unit or NothingEnum enumerator.",
          "datatype": {
            "type": "mixed"
          }
        },
        {
          "name": "strikeThroughColor",
          "shortdesc": "The swatch &amp;&#35;40;color, gradient, tint, or mixed ink&#41; applied to the strikethrough stroke. Can return: Swatch, String or NothingEnum enumerator.",
          "datatype": {
            "type": "mixed"
          }
        },
        {
          "name": "strikeThroughGapColor",
          "shortdesc": "The swatch &amp;&#35;40;color, gradient, tint, or mixed ink&#41; applied to the gap of the strikethrough stroke. Can return: Swatch, String or NothingEnum enumerator.",
          "datatype": {
            "type": "mixed"
          }
        },
        {
          "name": "strikeThroughTint",
          "shortdesc": "The tint &amp;&#35;40;as a percentage&#41; of the strikethrough stroke. (Range: 0 to 100). Can return: Real or NothingEnum enumerator.",
          "datatype": {
            "type": "mixed"
          }
        },
        {
          "name": "strikeThroughGapTint",
          "shortdesc": "The tint &amp;&#35;40;as a percentage&#41; of the strikethrough stroke gap color. (Range: 0 to 100) Note: Valid when strike through type is not solid. Can return: Real or NothingEnum enumerator.",
          "datatype": {
            "type": "mixed"
          }
        },
        {
          "name": "strikeThroughOverprint",
          "shortdesc": "If true, the strikethrough stroke will overprint. Can return: Boolean or NothingEnum enumerator.",
          "datatype": {
            "type": "mixed"
          }
        },
        {
          "name": "strikeThroughGapOverprint",
          "shortdesc": "If true, the gap color of the strikethrough stroke will overprint. Note: Valid when strike through type is not solid. Can return: Boolean or NothingEnum enumerator.",
          "datatype": {
            "type": "mixed"
          }
        },
        {
          "name": "strikeThroughType",
          "shortdesc": "The stroke type of the strikethrough stroke. Can return: StrokeStyle, String or NothingEnum enumerator.",
          "datatype": {
            "type": "mixed"
          }
        },
        {
          "name": "strikeThroughOffset",
          "shortdesc": "The amount by which to offset the strikethrough stroke from the text baseline. Can return: Unit or NothingEnum enumerator.",
          "datatype": {
            "type": "mixed"
          }
        },
        {
          "name": "strikeThroughWeight",
          "shortdesc": "The stroke weight of the strikethrough stroke. Can return: Unit or NothingEnum enumerator.",
          "datatype": {
            "type": "mixed"
          }
        },
        {
          "name": "otfSlashedZero",
          "shortdesc": "If true, use a slashed zeroes in OpenType fonts. Can return: Boolean or NothingEnum enumerator.",
          "datatype": {
            "type": "mixed"
          }
        },
        {
          "name": "otfHistorical",
          "shortdesc": "If true, use historical forms in OpenType fonts. Can return: Boolean or NothingEnum enumerator.",
          "datatype": {
            "type": "mixed"
          }
        },
        {
          "name": "otfStylisticSets",
          "shortdesc": "The stylistic sets to use in OpenType fonts. Can return: Long Integer or NothingEnum enumerator.",
          "datatype": {
            "type": "mixed"
          }
        },
        {
          "name": "gradientFillLength",
          "shortdesc": "The length &amp;&#35;40;for a linear gradient&#41; or radius (for a radial gradient) applied to the fill of the text. Can return: Real or NothingEnum enumerator.",
          "datatype": {
            "type": "mixed"
          }
        },
        {
          "name": "gradientFillAngle",
          "shortdesc": "The angle of a linear gradient applied to the fill of the text. &amp;&#35;40;Range: -180 to 180&#41;. Can return: Real or NothingEnum enumerator.",
          "datatype": {
            "type": "mixed"
          }
        },
        {
          "name": "gradientStrokeLength",
          "shortdesc": "The length &amp;&#35;40;for a linear gradient&#41; or radius (for a radial gradient) applied to the stroke of the text. Can return: Real or NothingEnum enumerator.",
          "datatype": {
            "type": "mixed"
          }
        },
        {
          "name": "gradientStrokeAngle",
          "shortdesc": "The angle of a linear gradient applied to the stroke of the text. &amp;&#35;40;Range: -180 to 180&#41;. Can return: Real or NothingEnum enumerator.",
          "datatype": {
            "type": "mixed"
          }
        },
        {
          "name": "gradientFillStart",
          "shortdesc": "The starting point &amp;&#35;40;in page coordinates&#41; of a gradient applied to the fill of the text, in the format [x, y]. Can return: Array of 2 Units or NothingEnum enumerator.",
          "datatype": {
            "type": "mixed"
          }
        },
        {
          "name": "gradientStrokeStart",
          "shortdesc": "The starting point &amp;&#35;40;in page coordinates&#41; of a gradient applied to the stroke of the text, in the format [x, y]. Can return: Array of 2 Units or NothingEnum enumerator.",
          "datatype": {
            "type": "mixed"
          }
        },
        {
          "name": "otfMark",
          "shortdesc": "If true, uses mark positioning in OpenType fonts. Can return: Boolean or NothingEnum enumerator.",
          "datatype": {
            "type": "mixed"
          }
        },
        {
          "name": "otfLocale",
          "shortdesc": "If true, uses localized forms in OpenType fonts. Can return: Boolean or NothingEnum enumerator.",
          "datatype": {
            "type": "mixed"
          }
        },
        {
          "name": "positionalForm",
          "shortdesc": "The OpenType positional form. Can return: PositionalForms enumerator or NothingEnum enumerator.",
          "datatype": {
            "type": "mixed"
          }
        },
        {
          "name": "fillColor",
          "shortdesc": "The swatch &amp;&#35;40;color, gradient, tint, or mixed ink&#41;, applied as a fill color, to search for or change to. Can return: String or NothingEnum enumerator. Can also accept: Swatch.",
          "datatype": {
            "type": "mixed"
          }
        },
        {
          "name": "strokeColor",
          "shortdesc": "The swatch &amp;&#35;40;color, gradient, tint, or mixed ink&#41;, applied as a stroke color, to search for or change to. Can return: String or NothingEnum enumerator. Can also accept: Swatch.",
          "datatype": {
            "type": "mixed"
          }
        },
        {
          "name": "appliedLanguage",
          "shortdesc": "The language to search for or change to. Can return: String or NothingEnum enumerator. Can also accept: Language or LanguageWithVendors.",
          "datatype": {
            "type": "mixed"
          }
        },
        {
          "name": "kerningValue",
          "shortdesc": "The amount of space to add or remove between characters, specified in thousands of an em. . Can return: Real or NothingEnum enumerator.",
          "datatype": {
            "type": "mixed"
          }
        },
        {
          "name": "characterAlignment",
          "shortdesc": "The alignment of small characters to the largest character in the line. Can return: CharacterAlignment enumerator or NothingEnum enumerator.",
          "datatype": {
            "type": "mixed"
          }
        },
        {
          "name": "tsume",
          "shortdesc": "The amount of horizontal character compression. Can return: Real or NothingEnum enumerator.",
          "datatype": {
            "type": "mixed"
          }
        },
        {
          "name": "leadingAki",
          "shortdesc": "The amount of space before each character. Can return: Real or NothingEnum enumerator.",
          "datatype": {
            "type": "mixed"
          }
        },
        {
          "name": "trailingAki",
          "shortdesc": "The amount of space after each character. Can return: Real or NothingEnum enumerator.",
          "datatype": {
            "type": "mixed"
          }
        },
        {
          "name": "characterRotation",
          "shortdesc": "The rotation angle &amp;&#35;40;in degrees&#41; of individual characters. Note: The rotation is counterclockwise. Can return: Real or NothingEnum enumerator.",
          "datatype": {
            "type": "mixed"
          }
        },
        {
          "name": "jidori",
          "shortdesc": "The number of grid squares in which to arrange the text. . Can return: Short Integer or NothingEnum enumerator.",
          "datatype": {
            "type": "mixed"
          }
        },
        {
          "name": "shataiMagnification",
          "shortdesc": "The amount &amp;&#35;40;as a percentage&#41; of shatai obliquing to apply. Can return: Real or NothingEnum enumerator.",
          "datatype": {
            "type": "mixed"
          }
        },
        {
          "name": "shataiDegreeAngle",
          "shortdesc": "The shatai lens angle &amp;&#35;40;in degrees&#41;. Can return: Real or NothingEnum enumerator.",
          "datatype": {
            "type": "mixed"
          }
        },
        {
          "name": "shataiAdjustRotation",
          "shortdesc": "If true, applies shatai rotation. Can return: Boolean or NothingEnum enumerator.",
          "datatype": {
            "type": "mixed"
          }
        },
        {
          "name": "shataiAdjustTsume",
          "shortdesc": "If true, adjusts shatai tsume. Can return: Boolean or NothingEnum enumerator.",
          "datatype": {
            "type": "mixed"
          }
        },
        {
          "name": "tatechuyoko",
          "shortdesc": "If true, makes the character horizontal in vertical text. Can return: Boolean or NothingEnum enumerator.",
          "datatype": {
            "type": "mixed"
          }
        },
        {
          "name": "tatechuyokoXOffset",
          "shortdesc": "The horizontal offset for horizontal characters in vertical text. Can return: Real or NothingEnum enumerator.",
          "datatype": {
            "type": "mixed"
          }
        },
        {
          "name": "tatechuyokoYOffset",
          "shortdesc": "The vertical offset for horizontal characters in vertical text. Can return: Real or NothingEnum enumerator.",
          "datatype": {
            "type": "mixed"
          }
        },
        {
          "name": "kentenFillColor",
          "shortdesc": "The swatch &amp;&#35;40;color, gradient, tint, or mixed ink&#41; applied to the fill of kenten characters. Can return: Swatch, String or NothingEnum enumerator.",
          "datatype": {
            "type": "mixed"
          }
        },
        {
          "name": "kentenStrokeColor",
          "shortdesc": "The swatch &amp;&#35;40;color, gradient, tint, or mixed ink&#41; applied to the stroke of kenten characters. Can return: Swatch, String or NothingEnum enumerator.",
          "datatype": {
            "type": "mixed"
          }
        },
        {
          "name": "kentenTint",
          "shortdesc": "The fill tint &amp;&#35;40;as a percentage&#41; of kenten characters. (Range: 0 to 100). Can return: Real or NothingEnum enumerator.",
          "datatype": {
            "type": "mixed"
          }
        },
        {
          "name": "kentenStrokeTint",
          "shortdesc": "The stroke tint &amp;&#35;40;as a percentage&#41; of kenten characters. (Range: 0 to 100). Can return: Real or NothingEnum enumerator.",
          "datatype": {
            "type": "mixed"
          }
        },
        {
          "name": "kentenWeight",
          "shortdesc": "The stroke weight &amp;&#35;40;in points&#41; of kenten characters. Can return: Real or NothingEnum enumerator.",
          "datatype": {
            "type": "mixed"
          }
        },
        {
          "name": "kentenOverprintFill",
          "shortdesc": "The method of overprinting the kenten fill. Can return: AdornmentOverprint enumerator or NothingEnum enumerator.",
          "datatype": {
            "type": "mixed"
          }
        },
        {
          "name": "kentenOverprintStroke",
          "shortdesc": "The method of overprinting the kenten stroke. Can return: AdornmentOverprint enumerator or NothingEnum enumerator.",
          "datatype": {
            "type": "mixed"
          }
        },
        {
          "name": "kentenKind",
          "shortdesc": "The style of kenten characters. Can return: KentenCharacter enumerator or NothingEnum enumerator.",
          "datatype": {
            "type": "mixed"
          }
        },
        {
          "name": "kentenPlacement",
          "shortdesc": "The distance between kenten characters and their parent characters. Can return: Real or NothingEnum enumerator.",
          "datatype": {
            "type": "mixed"
          }
        },
        {
          "name": "kentenAlignment",
          "shortdesc": "The alignment of kenten characters relative to the parent characters. . Can return: KentenAlignment enumerator or NothingEnum enumerator.",
          "datatype": {
            "type": "mixed"
          }
        },
        {
          "name": "kentenPosition",
          "shortdesc": "The kenten position relative to the parent character. Can return: RubyKentenPosition enumerator or NothingEnum enumerator.",
          "datatype": {
            "type": "mixed"
          }
        },
        {
          "name": "kentenFont",
          "shortdesc": "The font to use for kenten characters. Can return: Font, String or NothingEnum enumerator.",
          "datatype": {
            "type": "mixed"
          }
        },
        {
          "name": "kentenFontStyle",
          "shortdesc": "The font style of kenten characters. Can return: String or NothingEnum enumerator.",
          "datatype": {
            "type": "mixed"
          }
        },
        {
          "name": "kentenFontSize",
          "shortdesc": "The size &amp;&#35;40;in points&#41; of kenten characters. Can return: Real or NothingEnum enumerator.",
          "datatype": {
            "type": "mixed"
          }
        },
        {
          "name": "kentenXScale",
          "shortdesc": "The horizontal size of kenten characters as a percent of the original size. Can return: Real or NothingEnum enumerator.",
          "datatype": {
            "type": "mixed"
          }
        },
        {
          "name": "kentenYScale",
          "shortdesc": "The vertical size of kenten charachers as a percent of the original size. . Can return: Real or NothingEnum enumerator.",
          "datatype": {
            "type": "mixed"
          }
        },
        {
          "name": "kentenCustomCharacter",
          "shortdesc": "The character used for kenten. Note: Valid only when kenten kind is custom. Can return: String or NothingEnum enumerator.",
          "datatype": {
            "type": "mixed"
          }
        },
        {
          "name": "kentenCharacterSet",
          "shortdesc": "The character set used for the custom kenten character. Note: Valid only when kenten kind is custom. . Can return: KentenCharacterSet enumerator or NothingEnum enumerator.",
          "datatype": {
            "type": "mixed"
          }
        },
        {
          "name": "rubyFill",
          "shortdesc": "The swatch &amp;&#35;40;color, gradient, tint, or mixed ink&#41; applied to the fill of ruby characters. Can return: Swatch, String or NothingEnum enumerator.",
          "datatype": {
            "type": "mixed"
          }
        },
        {
          "name": "rubyStroke",
          "shortdesc": "The swatch &amp;&#35;40;color, gradient, tint, or mixed ink&#41; applied to the stroke of ruby characters. Can return: Swatch, String or NothingEnum enumerator.",
          "datatype": {
            "type": "mixed"
          }
        },
        {
          "name": "rubyTint",
          "shortdesc": "The tint &amp;&#35;40;as a percentage&#41; of the ruby fill color. (Range: 0 to 100). Can return: Real or NothingEnum enumerator.",
          "datatype": {
            "type": "mixed"
          }
        },
        {
          "name": "rubyWeight",
          "shortdesc": "The stroke weight &amp;&#35;40;in points&#41; of ruby characters. Can return: Real or NothingEnum enumerator.",
          "datatype": {
            "type": "mixed"
          }
        },
        {
          "name": "rubyOverprintFill",
          "shortdesc": "The method of overprinting the ruby fill. Can return: AdornmentOverprint enumerator or NothingEnum enumerator.",
          "datatype": {
            "type": "mixed"
          }
        },
        {
          "name": "rubyOverprintStroke",
          "shortdesc": "The method of overprinting the ruby stroke. Can return: AdornmentOverprint enumerator or NothingEnum enumerator.",
          "datatype": {
            "type": "mixed"
          }
        },
        {
          "name": "rubyStrokeTint",
          "shortdesc": "The stroke tint &amp;&#35;40;as a percentage&#41; of ruby characters. Can return: Real or NothingEnum enumerator.",
          "datatype": {
            "type": "mixed"
          }
        },
        {
          "name": "rubyFont",
          "shortdesc": "The font applied to ruby characters. Can return: Font, String or NothingEnum enumerator.",
          "datatype": {
            "type": "mixed"
          }
        },
        {
          "name": "rubyFontStyle",
          "shortdesc": "The font style of ruby characters. Can return: String or NothingEnum enumerator.",
          "datatype": {
            "type": "mixed"
          }
        },
        {
          "name": "rubyFontSize",
          "shortdesc": "The size &amp;&#35;40;in points&#41; of ruby characters. Can return: Real or NothingEnum enumerator.",
          "datatype": {
            "type": "mixed"
          }
        },
        {
          "name": "rubyOpenTypePro",
          "shortdesc": "If true, uses OpenType Pro fonts for ruby. Can return: Boolean or NothingEnum enumerator.",
          "datatype": {
            "type": "mixed"
          }
        },
        {
          "name": "rubyXScale",
          "shortdesc": "The horizontal size of ruby characters, specified as a percent of the original size. Can return: Real or NothingEnum enumerator.",
          "datatype": {
            "type": "mixed"
          }
        },
        {
          "name": "rubyYScale",
          "shortdesc": "The vertical size of ruby characters, specified as a percent of the original size. Can return: Real or NothingEnum enumerator.",
          "datatype": {
            "type": "mixed"
          }
        },
        {
          "name": "rubyType",
          "shortdesc": "The ruby type. Can return: RubyTypes enumerator or NothingEnum enumerator.",
          "datatype": {
            "type": "mixed"
          }
        },
        {
          "name": "rubyAlignment",
          "shortdesc": "The ruby alignment. Can return: RubyAlignments enumerator or NothingEnum enumerator.",
          "datatype": {
            "type": "mixed"
          }
        },
        {
          "name": "rubyPosition",
          "shortdesc": "The position of ruby characters relative to the parent text. Can return: RubyKentenPosition enumerator or NothingEnum enumerator.",
          "datatype": {
            "type": "mixed"
          }
        },
        {
          "name": "rubyXOffset",
          "shortdesc": "The amount of horizontal space between ruby and parent characters. Can return: Real or NothingEnum enumerator.",
          "datatype": {
            "type": "mixed"
          }
        },
        {
          "name": "rubyYOffset",
          "shortdesc": "The amount of vertical space between ruby and parent characters. Can return: Real or NothingEnum enumerator.",
          "datatype": {
            "type": "mixed"
          }
        },
        {
          "name": "rubyParentSpacing",
          "shortdesc": "The ruby spacing relative to the parent text. . Can return: RubyParentSpacing enumerator or NothingEnum enumerator.",
          "datatype": {
            "type": "mixed"
          }
        },
        {
          "name": "rubyAutoAlign",
          "shortdesc": "If true, auto aligns ruby. Can return: Boolean or NothingEnum enumerator.",
          "datatype": {
            "type": "mixed"
          }
        },
        {
          "name": "rubyOverhang",
          "shortdesc": "If true, constrains ruby overhang to the specified amount. For information on specifying an amount, see ruby parent overhang amount. . Can return: Boolean or NothingEnum enumerator.",
          "datatype": {
            "type": "mixed"
          }
        },
        {
          "name": "rubyAutoScaling",
          "shortdesc": "If true, automatically scales ruby to the specified percent of parent text size. For information on specifying a percent, see ruby parent scaling percent. . Can return: Boolean or NothingEnum enumerator.",
          "datatype": {
            "type": "mixed"
          }
        },
        {
          "name": "rubyParentScalingPercent",
          "shortdesc": "The amount &amp;&#35;40;as a percentage&#41; to scale the parent text size to determine the ruby text size. Can return: Real or NothingEnum enumerator.",
          "datatype": {
            "type": "mixed"
          }
        },
        {
          "name": "rubyParentOverhangAmount",
          "shortdesc": "The amount by which ruby characters can overhang the parent text. Can return: RubyOverhang enumerator or NothingEnum enumerator.",
          "datatype": {
            "type": "mixed"
          }
        },
        {
          "name": "rubyAutoTcyDigits",
          "shortdesc": "The number of digits included in auto tcy &amp;&#35;40;tate-chuu-yoko&#41; in ruby. Can return: Short Integer or NothingEnum enumerator.",
          "datatype": {
            "type": "mixed"
          }
        },
        {
          "name": "rubyAutoTcyIncludeRoman",
          "shortdesc": "If true, includes Roman characters in auto tcy &amp;&#35;40;tate-chuu-yoko&#41; in ruby. Can return: Boolean or NothingEnum enumerator.",
          "datatype": {
            "type": "mixed"
          }
        },
        {
          "name": "rubyAutoTcyAutoScale",
          "shortdesc": "If true, automatically scales glyphs in auto tcy &amp;&#35;40;tate-chuu-yoko&#41; in ruby to fit one em. Can return: Boolean or NothingEnum enumerator.",
          "datatype": {
            "type": "mixed"
          }
        },
        {
          "name": "warichu",
          "shortdesc": "If true, turns on warichu. Can return: Boolean or NothingEnum enumerator.",
          "datatype": {
            "type": "mixed"
          }
        },
        {
          "name": "warichuSize",
          "shortdesc": "The amount &amp;&#35;40;as a percentage&#41; to scale parent text size to determine warichu size. Can return: Real or NothingEnum enumerator.",
          "datatype": {
            "type": "mixed"
          }
        },
        {
          "name": "warichuLines",
          "shortdesc": "The number of lines of warichu within a single normal line. Can return: Short Integer or NothingEnum enumerator.",
          "datatype": {
            "type": "mixed"
          }
        },
        {
          "name": "warichuLineSpacing",
          "shortdesc": "The gap between lines of warichu characters. Can return: Real or NothingEnum enumerator.",
          "datatype": {
            "type": "mixed"
          }
        },
        {
          "name": "warichuAlignment",
          "shortdesc": "The warichu alignment. Can return: WarichuAlignment enumerator or NothingEnum enumerator.",
          "datatype": {
            "type": "mixed"
          }
        },
        {
          "name": "warichuCharsAfterBreak",
          "shortdesc": "The minimum number of characters allowed after a line break. . Can return: Short Integer or NothingEnum enumerator.",
          "datatype": {
            "type": "mixed"
          }
        },
        {
          "name": "warichuCharsBeforeBreak",
          "shortdesc": "The minimum number of characters allowed before a line break. Can return: Short Integer or NothingEnum enumerator.",
          "datatype": {
            "type": "mixed"
          }
        },
        {
          "name": "otfProportionalMetrics",
          "shortdesc": "If true, kerns according to proportional CJK metrics in OpenType fonts. Can return: Boolean or NothingEnum enumerator.",
          "datatype": {
            "type": "mixed"
          }
        },
        {
          "name": "otfHVKana",
          "shortdesc": "If true, switches hiragana fonts, which have different glyphs for horizontal and vertical. . Can return: Boolean or NothingEnum enumerator.",
          "datatype": {
            "type": "mixed"
          }
        },
        {
          "name": "otfRomanItalics",
          "shortdesc": "If true, applies italics to half-width alphanumerics. . Can return: Boolean or NothingEnum enumerator.",
          "datatype": {
            "type": "mixed"
          }
        },
        {
          "name": "scaleAffectsLineHeight",
          "shortdesc": "If true, the line changes size when characters are scaled. . Can return: Boolean or NothingEnum enumerator.",
          "datatype": {
            "type": "mixed"
          }
        },
        {
          "name": "cjkGridTracking",
          "shortdesc": "If true, uses grid tracking to track non-Roman characters in CJK grids. Can return: Boolean or NothingEnum enumerator.",
          "datatype": {
            "type": "mixed"
          }
        },
        {
          "name": "glyphForm",
          "shortdesc": "The glyph variant to substitute for standard glyphs. Can return: AlternateGlyphForms enumerator or NothingEnum enumerator.",
          "datatype": {
            "type": "mixed"
          }
        },
        {
          "name": "paragraphGyoudori",
          "shortdesc": "If true, the gyoudori mode applies to the entire paragraph. If false, the gyoudori mode applies to each line in the paragraph. Can return: Boolean or NothingEnum enumerator.",
          "datatype": {
            "type": "mixed"
          }
        },
        {
          "name": "gridAlignment",
          "shortdesc": "The alignment to the frame grid or baseline grid. Can return: GridAlignment enumerator or NothingEnum enumerator.",
          "datatype": {
            "type": "mixed"
          }
        },
        {
          "name": "gridGyoudori",
          "shortdesc": "The manual gyoudori setting. Can return: Short Integer or NothingEnum enumerator.",
          "datatype": {
            "type": "mixed"
          }
        },
        {
          "name": "autoTcy",
          "shortdesc": "The number of half-width characters at or below which the characters automatically run horizontally in vertical text. Can return: Short Integer or NothingEnum enumerator.",
          "datatype": {
            "type": "mixed"
          }
        },
        {
          "name": "autoTcyIncludeRoman",
          "shortdesc": "If true, auto tcy includes Roman characters. Can return: Boolean or NothingEnum enumerator.",
          "datatype": {
            "type": "mixed"
          }
        },
        {
          "name": "kinsokuSet",
          "shortdesc": "The kinsoku set that determines legitimate line breaks. Can return: KinsokuTable, KinsokuSet enumerator, String or NothingEnum enumerator.",
          "datatype": {
            "type": "mixed"
          }
        },
        {
          "name": "kinsokuType",
          "shortdesc": "The type of kinsoku processing for preventing kinsoku characters from beginning or ending a line. Note: Valid only when a kinsoku set is defined. Can return: KinsokuType enumerator or NothingEnum enumerator.",
          "datatype": {
            "type": "mixed"
          }
        },
        {
          "name": "kinsokuHangType",
          "shortdesc": "The type of hanging punctuation to allow. Note: Valid only when a kinsoku set is in effect. Can return: KinsokuHangTypes enumerator or NothingEnum enumerator.",
          "datatype": {
            "type": "mixed"
          }
        },
        {
          "name": "bunriKinshi",
          "shortdesc": "If true, adds the double period &amp;&#35;40;..&#41;, ellipse (...), and double hyphen (--) to the selected kinsoku set. Note: Valid only when a kinsoku set is in effect. Can return: Boolean or NothingEnum enumerator.",
          "datatype": {
            "type": "mixed"
          }
        },
        {
          "name": "mojikumi",
          "shortdesc": "The mojikumi table. For information, see mojikumi table defaults. Can return: MojikumiTable, String, MojikumiTableDefaults enumerator or NothingEnum enumerator.",
          "datatype": {
            "type": "mixed"
          }
        },
        {
          "name": "rensuuji",
          "shortdesc": "If true, disallows line breaks in numbers. If false, lines can break between digits in multi-digit numbers. Can return: Boolean or NothingEnum enumerator.",
          "datatype": {
            "type": "mixed"
          }
        },
        {
          "name": "rotateSingleByteCharacters",
          "shortdesc": "If true, rotates Roman characters in vertical text. Can return: Boolean or NothingEnum enumerator.",
          "datatype": {
            "type": "mixed"
          }
        },
        {
          "name": "leadingModel",
          "shortdesc": "The point from which leading is measured from line to line. Can return: LeadingModel enumerator or NothingEnum enumerator.",
          "datatype": {
            "type": "mixed"
          }
        },
        {
          "name": "treatIdeographicSpaceAsSpace",
          "shortdesc": "If true, ideographic spaces will not wrap to the next line like text characters. Can return: Boolean or NothingEnum enumerator.",
          "datatype": {
            "type": "mixed"
          }
        },
        {
          "name": "allowArbitraryHyphenation",
          "shortdesc": "If true, words unassociated with a hyphenation dictionary can break to the next line on any character. Can return: Boolean or NothingEnum enumerator.",
          "datatype": {
            "type": "mixed"
          }
        },
        {
          "name": "bulletsTextAfter",
          "shortdesc": "The text after string expression for bullets. Can return: String or NothingEnum enumerator.",
          "datatype": {
            "type": "mixed"
          }
        },
        {
          "name": "bulletsCharacterStyle",
          "shortdesc": "The character style to be used for the text after string. Can return: CharacterStyle, String or NothingEnum enumerator.",
          "datatype": {
            "type": "mixed"
          }
        },
        {
          "name": "bulletsAlignment",
          "shortdesc": "The alignment of the bullet character. Can return: ListAlignment enumerator or NothingEnum enumerator.",
          "datatype": {
            "type": "mixed"
          }
        },
        {
          "name": "appliedNumberingList",
          "shortdesc": "The list to be part of. Can return: NumberingList, String or NothingEnum enumerator.",
          "datatype": {
            "type": "mixed"
          }
        },
        {
          "name": "numberingLevel",
          "shortdesc": "The level of the paragraph. Can return: Long Integer or NothingEnum enumerator.",
          "datatype": {
            "type": "mixed"
          }
        },
        {
          "name": "numberingFormat",
          "shortdesc": "Numbering format options. Can return: NumberingStyle enumerator, String or NothingEnum enumerator.",
          "datatype": {
            "type": "mixed"
          }
        },
        {
          "name": "numberingExpression",
          "shortdesc": "The number string expression for numbering. Can return: String or NothingEnum enumerator.",
          "datatype": {
            "type": "mixed"
          }
        },
        {
          "name": "numberingCharacterStyle",
          "shortdesc": "The character style to be used for the number string. Can return: CharacterStyle, String or NothingEnum enumerator.",
          "datatype": {
            "type": "mixed"
          }
        },
        {
          "name": "numberingContinue",
          "shortdesc": "Continue the numbering at this level. Can return: Boolean or NothingEnum enumerator.",
          "datatype": {
            "type": "mixed"
          }
        },
        {
          "name": "numberingStartAt",
          "shortdesc": "Determines starting number in a numbered list. Can return: Long Integer or NothingEnum enumerator.",
          "datatype": {
            "type": "mixed"
          }
        },
        {
          "name": "numberingApplyRestartPolicy",
          "shortdesc": "If true, apply the numbering restart policy. Can return: Boolean or NothingEnum enumerator.",
          "datatype": {
            "type": "mixed"
          }
        },
        {
          "name": "numberingAlignment",
          "shortdesc": "The alignment of the number. Can return: ListAlignment enumerator or NothingEnum enumerator.",
          "datatype": {
            "type": "mixed"
          }
        },
        {
          "name": "bulletsAndNumberingListType",
          "shortdesc": "List type for bullets and numbering. Can return: ListType enumerator or NothingEnum enumerator.",
          "datatype": {
            "type": "mixed"
          }
        },
        {
          "name": "properties",
          "shortdesc": "A property that allows setting of several properties at the same time.",
          "datatype": {
            "type": "Object"
          }
        }
      ],
      "method": [
        {
          "name": "toSource",
          "shortdesc": "Generates a string which, if executed, will return the FindTransliteratePreference.",
          "datatype": {
            "type": "string"
          }
        },
        {
          "name": "getElements",
          "shortdesc": "Resolves the object specifier, creating an array of object references.",
          "datatype": {
            "type": "FindTransliteratePreference",
            "array": {}
          }
        },
        {
          "name": "toSpecifier",
          "shortdesc": "Retrieves the object specifier.",
          "datatype": {
            "type": "string"
          }
        },
        {
          "name": "addEventListener",
          "shortdesc": "Adds an event listener.",
          "parameters": {
            "parameter": [
              {
                "name": "eventType",
                "shortdesc": "The event type.",
                "datatype": {
                  "type": "string"
                }
              },
              {
                "name": "handler",
                "shortdesc": "The event handler. Can accept: File or JavaScript Function.",
                "datatype": {
                  "type": "mixed"
                }
              },
              {
                "name": "captures",
                "optional": true,
                "shortdesc": "This parameter is obsolete. &amp;&#35;40;Optional&#41;",
                "datatype": {
                  "type": "bool",
                  "value": false
                }
              }
            ]
          },
          "datatype": {
            "type": "EventListener"
          }
        },
        {
          "name": "removeEventListener",
          "shortdesc": "Removes the event listener.",
          "parameters": {
            "parameter": [
              {
                "name": "eventType",
                "shortdesc": "The registered event type.",
                "datatype": {
                  "type": "string"
                }
              },
              {
                "name": "handler",
                "shortdesc": "The registered event handler. Can accept: File or JavaScript Function.",
                "datatype": {
                  "type": "mixed"
                }
              },
              {
                "name": "captures",
                "optional": true,
                "shortdesc": "This parameter is obsolete. &amp;&#35;40;Optional&#41;",
                "datatype": {
                  "type": "bool",
                  "value": false
                }
              }
            ]
          },
          "datatype": {
            "type": "bool"
          }
        }
      ]
    }
  ]
}