{
  "name": "FitDimension",
  "enumeration": true,
  "shortdesc": "Options for fitting to dimension.",
  "elements": [
    {
      "type": "class",
      "property": [
        {
          "name": "FIT1280X800",
          "rwaccess": "readonly",
          "shortdesc": "Fit to 1280x800 dimension.",
          "datatype": {
            "type": "number",
            "value": 1718906725
          }
        },
        {
          "name": "FIT1240X620",
          "rwaccess": "readonly",
          "shortdesc": "Fit to 1240x620 dimension.",
          "datatype": {
            "type": "number",
            "value": 1718908023
          }
        },
        {
          "name": "FIT1024X768",
          "rwaccess": "readonly",
          "shortdesc": "Fit to 1024x768 dimension.",
          "datatype": {
            "type": "number",
            "value": 1718906726
          }
        },
        {
          "name": "FIT984X588",
          "rwaccess": "readonly",
          "shortdesc": "Fit to 984x588 dimension.",
          "datatype": {
            "type": "number",
            "value": 1718906470
          }
        },
        {
          "name": "FIT800X600",
          "rwaccess": "readonly",
          "shortdesc": "Fit to 800x600 dimension.",
          "datatype": {
            "type": "number",
            "value": 1718904179
          }
        },
        {
          "name": "FIT760X420",
          "rwaccess": "readonly",
          "shortdesc": "Fit to 760x420 dimension.",
          "datatype": {
            "type": "number",
            "value": 1718907750
          }
        },
        {
          "name": "FIT640X480",
          "rwaccess": "readonly",
          "shortdesc": "Fit to 640x480 dimension.",
          "datatype": {
            "type": "number",
            "value": 1718907753
          }
        },
        {
          "name": "FIT600X300",
          "rwaccess": "readonly",
          "shortdesc": "Fit to 600x300 dimension.",
          "datatype": {
            "type": "number",
            "value": 1718907764
          }
        }
      ]
    }
  ]
}