{
  "name": "FitMethodSettings",
  "enumeration": true,
  "shortdesc": "Fit method settings.",
  "elements": [
    {
      "type": "class",
      "property": [
        {
          "name": "FIT_PREDEFINED_SETTINGS",
          "rwaccess": "readonly",
          "shortdesc": "Fit to predefined settings.",
          "datatype": {
            "type": "number",
            "value": 1684301427
          }
        },
        {
          "name": "FIT_GIVEN_WIDTH_AND_HEIGHT",
          "rwaccess": "readonly",
          "shortdesc": "Fit to given width and height.",
          "datatype": {
            "type": "number",
            "value": 1684305768
          }
        },
        {
          "name": "FIT_GIVEN_SCALE_PERCENTAGE",
          "rwaccess": "readonly",
          "shortdesc": "Fit to given scale percentage.",
          "datatype": {
            "type": "number",
            "value": 1684304739
          }
        }
      ]
    }
  ]
}