{
  "name": "FitOptions",
  "enumeration": true,
  "shortdesc": "Options for fitting content to a frame.",
  "elements": [
    {
      "type": "class",
      "property": [
        {
          "name": "CONTENT_TO_FRAME",
          "rwaccess": "readonly",
          "shortdesc": "Resizes content to fit the frame. Note: Content that is a different size than the frame appears stretched or squeezed.",
          "datatype": {
            "type": "number",
            "value": 1668575078
          }
        },
        {
          "name": "CENTER_CONTENT",
          "rwaccess": "readonly",
          "shortdesc": "Centers content in the frame; preserves the frame size as well as content size and proportions. Note: If the content is larger than the frame, content around the edges is obscured.",
          "datatype": {
            "type": "number",
            "value": 1667591779
          }
        },
        {
          "name": "PROPORTIONALLY",
          "rwaccess": "readonly",
          "shortdesc": "Resizes content to fit the frame while preserving content proportions. If the content and frame have different proportions, some empty space appears in the frame.",
          "datatype": {
            "type": "number",
            "value": 1668247152
          }
        },
        {
          "name": "FRAME_TO_CONTENT",
          "rwaccess": "readonly",
          "shortdesc": "Resizes the frame so it fits the content.",
          "datatype": {
            "type": "number",
            "value": 1718906723
          }
        },
        {
          "name": "FILL_PROPORTIONALLY",
          "rwaccess": "readonly",
          "shortdesc": "Resizes content to fill the frame while perserving the proportions of the content. If the content and frame have different proportions, some of the content is obscured by the bounding box of the frame.",
          "datatype": {
            "type": "number",
            "value": 1718185072
          }
        },
        {
          "name": "APPLY_FRAME_FITTING_OPTIONS",
          "rwaccess": "readonly",
          "shortdesc": "Applies the current frame fitting options to the frame and content.",
          "datatype": {
            "type": "number",
            "value": 1634100847
          }
        }
      ]
    }
  ]
}