{
  "name": "Fitting",
  "enumeration": true,
  "shortdesc": "Options for fitting content to a frame.",
  "elements": [
    {
      "type": "class",
      "property": [
        {
          "name": "PROPORTIONAL",
          "rwaccess": "readonly",
          "shortdesc": "Resizes content to fit the frame while preserving content proportions. If the content and frame have different proportions, some empty space occurs in the frame.",
          "datatype": {
            "type": "Number",
            "value": 1684885618
          }
        },
        {
          "name": "FIT_CONTENT_TO_FRAME",
          "rwaccess": "readonly",
          "shortdesc": "Resizes content to fit the frame. Note: Content that is a different size than the frame appears stretched or squeezed.",
          "datatype": {
            "type": "Number",
            "value": 1684883043
          }
        },
        {
          "name": "FIT_FRAME_TO_CONTENT",
          "rwaccess": "readonly",
          "shortdesc": "Resizes the frame to fit the content.",
          "datatype": {
            "type": "Number",
            "value": 1684883046
          }
        },
        {
          "name": "PRESERVE_SIZES",
          "rwaccess": "readonly",
          "shortdesc": "Preserves the original sizes of the frame and the content. Note: Content that is larger than the frame is obscured around the edges.",
          "datatype": {
            "type": "Number",
            "value": 1684885619
          }
        },
        {
          "name": "FILL_PROPORTIONAL",
          "rwaccess": "readonly",
          "shortdesc": "Resizes content to fill the frame while preserving content proportions. If the content and frame have different proportions, some content is obscured by the bounding box of the frame.",
          "datatype": {
            "type": "Number",
            "value": 1684883056
          }
        }
      ]
    }
  ]
}