{
  "name": "FlattenerLevel",
  "enumeration": true,
  "shortdesc": "Rasterization options.",
  "elements": [
    {
      "type": "class",
      "property": [
        {
          "name": "LOW",
          "rwaccess": "readonly",
          "shortdesc": "Rasterizes all artwork.",
          "datatype": {
            "type": "number",
            "value": 1701727351
          }
        },
        {
          "name": "MEDIUM_LOW",
          "rwaccess": "readonly",
          "shortdesc": "Rasterizes almost all artwork.",
          "datatype": {
            "type": "number",
            "value": 1718373708
          }
        },
        {
          "name": "MEDIUM",
          "rwaccess": "readonly",
          "shortdesc": "Rasterizes a medium amount of artwork.",
          "datatype": {
            "type": "number",
            "value": 1701727588
          }
        },
        {
          "name": "MEDIUM_HIGH",
          "rwaccess": "readonly",
          "shortdesc": "Rasterizes more than a medium amount of artwork.",
          "datatype": {
            "type": "number",
            "value": 1718373704
          }
        },
        {
          "name": "HIGH",
          "rwaccess": "readonly",
          "shortdesc": "Keeps as much artwork as possible vector data.",
          "datatype": {
            "type": "number",
            "value": 1701726313
          }
        }
      ]
    }
  ]
}