{
  "name": "FlattenerPreset",
  "dynamic": true,
  "shortdesc": "A preset that contains transparency flattener properties.",
  "elements": [
    {
      "type": "instance",
      "property": [
        {
          "name": "id",
          "rwaccess": "readonly",
          "shortdesc": "The unique ID of the FlattenerPreset.",
          "datatype": {
            "type": "number"
          }
        },
        {
          "name": "isValid",
          "rwaccess": "readonly",
          "shortdesc": "Returns true if the object specifier resolves to valid objects.",
          "datatype": {
            "type": "bool"
          }
        },
        {
          "name": "parent",
          "rwaccess": "readonly",
          "shortdesc": "The parent of the FlattenerPreset &amp;&#35;40;a Application&#41;.",
          "datatype": {
            "type": "Application"
          }
        },
        {
          "name": "index",
          "rwaccess": "readonly",
          "shortdesc": "The index of the FlattenerPreset within its containing object.",
          "datatype": {
            "type": "number"
          }
        },
        {
          "name": "events",
          "rwaccess": "readonly",
          "shortdesc": "A collection of events.",
          "datatype": {
            "type": "Events"
          }
        },
        {
          "name": "eventListeners",
          "rwaccess": "readonly",
          "shortdesc": "A collection of event listeners.",
          "datatype": {
            "type": "EventListeners"
          }
        },
        {
          "name": "name",
          "shortdesc": "The name of the FlattenerPreset.",
          "datatype": {
            "type": "string"
          }
        },
        {
          "name": "rasterVectorBalance",
          "shortdesc": "The amount of vector artwork to rasterize during flattening, specified as an enumerator or as a percentage in the range 0 to 100. Can return: FlattenerLevel enumerator or Real &amp;&#35;40;0 - 100&#41;.",
          "datatype": {
            "type": "mixed"
          }
        },
        {
          "name": "lineArtAndTextResolution",
          "shortdesc": "The resolution for vector objects rasterized as a result of flattening. &amp;&#35;40;Range: 1 to 9600&#41; For information, see raster vector balance.",
          "datatype": {
            "type": "number"
          }
        },
        {
          "name": "gradientAndMeshResolution",
          "shortdesc": "The resolution for gradients rasterized as a result of flattening and for drop shadow and feathers when printed or exported. &amp;&#35;40;Range: 0 to 1200&#41; Note: Resolutions higher than 300 ppi increase file size and printing time but generally do not improve the image quality.",
          "datatype": {
            "type": "number"
          }
        },
        {
          "name": "clipComplexRegions",
          "shortdesc": "If true, ensures that the boundaries between vector and rasterized artwork fall along object paths.",
          "datatype": {
            "type": "bool"
          }
        },
        {
          "name": "convertAllStrokesToOutlines",
          "shortdesc": "If true, converts all strokes to outlines and ensures that stroke widths remain constant during flattening. Note: Can cause thin strokes to appear slightly thicker than their original width. Affects all strokes, not only strokes involved in the transparency.",
          "datatype": {
            "type": "bool"
          }
        },
        {
          "name": "convertAllTextToOutlines",
          "shortdesc": "If true, converts all text to outlines and discards all type glyph information on spreads with transparency; ensures that the width of text strokes remains constant during flattening. Note: Can cause small fonts to appear slightly thicker when viewed in Acrobat or printed on low-quality desktop printers, but does not affect type quality when printed on high-resolution printers or imagesetters.",
          "datatype": {
            "type": "bool"
          }
        },
        {
          "name": "label",
          "shortdesc": "A property that can be set to any string.",
          "datatype": {
            "type": "string"
          }
        },
        {
          "name": "properties",
          "shortdesc": "A property that allows setting of several properties at the same time.",
          "datatype": {
            "type": "Object"
          }
        }
      ],
      "method": [
        {
          "name": "duplicate",
          "shortdesc": "Duplicates the FlattenerPreset.",
          "datatype": {
            "type": "FlattenerPreset"
          }
        },
        {
          "name": "remove",
          "shortdesc": "Deletes the FlattenerPreset."
        },
        {
          "name": "insertLabel",
          "shortdesc": "Sets the label to the value associated with the specified key.",
          "parameters": {
            "parameter": [
              {
                "name": "key",
                "shortdesc": "The key.",
                "datatype": {
                  "type": "string"
                }
              },
              {
                "name": "value",
                "shortdesc": "The value.",
                "datatype": {
                  "type": "string"
                }
              }
            ]
          }
        },
        {
          "name": "extractLabel",
          "shortdesc": "Gets the label value associated with the specified key.",
          "parameters": {
            "parameter": [
              {
                "name": "key",
                "shortdesc": "The key.",
                "datatype": {
                  "type": "string"
                }
              }
            ]
          },
          "datatype": {
            "type": "string"
          }
        },
        {
          "name": "toSource",
          "shortdesc": "Generates a string which, if executed, will return the FlattenerPreset.",
          "datatype": {
            "type": "string"
          }
        },
        {
          "name": "getElements",
          "shortdesc": "Resolves the object specifier, creating an array of object references.",
          "datatype": {
            "type": "FlattenerPreset",
            "array": {}
          }
        },
        {
          "name": "toSpecifier",
          "shortdesc": "Retrieves the object specifier.",
          "datatype": {
            "type": "string"
          }
        },
        {
          "name": "addEventListener",
          "shortdesc": "Adds an event listener.",
          "parameters": {
            "parameter": [
              {
                "name": "eventType",
                "shortdesc": "The event type.",
                "datatype": {
                  "type": "string"
                }
              },
              {
                "name": "handler",
                "shortdesc": "The event handler. Can accept: File or JavaScript Function.",
                "datatype": {
                  "type": "mixed"
                }
              },
              {
                "name": "captures",
                "optional": true,
                "shortdesc": "This parameter is obsolete. &amp;&#35;40;Optional&#41;",
                "datatype": {
                  "type": "bool",
                  "value": false
                }
              }
            ]
          },
          "datatype": {
            "type": "EventListener"
          }
        },
        {
          "name": "removeEventListener",
          "shortdesc": "Removes the event listener.",
          "parameters": {
            "parameter": [
              {
                "name": "eventType",
                "shortdesc": "The registered event type.",
                "datatype": {
                  "type": "string"
                }
              },
              {
                "name": "handler",
                "shortdesc": "The registered event handler. Can accept: File or JavaScript Function.",
                "datatype": {
                  "type": "mixed"
                }
              },
              {
                "name": "captures",
                "optional": true,
                "shortdesc": "This parameter is obsolete. &amp;&#35;40;Optional&#41;",
                "datatype": {
                  "type": "bool",
                  "value": false
                }
              }
            ]
          },
          "datatype": {
            "type": "bool"
          }
        }
      ]
    }
  ]
}