{
  "name": "FlattenerPresets",
  "dynamic": true,
  "shortdesc": "A collection of transparency flattener presets.",
  "elements": [
    {
      "type": "instance",
      "method": [
        {
          "name": "add",
          "shortdesc": "Creates a new FlattenerPreset.",
          "parameters": {
            "parameter": [
              {
                "name": "withProperties",
                "shortdesc": "Initial values for properties of the new FlattenerPreset &amp;&#35;40;Optional&#41;",
                "datatype": {
                  "type": "Object"
                }
              }
            ]
          },
          "datatype": {
            "type": "FlattenerPreset"
          }
        },
        {
          "name": "count",
          "shortdesc": "Displays the number of elements in the FlattenerPreset.",
          "datatype": {
            "type": "number"
          }
        },
        {
          "name": "item",
          "shortdesc": "Returns the FlattenerPreset with the specified index or name.",
          "parameters": {
            "parameter": [
              {
                "name": "index",
                "shortdesc": "The index or name. Can accept: Long Integer or String.",
                "datatype": {
                  "type": "mixed"
                }
              }
            ]
          },
          "datatype": {
            "type": "FlattenerPreset"
          }
        },
        {
          "name": "itemByName",
          "shortdesc": "Returns the FlattenerPreset with the specified name.",
          "parameters": {
            "parameter": [
              {
                "name": "name",
                "shortdesc": "The name.",
                "datatype": {
                  "type": "string"
                }
              }
            ]
          },
          "datatype": {
            "type": "FlattenerPreset"
          }
        },
        {
          "name": "itemByID",
          "shortdesc": "Returns the FlattenerPreset with the specified ID.",
          "parameters": {
            "parameter": [
              {
                "name": "id",
                "shortdesc": "The ID.",
                "datatype": {
                  "type": "number"
                }
              }
            ]
          },
          "datatype": {
            "type": "FlattenerPreset"
          }
        },
        {
          "name": "itemByRange",
          "shortdesc": "Returns the FlattenerPresets within the specified range.",
          "parameters": {
            "parameter": [
              {
                "name": "from",
                "shortdesc": "The FlattenerPreset, index, or name at the beginning of the range. Can accept: FlattenerPreset, Long Integer or String.",
                "datatype": {
                  "type": "mixed"
                }
              },
              {
                "name": "to",
                "shortdesc": "The FlattenerPreset, index, or name at the end of the range. Can accept: FlattenerPreset, Long Integer or String.",
                "datatype": {
                  "type": "mixed"
                }
              }
            ]
          },
          "datatype": {
            "type": "FlattenerPreset",
            "array": {}
          }
        },
        {
          "name": "firstItem",
          "shortdesc": "Returns the first FlattenerPreset in the collection.",
          "datatype": {
            "type": "FlattenerPreset"
          }
        },
        {
          "name": "lastItem",
          "shortdesc": "Returns the last FlattenerPreset in the collection.",
          "datatype": {
            "type": "FlattenerPreset"
          }
        },
        {
          "name": "middleItem",
          "shortdesc": "Returns the middle FlattenerPreset in the collection.",
          "datatype": {
            "type": "FlattenerPreset"
          }
        },
        {
          "name": "previousItem",
          "shortdesc": "Returns the FlattenerPreset with the index previous to the specified index.",
          "parameters": {
            "parameter": [
              {
                "name": "obj",
                "shortdesc": "The index of the FlattenerPreset that follows the desired FlattenerPreset.",
                "datatype": {
                  "type": "FlattenerPreset"
                }
              }
            ]
          },
          "datatype": {
            "type": "FlattenerPreset"
          }
        },
        {
          "name": "nextItem",
          "shortdesc": "Returns the FlattenerPreset whose index follows the specified FlattenerPreset in the collection.",
          "parameters": {
            "parameter": [
              {
                "name": "obj",
                "shortdesc": "The FlattenerPreset whose index comes before the desired FlattenerPreset.",
                "datatype": {
                  "type": "FlattenerPreset"
                }
              }
            ]
          },
          "datatype": {
            "type": "FlattenerPreset"
          }
        },
        {
          "name": "anyItem",
          "shortdesc": "Returns any FlattenerPreset in the collection.",
          "datatype": {
            "type": "FlattenerPreset"
          }
        },
        {
          "name": "everyItem",
          "shortdesc": "Returns every FlattenerPreset in the collection.",
          "datatype": {
            "type": "FlattenerPreset",
            "array": {}
          }
        },
        {
          "name": "toSource",
          "shortdesc": "Generates a string which, if executed, will return the FlattenerPreset.",
          "datatype": {
            "type": "string"
          }
        },
        {
          "name": "[]",
          "shortdesc": "Returns the FlattenerPreset with the specified index.",
          "parameters": {
            "parameter": [
              {
                "name": "index",
                "shortdesc": "The index.",
                "datatype": {
                  "type": "number"
                }
              }
            ]
          },
          "datatype": {
            "type": "FlattenerPreset"
          }
        }
      ],
      "property": [
        {
          "name": "length",
          "rwaccess": "readonly",
          "shortdesc": "The number of objects in the collection.",
          "datatype": {
            "type": "number"
          }
        }
      ]
    }
  ]
}