{
  "name": "FloatingWindowSize",
  "enumeration": true,
  "shortdesc": "The size of the movie&apos;s floating window. Valid only when floating window is true.",
  "elements": [
    {
      "type": "class",
      "property": [
        {
          "name": "ONE_FIFTH",
          "rwaccess": "readonly",
          "shortdesc": "The floating window is one fifth the length and height of the movie&apos;s original display size.",
          "datatype": {
            "type": "number",
            "value": 1298557286
          }
        },
        {
          "name": "ONE_FOURTH",
          "rwaccess": "readonly",
          "shortdesc": "The floating window is one fourth the length and height of the movie&apos;s original display size.",
          "datatype": {
            "type": "number",
            "value": 1298558834
          }
        },
        {
          "name": "ONE_HALF",
          "rwaccess": "readonly",
          "shortdesc": "The floating window is one half the length and height of the movie&apos;s original display size.",
          "datatype": {
            "type": "number",
            "value": 1298686316
          }
        },
        {
          "name": "FULL",
          "rwaccess": "readonly",
          "shortdesc": "The floating window is the movie&apos;s original display size.",
          "datatype": {
            "type": "number",
            "value": 1298560364
          }
        },
        {
          "name": "TWICE",
          "rwaccess": "readonly",
          "shortdesc": "The floating window is twice the length and height of the movie&apos;s original display size.",
          "datatype": {
            "type": "number",
            "value": 1299476344
          }
        },
        {
          "name": "TRIPLE",
          "rwaccess": "readonly",
          "shortdesc": "The floating window is triple the length and height of the movie&apos;s original display size.",
          "datatype": {
            "type": "number",
            "value": 1299477112
          }
        },
        {
          "name": "QUADRUPLE",
          "rwaccess": "readonly",
          "shortdesc": "The floating window is quadruple the length and height of the movie&apos;s original display size.",
          "datatype": {
            "type": "number",
            "value": 1299281272
          }
        },
        {
          "name": "MAX",
          "rwaccess": "readonly",
          "shortdesc": "The floating window fills the entire screen.",
          "datatype": {
            "type": "number",
            "value": 1299014008
          }
        }
      ]
    }
  ]
}