{
  "name": "FloatingWindowPosition",
  "enumeration": true,
  "shortdesc": "Options for specifying the position of a movie&apos;s display window.",
  "elements": [
    {
      "type": "class",
      "property": [
        {
          "name": "UPPER_LEFT",
          "rwaccess": "readonly",
          "shortdesc": "Positions the window in the upper left corner of the screen.",
          "datatype": {
            "type": "Number",
            "value": 1668183118
          }
        },
        {
          "name": "UPPER_MIDDLE",
          "rwaccess": "readonly",
          "shortdesc": "Positions the window at the top of the screen midway between the left and right edges.",
          "datatype": {
            "type": "Number",
            "value": 1299541348
          }
        },
        {
          "name": "UPPER_RIGHT",
          "rwaccess": "readonly",
          "shortdesc": "Positions the window in the upper right corner of the screen.",
          "datatype": {
            "type": "Number",
            "value": 1299542644
          }
        },
        {
          "name": "CENTER_LEFT",
          "rwaccess": "readonly",
          "shortdesc": "Positions the window on the left side of the screen midway between the top and bottom.",
          "datatype": {
            "type": "Number",
            "value": 1298361446
          }
        },
        {
          "name": "CENTER",
          "rwaccess": "readonly",
          "shortdesc": "Positions the window in the center of the screen.",
          "datatype": {
            "type": "Number",
            "value": 1298359662
          }
        },
        {
          "name": "CENTER_RIGHT",
          "rwaccess": "readonly",
          "shortdesc": "Positions the window on the right side of the screen midway between the top and bottom.",
          "datatype": {
            "type": "Number",
            "value": 1298362996
          }
        },
        {
          "name": "LOWER_LEFT",
          "rwaccess": "readonly",
          "shortdesc": "Positions the window in the lower left corner of the screen.",
          "datatype": {
            "type": "Number",
            "value": 1298951270
          }
        },
        {
          "name": "LOWER_MIDDLE",
          "rwaccess": "readonly",
          "shortdesc": "Positions the window at the bottom of the screen midway between the left and right edges.",
          "datatype": {
            "type": "Number",
            "value": 1298951524
          }
        },
        {
          "name": "LOWER_RIGHT",
          "rwaccess": "readonly",
          "shortdesc": "Positions the window in the lower right corner of the screen.",
          "datatype": {
            "type": "Number",
            "value": 1298952820
          }
        }
      ]
    }
  ]
}