{
  "name": "FolioOrientationOptions",
  "enumeration": true,
  "shortdesc": "The folio orientation option.",
  "elements": [
    {
      "type": "class",
      "property": [
        {
          "name": "PORTRAIT",
          "rwaccess": "readonly",
          "shortdesc": "portrait orientation only.",
          "datatype": {
            "type": "Number",
            "value": 1751738216
          }
        },
        {
          "name": "LANDSCAPE",
          "rwaccess": "readonly",
          "shortdesc": "landscape orientation only.",
          "datatype": {
            "type": "Number",
            "value": 2003395685
          }
        },
        {
          "name": "PORTRAIT_AND_LANDSCAPE",
          "rwaccess": "readonly",
          "shortdesc": "both portrait and landscape orientations.",
          "datatype": {
            "type": "Number",
            "value": 1699303266
          }
        },
        {
          "name": "AUTO",
          "rwaccess": "readonly",
          "shortdesc": "automatic - determine orientation based on the orientation of the mini folios.",
          "datatype": {
            "type": "Number",
            "value": 1635019116
          }
        }
      ]
    }
  ]
}