{
  "name": "FolioBindingDirectionOptions",
  "enumeration": true,
  "shortdesc": "The folio binding direction option.",
  "elements": [
    {
      "type": "class",
      "property": [
        {
          "name": "LEFT",
          "rwaccess": "readonly",
          "shortdesc": "left-edge binding.",
          "datatype": {
            "type": "number",
            "value": 1835102828
          }
        },
        {
          "name": "RIGHT",
          "rwaccess": "readonly",
          "shortdesc": "right-edge binding.",
          "datatype": {
            "type": "number",
            "value": 1835102834
          }
        }
      ]
    }
  ]
}