{
  "name": "FollowShapeModeOptions",
  "enumeration": true,
  "shortdesc": "Follow-shape options for directional feathering.",
  "elements": [
    {
      "type": "class",
      "property": [
        {
          "name": "NONE",
          "rwaccess": "readonly",
          "shortdesc": "Disables shape following and uses the rectangular bounds of the object.",
          "datatype": {
            "type": "number",
            "value": 1852796517
          }
        },
        {
          "name": "LEADING_EDGE",
          "rwaccess": "readonly",
          "shortdesc": "Feathers only the leading edge facing the specified angle.",
          "datatype": {
            "type": "number",
            "value": 1701721441
          }
        },
        {
          "name": "ALL_EDGES",
          "rwaccess": "readonly",
          "shortdesc": "Feathers all edges that face the specified angle.",
          "datatype": {
            "type": "number",
            "value": 1701721442
          }
        }
      ]
    }
  ]
}