{
  "name": "Fonts",
  "dynamic": true,
  "shortdesc": "A collection of fonts.",
  "elements": [
    {
      "type": "instance",
      "method": [
        {
          "name": "count",
          "shortdesc": "Displays the number of elements in the Font.",
          "datatype": {
            "type": "number"
          }
        },
        {
          "name": "item",
          "shortdesc": "Returns the Font with the specified index or name.",
          "parameters": {
            "parameter": [
              {
                "name": "index",
                "shortdesc": "The index or name. Can accept: Long Integer or String.",
                "datatype": {
                  "type": "mixed"
                }
              }
            ]
          },
          "datatype": {
            "type": "Font"
          }
        },
        {
          "name": "itemByName",
          "shortdesc": "Returns the Font with the specified name.",
          "parameters": {
            "parameter": [
              {
                "name": "name",
                "shortdesc": "The name.",
                "datatype": {
                  "type": "string"
                }
              }
            ]
          },
          "datatype": {
            "type": "Font"
          }
        },
        {
          "name": "itemByRange",
          "shortdesc": "Returns the Fonts within the specified range.",
          "parameters": {
            "parameter": [
              {
                "name": "from",
                "shortdesc": "The Font, index, or name at the beginning of the range. Can accept: Font, Long Integer or String.",
                "datatype": {
                  "type": "mixed"
                }
              },
              {
                "name": "to",
                "shortdesc": "The Font, index, or name at the end of the range. Can accept: Font, Long Integer or String.",
                "datatype": {
                  "type": "mixed"
                }
              }
            ]
          },
          "datatype": {
            "type": "Font",
            "array": {}
          }
        },
        {
          "name": "firstItem",
          "shortdesc": "Returns the first Font in the collection.",
          "datatype": {
            "type": "Font"
          }
        },
        {
          "name": "lastItem",
          "shortdesc": "Returns the last Font in the collection.",
          "datatype": {
            "type": "Font"
          }
        },
        {
          "name": "middleItem",
          "shortdesc": "Returns the middle Font in the collection.",
          "datatype": {
            "type": "Font"
          }
        },
        {
          "name": "previousItem",
          "shortdesc": "Returns the Font with the index previous to the specified index.",
          "parameters": {
            "parameter": [
              {
                "name": "obj",
                "shortdesc": "The index of the Font that follows the desired Font.",
                "datatype": {
                  "type": "Font"
                }
              }
            ]
          },
          "datatype": {
            "type": "Font"
          }
        },
        {
          "name": "nextItem",
          "shortdesc": "Returns the Font whose index follows the specified Font in the collection.",
          "parameters": {
            "parameter": [
              {
                "name": "obj",
                "shortdesc": "The Font whose index comes before the desired Font.",
                "datatype": {
                  "type": "Font"
                }
              }
            ]
          },
          "datatype": {
            "type": "Font"
          }
        },
        {
          "name": "anyItem",
          "shortdesc": "Returns any Font in the collection.",
          "datatype": {
            "type": "Font"
          }
        },
        {
          "name": "everyItem",
          "shortdesc": "Returns every Font in the collection.",
          "datatype": {
            "type": "Font",
            "array": {}
          }
        },
        {
          "name": "toSource",
          "shortdesc": "Generates a string which, if executed, will return the Font.",
          "datatype": {
            "type": "string"
          }
        },
        {
          "name": "[]",
          "shortdesc": "Returns the Font with the specified index.",
          "parameters": {
            "parameter": [
              {
                "name": "index",
                "shortdesc": "The index.",
                "datatype": {
                  "type": "number"
                }
              }
            ]
          },
          "datatype": {
            "type": "Font"
          }
        }
      ],
      "property": [
        {
          "name": "length",
          "rwaccess": "readonly",
          "shortdesc": "The number of objects in the collection.",
          "datatype": {
            "type": "number"
          }
        }
      ]
    }
  ]
}