{
  "name": "FontTypes",
  "enumeration": true,
  "shortdesc": "Font type options.",
  "elements": [
    {
      "type": "class",
      "property": [
        {
          "name": "TYPE_1",
          "rwaccess": "readonly",
          "shortdesc": "Type 1.",
          "datatype": {
            "type": "Number",
            "value": 1718899761
          }
        },
        {
          "name": "TRUETYPE",
          "rwaccess": "readonly",
          "shortdesc": "TrueType.",
          "datatype": {
            "type": "Number",
            "value": 1718899796
          }
        },
        {
          "name": "CID",
          "rwaccess": "readonly",
          "shortdesc": "CID.",
          "datatype": {
            "type": "Number",
            "value": 1718895433
          }
        },
        {
          "name": "ATC",
          "rwaccess": "readonly",
          "shortdesc": "ATC.",
          "datatype": {
            "type": "Number",
            "value": 1718894932
          }
        },
        {
          "name": "BITMAP",
          "rwaccess": "readonly",
          "shortdesc": "Bitmap.",
          "datatype": {
            "type": "Number",
            "value": 1718895209
          }
        },
        {
          "name": "OCF",
          "rwaccess": "readonly",
          "shortdesc": "OCF.",
          "datatype": {
            "type": "Number",
            "value": 1718898499
          }
        },
        {
          "name": "OPENTYPE_CFF",
          "rwaccess": "readonly",
          "shortdesc": "OpenType CFF.",
          "datatype": {
            "type": "Number",
            "value": 1718898502
          }
        },
        {
          "name": "OPENTYPE_CID",
          "rwaccess": "readonly",
          "shortdesc": "OpenType CID.",
          "datatype": {
            "type": "Number",
            "value": 1718898505
          }
        },
        {
          "name": "OPENTYPE_TT",
          "rwaccess": "readonly",
          "shortdesc": "OpenType TT.",
          "datatype": {
            "type": "Number",
            "value": 1718898516
          }
        },
        {
          "name": "UNKNOWN",
          "rwaccess": "readonly",
          "shortdesc": "The font type is unknown.",
          "datatype": {
            "type": "Number",
            "value": 1433299822
          }
        }
      ]
    }
  ]
}