{
  "name": "FontStatus",
  "enumeration": true,
  "shortdesc": "Font status options.",
  "elements": [
    {
      "type": "class",
      "property": [
        {
          "name": "INSTALLED",
          "rwaccess": "readonly",
          "shortdesc": "The font is installed.",
          "datatype": {
            "type": "number",
            "value": 1718831470
          }
        },
        {
          "name": "NOT_AVAILABLE",
          "rwaccess": "readonly",
          "shortdesc": "The font is not available.",
          "datatype": {
            "type": "number",
            "value": 1718832705
          }
        },
        {
          "name": "FAUXED",
          "rwaccess": "readonly",
          "shortdesc": "The font has been fauxed.",
          "datatype": {
            "type": "number",
            "value": 1718830689
          }
        },
        {
          "name": "SUBSTITUTED",
          "rwaccess": "readonly",
          "shortdesc": "The font is a substitute.",
          "datatype": {
            "type": "number",
            "value": 1718834037
          }
        },
        {
          "name": "UNKNOWN",
          "rwaccess": "readonly",
          "shortdesc": "The font&apos;s status is unknown.",
          "datatype": {
            "type": "number",
            "value": 1433299822
          }
        }
      ]
    }
  ]
}