{
  "name": "FontEmbedding",
  "enumeration": true,
  "shortdesc": "Options for embedding fonts in the exported EPS.",
  "elements": [
    {
      "type": "class",
      "property": [
        {
          "name": "NONE",
          "rwaccess": "readonly",
          "shortdesc": "Embeds only references to fonts.",
          "datatype": {
            "type": "number",
            "value": 1852796517
          }
        },
        {
          "name": "COMPLETE",
          "rwaccess": "readonly",
          "shortdesc": "Embeds all fonts once per page.",
          "datatype": {
            "type": "number",
            "value": 2003332197
          }
        },
        {
          "name": "SUBSET",
          "rwaccess": "readonly",
          "shortdesc": "Embeds only the characters &amp;&#35;40;glyphs&#41; used in the document. Glyphs are downloaded once per page.",
          "datatype": {
            "type": "number",
            "value": 1768842098
          }
        }
      ]
    }
  ]
}