{
  "name": "FontDownloading",
  "enumeration": true,
  "shortdesc": "Options for downloading fonts to the printer.",
  "elements": [
    {
      "type": "class",
      "property": [
        {
          "name": "NONE",
          "rwaccess": "readonly",
          "shortdesc": "Downloads only references to fonts. Note: Use when fonts reside in the printer.",
          "datatype": {
            "type": "Number",
            "value": 1852796517
          }
        },
        {
          "name": "COMPLETE",
          "rwaccess": "readonly",
          "shortdesc": "Downloads all fonts once per page.",
          "datatype": {
            "type": "Number",
            "value": 2003332197
          }
        },
        {
          "name": "SUBSET",
          "rwaccess": "readonly",
          "shortdesc": "Downloads only the characters &#40;glyphs) used in the document. Glyphs are downloaded once per page.",
          "datatype": {
            "type": "Number",
            "value": 1768842098
          }
        },
        {
          "name": "SUBSET_LARGE",
          "rwaccess": "readonly",
          "shortdesc": "Downloads only the characters &#40;glyphs) used in the document. Glyphs are downloaded once per page. Note: Use when the number of glyphs exceeds 350.",
          "datatype": {
            "type": "Number",
            "value": 1818325607
          }
        }
      ]
    }
  ]
}