{
  "name": "FootnoteNumberingStyle",
  "enumeration": true,
  "shortdesc": "Footnote numbering style options.",
  "elements": [
    {
      "type": "class",
      "property": [
        {
          "name": "UPPER_ROMAN",
          "rwaccess": "readonly",
          "shortdesc": "Uses uppercase Roman numerals.",
          "datatype": {
            "type": "number",
            "value": 1297247605
          }
        },
        {
          "name": "LOWER_ROMAN",
          "rwaccess": "readonly",
          "shortdesc": "Uses lowercase Roman numerals.",
          "datatype": {
            "type": "number",
            "value": 1297247596
          }
        },
        {
          "name": "UPPER_LETTERS",
          "rwaccess": "readonly",
          "shortdesc": "Uses uppercase letters.",
          "datatype": {
            "type": "number",
            "value": 1296855669
          }
        },
        {
          "name": "LOWER_LETTERS",
          "rwaccess": "readonly",
          "shortdesc": "Uses lowercase letters.",
          "datatype": {
            "type": "number",
            "value": 1296855660
          }
        },
        {
          "name": "ARABIC",
          "rwaccess": "readonly",
          "shortdesc": "Uses Arabic numerals.",
          "datatype": {
            "type": "number",
            "value": 1298231906
          }
        },
        {
          "name": "SYMBOLS",
          "rwaccess": "readonly",
          "shortdesc": "Uses symbols.",
          "datatype": {
            "type": "number",
            "value": 1181971321
          }
        },
        {
          "name": "KANJI",
          "rwaccess": "readonly",
          "shortdesc": "Kanji.",
          "datatype": {
            "type": "number",
            "value": 1296788073
          }
        },
        {
          "name": "FULL_WIDTH_ARABIC",
          "rwaccess": "readonly",
          "shortdesc": "Full-width Arabic.",
          "datatype": {
            "type": "number",
            "value": 1296455521
          }
        },
        {
          "name": "SINGLE_LEADING_ZEROS",
          "rwaccess": "readonly",
          "shortdesc": "Single leading zeros.",
          "datatype": {
            "type": "number",
            "value": 1297312890
          }
        },
        {
          "name": "DOUBLE_LEADING_ZEROS",
          "rwaccess": "readonly",
          "shortdesc": "Double leading zeros.",
          "datatype": {
            "type": "number",
            "value": 1296329850
          }
        },
        {
          "name": "ASTERISKS",
          "rwaccess": "readonly",
          "shortdesc": "Asterisks.",
          "datatype": {
            "type": "number",
            "value": 1298232180
          }
        },
        {
          "name": "ARABIC_ALIF_BA_TAH",
          "rwaccess": "readonly",
          "shortdesc": "Uses Arabic Alif Ba Tah",
          "datatype": {
            "type": "number",
            "value": 1296130420
          }
        },
        {
          "name": "ARABIC_ABJAD",
          "rwaccess": "readonly",
          "shortdesc": "Uses Arabic Abjad",
          "datatype": {
            "type": "number",
            "value": 1296130410
          }
        },
        {
          "name": "HEBREW_BIBLICAL",
          "rwaccess": "readonly",
          "shortdesc": "Uses Hebrew Biblical",
          "datatype": {
            "type": "number",
            "value": 1296589410
          }
        },
        {
          "name": "HEBREW_NON_STANDARD",
          "rwaccess": "readonly",
          "shortdesc": "Uses Hebrew Non Standard",
          "datatype": {
            "type": "number",
            "value": 1296589422
          }
        }
      ]
    }
  ]
}