{
  "name": "FootnotePrefixSuffix",
  "enumeration": true,
  "shortdesc": "Footnote prefix or suffix placement options.",
  "elements": [
    {
      "type": "class",
      "property": [
        {
          "name": "NO_PREFIX_SUFFIX",
          "rwaccess": "readonly",
          "shortdesc": "Does not use a prefix or suffix.",
          "datatype": {
            "type": "number",
            "value": 1181774702
          }
        },
        {
          "name": "PREFIX_SUFFIX_REFERENCE",
          "rwaccess": "readonly",
          "shortdesc": "Places the prefix and/or suffix on the footnote reference number in the main text.",
          "datatype": {
            "type": "number",
            "value": 1181774706
          }
        },
        {
          "name": "PREFIX_SUFFIX_MARKER",
          "rwaccess": "readonly",
          "shortdesc": "Places the prefix and/or suffix on the footnote marker number in the footnote text.",
          "datatype": {
            "type": "number",
            "value": 1181774708
          }
        },
        {
          "name": "PREFIX_SUFFIX_BOTH",
          "rwaccess": "readonly",
          "shortdesc": "Places the prefix and/or suffix on both the the footnote reference number in the main text and the footnote marker number in the footnote text.",
          "datatype": {
            "type": "number",
            "value": 1181774690
          }
        }
      ]
    }
  ]
}