{
  "name": "FootnoteMarkerPositioning",
  "enumeration": true,
  "shortdesc": "Options for positioning footnote reference numbers relative to characters the main text.",
  "elements": [
    {
      "type": "class",
      "property": [
        {
          "name": "NORMAL_MARKER",
          "rwaccess": "readonly",
          "shortdesc": "Uses the position defined in the character style applied to footnote reference numbers. For information, see footnote marker style.",
          "datatype": {
            "type": "number",
            "value": 1181576816
          }
        },
        {
          "name": "SUPERSCRIPT_MARKER",
          "rwaccess": "readonly",
          "shortdesc": "Superscripts footnote reference numbers.",
          "datatype": {
            "type": "number",
            "value": 1181569904
          }
        },
        {
          "name": "SUBSCRIPT_MARKER",
          "rwaccess": "readonly",
          "shortdesc": "Subscripts footnote reference numbers.",
          "datatype": {
            "type": "number",
            "value": 1181578096
          }
        },
        {
          "name": "RUBY_MARKER",
          "rwaccess": "readonly",
          "shortdesc": "Gives the marker ruby style positioning.",
          "datatype": {
            "type": "number",
            "value": 1181577840
          }
        }
      ]
    }
  ]
}