{
  "name": "Footnotes",
  "dynamic": true,
  "shortdesc": "A collection of footnotes.",
  "elements": [
    {
      "type": "instance",
      "method": [
        {
          "name": "count",
          "shortdesc": "Displays the number of elements in the Footnote.",
          "datatype": {
            "type": "Number"
          }
        },
        {
          "name": "add",
          "shortdesc": "Creates a new footnote.",
          "parameters": [
            {
              "name": "at",
              "optional": true,
              "shortdesc": "The location of the footnote reference number in the main text relative to the reference object or within the story. &#40;Optional)",
              "datatype": {
                "type": "LocationOptions",
                "value": "LocationOptions.UNKNOWN"
              }
            },
            {
              "name": "reference",
              "shortdesc": "The reference object. Note: Must be an insertion point or a note. Required when the at parameter specifies before or after. Can accept: Note or InsertionPoint. &#40;Optional)",
              "datatype": {
                "type": "Mixed"
              }
            },
            {
              "name": "withProperties",
              "shortdesc": "Initial values for properties of the new Footnote &#40;Optional)",
              "datatype": {
                "type": "Object"
              }
            }
          ],
          "datatype": {
            "type": "Footnote"
          }
        },
        {
          "name": "item",
          "shortdesc": "Returns the Footnote with the specified index or name.",
          "parameters": [
            {
              "name": "index",
              "shortdesc": "The index or name. Can accept: Long Integer or String.",
              "datatype": {
                "type": "Mixed"
              }
            }
          ],
          "datatype": {
            "type": "Footnote"
          }
        },
        {
          "name": "itemByName",
          "shortdesc": "Returns the Footnote with the specified name.",
          "parameters": [
            {
              "name": "name",
              "shortdesc": "The name.",
              "datatype": {
                "type": "String"
              }
            }
          ],
          "datatype": {
            "type": "Footnote"
          }
        },
        {
          "name": "itemByID",
          "shortdesc": "Returns the Footnote with the specified ID.",
          "parameters": [
            {
              "name": "id",
              "shortdesc": "The ID.",
              "datatype": {
                "type": "Number"
              }
            }
          ],
          "datatype": {
            "type": "Footnote"
          }
        },
        {
          "name": "itemByRange",
          "shortdesc": "Returns the Footnotes within the specified range.",
          "parameters": [
            {
              "name": "from",
              "shortdesc": "The Footnote, index, or name at the beginning of the range. Can accept: Footnote, Long Integer or String.",
              "datatype": {
                "type": "Mixed"
              }
            },
            {
              "name": "to",
              "shortdesc": "The Footnote, index, or name at the end of the range. Can accept: Footnote, Long Integer or String.",
              "datatype": {
                "type": "Mixed"
              }
            }
          ],
          "datatype": {
            "type": "Footnote",
            "array": true
          }
        },
        {
          "name": "firstItem",
          "shortdesc": "Returns the first Footnote in the collection.",
          "datatype": {
            "type": "Footnote"
          }
        },
        {
          "name": "lastItem",
          "shortdesc": "Returns the last Footnote in the collection.",
          "datatype": {
            "type": "Footnote"
          }
        },
        {
          "name": "middleItem",
          "shortdesc": "Returns the middle Footnote in the collection.",
          "datatype": {
            "type": "Footnote"
          }
        },
        {
          "name": "previousItem",
          "shortdesc": "Returns the Footnote with the index previous to the specified index.",
          "parameters": [
            {
              "name": "obj",
              "shortdesc": "The index of the Footnote that follows the desired Footnote.",
              "datatype": {
                "type": "Footnote"
              }
            }
          ],
          "datatype": {
            "type": "Footnote"
          }
        },
        {
          "name": "nextItem",
          "shortdesc": "Returns the Footnote whose index follows the specified Footnote in the collection.",
          "parameters": [
            {
              "name": "obj",
              "shortdesc": "The Footnote whose index comes before the desired Footnote.",
              "datatype": {
                "type": "Footnote"
              }
            }
          ],
          "datatype": {
            "type": "Footnote"
          }
        },
        {
          "name": "anyItem",
          "shortdesc": "Returns any Footnote in the collection.",
          "datatype": {
            "type": "Footnote"
          }
        },
        {
          "name": "everyItem",
          "shortdesc": "Returns every Footnote in the collection.",
          "datatype": {
            "type": "Footnote",
            "array": true
          }
        },
        {
          "name": "toSource",
          "shortdesc": "Generates a string which, if executed, will return the Footnote.",
          "datatype": {
            "type": "String"
          }
        },
        {
          "name": "[]",
          "shortdesc": "Returns the Footnote with the specified index.",
          "parameters": [
            {
              "name": "index",
              "shortdesc": "The index.",
              "datatype": {
                "type": "Number"
              }
            }
          ],
          "datatype": {
            "type": "Footnote"
          }
        }
      ],
      "property": [
        {
          "name": "length",
          "rwaccess": "readonly",
          "shortdesc": "The number of objects in the collection.",
          "datatype": {
            "type": "Number"
          }
        }
      ]
    }
  ]
}