{
  "name": "FootnoteRestarting",
  "enumeration": true,
  "shortdesc": "Options for restarting footnote numbering.",
  "elements": [
    {
      "type": "class",
      "property": [
        {
          "name": "DONT_RESTART",
          "rwaccess": "readonly",
          "shortdesc": "Does not restart numbering; numbers footnotes sequentially throughout the document.",
          "datatype": {
            "type": "number",
            "value": 1180988019
          }
        },
        {
          "name": "PAGE_RESTART",
          "rwaccess": "readonly",
          "shortdesc": "Restarts footnote numbering on each page.",
          "datatype": {
            "type": "number",
            "value": 1181774451
          }
        },
        {
          "name": "SPREAD_RESTART",
          "rwaccess": "readonly",
          "shortdesc": "Restarts footnote numbering on each spread.",
          "datatype": {
            "type": "number",
            "value": 1181971059
          }
        },
        {
          "name": "SECTION_RESTART",
          "rwaccess": "readonly",
          "shortdesc": "Restarts footnote numbering in each section.",
          "datatype": {
            "type": "number",
            "value": 1181053555
          }
        }
      ]
    }
  ]
}