{
  "name": "FootnoteFirstBaseline",
  "enumeration": true,
  "shortdesc": "Options for specifying the amount of vertical space between the top of the footnote container and the first line of footnote text.",
  "elements": [
    {
      "type": "class",
      "property": [
        {
          "name": "ASCENT_OFFSET",
          "rwaccess": "readonly",
          "shortdesc": "The tallest character in the font falls below the top of the footnote container.",
          "datatype": {
            "type": "Number",
            "value": 1296135023
          }
        },
        {
          "name": "CAP_HEIGHT",
          "rwaccess": "readonly",
          "shortdesc": "The tops of upper case letters touch the top of the footnote container.",
          "datatype": {
            "type": "Number",
            "value": 1296255087
          }
        },
        {
          "name": "LEADING_OFFSET",
          "rwaccess": "readonly",
          "shortdesc": "The leading value of the text defines the distance between the baseline of the text and the top of the footnote container.",
          "datatype": {
            "type": "Number",
            "value": 1296852079
          }
        },
        {
          "name": "EMBOX_HEIGHT",
          "rwaccess": "readonly",
          "shortdesc": "The em box height of the text defines the distance between the baseline of the text and the top of the footnote container.",
          "datatype": {
            "type": "Number",
            "value": 1296386159
          }
        },
        {
          "name": "X_HEIGHT",
          "rwaccess": "readonly",
          "shortdesc": "The tops of lower case letters without ascents, such as x, touch the top of the footnote container.",
          "datatype": {
            "type": "Number",
            "value": 1299728495
          }
        },
        {
          "name": "FIXED_HEIGHT",
          "rwaccess": "readonly",
          "shortdesc": "The footnote minimum first baseline offset value defines the distance between the baseline of the text and the top of the footnote container.",
          "datatype": {
            "type": "Number",
            "value": 1313228911
          }
        }
      ]
    }
  ]
}