{
  "name": "FormField",
  "dynamic": true,
  "superclass": {
    "href": "#/PageItem",
    "$t": "PageItem"
  },
  "shortdesc": "A form field.",
  "elements": [
    {
      "type": "class",
      "property": [
        {
          "name": "BEFORE_PLACE",
          "rwaccess": "readonly",
          "shortdesc": "Dispatched before a FormField is placed. This event bubbles. This event is cancelable.",
          "datatype": {
            "type": "String",
            "value": "beforePlace"
          }
        },
        {
          "name": "AFTER_PLACE",
          "rwaccess": "readonly",
          "shortdesc": "Dispatched after a FormField is placed. This event bubbles. This event is not cancelable.",
          "datatype": {
            "type": "String",
            "value": "afterPlace"
          }
        }
      ]
    },
    {
      "type": "instance",
      "property": [
        {
          "name": "anchoredObjectSettings",
          "rwaccess": "readonly",
          "shortdesc": "Anchored object settings.",
          "datatype": {
            "type": "AnchoredObjectSetting"
          }
        },
        {
          "name": "textWrapPreferences",
          "rwaccess": "readonly",
          "shortdesc": "The text wrap preference properties that define the default formatting for wrapping text around objects.",
          "datatype": {
            "type": "TextWrapPreference"
          }
        },
        {
          "name": "associatedXMLElement",
          "rwaccess": "readonly",
          "shortdesc": "The XML element associated with the FormField.",
          "datatype": {
            "type": "XMLItem"
          }
        },
        {
          "name": "transparencySettings",
          "rwaccess": "readonly",
          "shortdesc": "Transparency settings.",
          "datatype": {
            "type": "TransparencySetting"
          }
        },
        {
          "name": "strokeTransparencySettings",
          "rwaccess": "readonly",
          "shortdesc": "Transparency settings for the stroke.",
          "datatype": {
            "type": "StrokeTransparencySetting"
          }
        },
        {
          "name": "fillTransparencySettings",
          "rwaccess": "readonly",
          "shortdesc": "Transparency settings for the fill applied to the FormField.",
          "datatype": {
            "type": "FillTransparencySetting"
          }
        },
        {
          "name": "contentTransparencySettings",
          "rwaccess": "readonly",
          "shortdesc": "Transparency settings for the content of the FormField.",
          "datatype": {
            "type": "ContentTransparencySetting"
          }
        },
        {
          "name": "linkedPageItemOptions",
          "rwaccess": "readonly",
          "shortdesc": "Linked Page Item options",
          "datatype": {
            "type": "LinkedPageItemOption"
          }
        },
        {
          "name": "overridden",
          "rwaccess": "readonly",
          "shortdesc": "If true, the object originated on a master spread and was overridden. If false, the object either originated on a master spread and was not overridden, or the object did not originate on a master page.",
          "datatype": {
            "type": "Boolean"
          }
        },
        {
          "name": "overriddenMasterPageItem",
          "rwaccess": "readonly",
          "shortdesc": "An object that originated on a master page and has been overridden. Can return: PageItem, Guide, Graphic, Movie or Sound.",
          "datatype": {
            "type": "Mixed"
          }
        },
        {
          "name": "allPageItems",
          "rwaccess": "readonly",
          "shortdesc": "Lists all page items contained by the FormField.",
          "datatype": {
            "type": "PageItem",
            "array": true
          }
        },
        {
          "name": "allGraphics",
          "rwaccess": "readonly",
          "shortdesc": "Lists all graphics contained by the FormField.",
          "datatype": {
            "type": "Graphic",
            "array": true
          }
        },
        {
          "name": "parentPage",
          "rwaccess": "readonly",
          "shortdesc": "The page on which this page item appears.",
          "datatype": {
            "type": "Page"
          }
        },
        {
          "name": "animationSettings",
          "rwaccess": "readonly",
          "shortdesc": "The page item animation settings.",
          "datatype": {
            "type": "AnimationSetting"
          }
        },
        {
          "name": "timingSettings",
          "rwaccess": "readonly",
          "shortdesc": "The object timing settings.",
          "datatype": {
            "type": "TimingSetting"
          }
        },
        {
          "name": "allArticles",
          "rwaccess": "readonly",
          "shortdesc": "The list of all articles this page item is part of",
          "datatype": {
            "type": "Article",
            "array": true
          }
        },
        {
          "name": "id",
          "rwaccess": "readonly",
          "shortdesc": "The unique ID of the FormField.",
          "datatype": {
            "type": "Number"
          }
        },
        {
          "name": "isValid",
          "rwaccess": "readonly",
          "shortdesc": "Returns true if the object specifier resolves to valid objects.",
          "datatype": {
            "type": "Boolean"
          }
        },
        {
          "name": "parent",
          "rwaccess": "readonly",
          "shortdesc": "The parent of the FormField &#40;a PlaceGun, Spread, MasterSpread, SplineItem, Polygon, GraphicLine, Rectangle, Oval, Group, Character or Snippet).",
          "datatype": {
            "type": "Mixed"
          }
        },
        {
          "name": "index",
          "rwaccess": "readonly",
          "shortdesc": "The index of the FormField within its containing object.",
          "datatype": {
            "type": "Number"
          }
        },
        {
          "name": "preferences",
          "rwaccess": "readonly",
          "shortdesc": "A collection of preferences objects.",
          "datatype": {
            "type": "Preferences"
          }
        },
        {
          "name": "events",
          "rwaccess": "readonly",
          "shortdesc": "A collection of events.",
          "datatype": {
            "type": "Events"
          }
        },
        {
          "name": "eventListeners",
          "rwaccess": "readonly",
          "shortdesc": "A collection of event listeners.",
          "datatype": {
            "type": "EventListeners"
          }
        },
        {
          "name": "activeStateIndex",
          "shortdesc": "The index of the active state in the object's states collection.",
          "datatype": {
            "type": "Number"
          }
        },
        {
          "name": "name",
          "shortdesc": "The name of the FormField.",
          "datatype": {
            "type": "String"
          }
        },
        {
          "name": "description",
          "shortdesc": "The description of the FormField.",
          "datatype": {
            "type": "String"
          }
        },
        {
          "name": "allowOverrides",
          "shortdesc": "If true, the master page item can be overridden.",
          "datatype": {
            "type": "Boolean"
          }
        },
        {
          "name": "horizontalLayoutConstraints",
          "shortdesc": "The left margin, width, and right margin constraints this item is subject to when using the object-based layout rule.",
          "datatype": {
            "type": "DimensionsConstraints",
            "array": true
          }
        },
        {
          "name": "verticalLayoutConstraints",
          "shortdesc": "The top margin, height, and bottom margin constraints this item is subject to when using the object-based layout rule.",
          "datatype": {
            "type": "DimensionsConstraints",
            "array": true
          }
        },
        {
          "name": "geometricBounds",
          "shortdesc": "The bounds of the FormField excluding the stroke width, in the format [y1, x1, y2, x2], which give the coordinates of the top-left and bottom-right corners of the bounding box.",
          "datatype": {
            "type": "Measurement Unit &amp;&#35;40;Number or String&#41;=any",
            "array": true
          }
        },
        {
          "name": "visibleBounds",
          "shortdesc": "The bounds of the FormField including the stroke width, in the format [y1, x1, y2, x2], which give the coordinates of the top-left and bottom-right corners of the bounding box.",
          "datatype": {
            "type": "Measurement Unit &amp;&#35;40;Number or String&#41;=any",
            "array": true
          }
        },
        {
          "name": "fillColor",
          "shortdesc": "The swatch &#40;color, gradient, tint, or mixed ink) applied to the fill of the FormField. . Can also accept: String.",
          "datatype": {
            "type": "Swatch"
          }
        },
        {
          "name": "fillTint",
          "shortdesc": "The percent of tint to use in the FormField's fill color. &#40;To specify a tint percent, use a number in the range of 0 to 100; to use the inherited or overridden value, use -1.)",
          "datatype": {
            "type": "Number"
          }
        },
        {
          "name": "overprintFill",
          "shortdesc": "If true, the FormField's fill color overprints any underlying objects. If false, the fill color knocks out the underlying colors.",
          "datatype": {
            "type": "Boolean"
          }
        },
        {
          "name": "strokeWeight",
          "shortdesc": "The weight &#40;in points) to apply to the FormField's stroke.",
          "datatype": {
            "type": "Measurement Unit &amp;&#35;40;Number or String&#41;=any"
          }
        },
        {
          "name": "miterLimit",
          "shortdesc": "The limit of the ratio of stroke width to miter length before a miter &#40;pointed) join becomes a bevel (squared-off) join.",
          "datatype": {
            "type": "Number",
            "min": 1,
            "max": 500,
            "value": 4
          }
        },
        {
          "name": "endCap",
          "shortdesc": "The end shape of an open path.",
          "datatype": {
            "type": "EndCap"
          }
        },
        {
          "name": "endJoin",
          "shortdesc": "The corner join applied to the FormField.",
          "datatype": {
            "type": "EndJoin"
          }
        },
        {
          "name": "strokeType",
          "shortdesc": "The name of the stroke style to apply. Can also accept: String.",
          "datatype": {
            "type": "StrokeStyle"
          }
        },
        {
          "name": "strokeCornerAdjustment",
          "shortdesc": "The corner adjustment applied to the FormField.",
          "datatype": {
            "type": "StrokeCornerAdjustment"
          }
        },
        {
          "name": "strokeDashAndGap",
          "shortdesc": "The dash and gap measurements that define the pattern of a custom dashed line. Define up to six values &#40;in points) in the format [dash1, gap1, dash2, gap2, dash3, gap3].",
          "datatype": {
            "type": "Measurement Unit &amp;&#35;40;Number or String&#41;=any",
            "array": true
          }
        },
        {
          "name": "leftLineEnd",
          "shortdesc": "The arrowhead applied to the start of the path.",
          "datatype": {
            "type": "ArrowHead"
          }
        },
        {
          "name": "rightLineEnd",
          "shortdesc": "The arrowhead applied to the end of the path.",
          "datatype": {
            "type": "ArrowHead"
          }
        },
        {
          "name": "strokeColor",
          "shortdesc": "The swatch &#40;color, gradient, tint, or mixed ink) applied to the stroke of the FormField. Can also accept: String.",
          "datatype": {
            "type": "Swatch"
          }
        },
        {
          "name": "strokeTint",
          "shortdesc": "The percent of tint to use in object's stroke color. &#40;To specify a tint percent, use a number in the range of 0 to 100; to use the inherited or overridden value, use -1.)",
          "datatype": {
            "type": "Number"
          }
        },
        {
          "name": "gradientFillStart",
          "shortdesc": "The starting point &#40;in page coordinates) of a gradient applied to the fill of the FormField, in the format [x, y].",
          "datatype": {
            "type": "Measurement Unit &amp;&#35;40;Number or String&#41;=any",
            "array": true
          }
        },
        {
          "name": "gradientFillLength",
          "shortdesc": "The length &#40;for a linear gradient) or radius (for a radial gradient) applied to the fill of the FormField.",
          "datatype": {
            "type": "Measurement Unit &amp;&#35;40;Number or String&#41;=any"
          }
        },
        {
          "name": "gradientFillAngle",
          "shortdesc": "The angle of a linear gradient applied to the fill of the FormField. &#40;Range: -180 to 180)",
          "datatype": {
            "type": "Number"
          }
        },
        {
          "name": "gradientStrokeStart",
          "shortdesc": "The starting point &#40;in page coordinates) of a gradient applied to the stroke of the FormField, in the format [x, y].",
          "datatype": {
            "type": "Measurement Unit &amp;&#35;40;Number or String&#41;=any",
            "array": true
          }
        },
        {
          "name": "gradientStrokeLength",
          "shortdesc": "The length &#40;for a linear gradient) or radius (for a radial gradient) applied to the stroke of the FormField.",
          "datatype": {
            "type": "Measurement Unit &amp;&#35;40;Number or String&#41;=any"
          }
        },
        {
          "name": "gradientStrokeAngle",
          "shortdesc": "The angle of a linear gradient applied to the stroke of the FormField. &#40;Range: -180 to 180)",
          "datatype": {
            "type": "Number"
          }
        },
        {
          "name": "overprintStroke",
          "shortdesc": "If true, the FormField's stroke color overprints any underlying objects. If false, the stroke color knocks out the  underlying colors.",
          "datatype": {
            "type": "Boolean"
          }
        },
        {
          "name": "gapColor",
          "shortdesc": "The swatch &#40;color, gradient, tint, or mixed ink) applied to the gap of a dashed, dotted, or striped stroke. For information, see stroke type.",
          "datatype": {
            "type": "Swatch"
          }
        },
        {
          "name": "gapTint",
          "shortdesc": "The tint as a percentage of the gap color. &#40;To specify a tint percent, use a number in the range of 0 to 100; to use the inherited or overridden value, use -1.)",
          "datatype": {
            "type": "Number"
          }
        },
        {
          "name": "overprintGap",
          "shortdesc": "If true, the gap color overprints any underlying colors. If false, the gap color knocks out the underlying colors.",
          "datatype": {
            "type": "Boolean"
          }
        },
        {
          "name": "strokeAlignment",
          "shortdesc": "The stroke alignment applied to the FormField.",
          "datatype": {
            "type": "StrokeAlignment"
          }
        },
        {
          "name": "nonprinting",
          "shortdesc": "If true, the FormField does not print.",
          "datatype": {
            "type": "Boolean"
          }
        },
        {
          "name": "itemLayer",
          "shortdesc": "The layer that the FormField is on.",
          "datatype": {
            "type": "Layer"
          }
        },
        {
          "name": "locked",
          "shortdesc": "If true, the FormField is locked.",
          "datatype": {
            "type": "Boolean"
          }
        },
        {
          "name": "localDisplaySetting",
          "shortdesc": "Display performance options for the FormField.",
          "datatype": {
            "type": "DisplaySettingOptions"
          }
        },
        {
          "name": "rotationAngle",
          "shortdesc": "The rotatation angle of the FormField. &#40;Range: -360 to 360)",
          "datatype": {
            "type": "Number"
          }
        },
        {
          "name": "shearAngle",
          "shortdesc": "The skewing angle applied to the FormField. &#40;Range: -360 to 360)",
          "datatype": {
            "type": "Number"
          }
        },
        {
          "name": "horizontalScale",
          "shortdesc": "The horizontal scaling applied to the FormField.",
          "datatype": {
            "type": "Number"
          }
        },
        {
          "name": "verticalScale",
          "shortdesc": "The vertical scaling applied to the FormField.",
          "datatype": {
            "type": "Number"
          }
        },
        {
          "name": "absoluteRotationAngle",
          "shortdesc": "The rotation angle of the FormField relative to its containing object. &#40;Range: -360 to 360)",
          "datatype": {
            "type": "Number"
          }
        },
        {
          "name": "absoluteShearAngle",
          "shortdesc": "The skewing angle of the FormField relative to its containing object. &#40;Range: -360 to 360)",
          "datatype": {
            "type": "Number"
          }
        },
        {
          "name": "absoluteHorizontalScale",
          "shortdesc": "The horizontal scale of the FormField relative to its containing object.",
          "datatype": {
            "type": "Number"
          }
        },
        {
          "name": "absoluteVerticalScale",
          "shortdesc": "The vertical scale of the FormField relative to its containing object.",
          "datatype": {
            "type": "Number"
          }
        },
        {
          "name": "appliedObjectStyle",
          "shortdesc": "The object style applied to the FormField.",
          "datatype": {
            "type": "ObjectStyle"
          }
        },
        {
          "name": "flip",
          "shortdesc": "The direction in which to flip the printed image.",
          "datatype": {
            "type": "Flip"
          }
        },
        {
          "name": "absoluteFlip",
          "shortdesc": "Indicates whether the FormField has been flipped independently of its parent object and, if yes, the direction in which the FormField was flipped.",
          "datatype": {
            "type": "Flip"
          }
        },
        {
          "name": "visible",
          "shortdesc": "If true, the FormField is visible.",
          "datatype": {
            "type": "Boolean"
          }
        },
        {
          "name": "topLeftCornerOption",
          "shortdesc": "The shape to be applied to the top left corner of rectangular shapes and all corners of non-rectangular shapes.Note: corner option differs from end join in which you can set a radius for a corner option, whereas the rounded or beveled effect of an end join depends on the stroke weight.",
          "datatype": {
            "type": "CornerOptions"
          }
        },
        {
          "name": "topRightCornerOption",
          "shortdesc": "The shape to apply to the top right corner of rectangular shapes",
          "datatype": {
            "type": "CornerOptions"
          }
        },
        {
          "name": "bottomLeftCornerOption",
          "shortdesc": "The shape to apply to the bottom left corner of rectangular shapes.",
          "datatype": {
            "type": "CornerOptions"
          }
        },
        {
          "name": "bottomRightCornerOption",
          "shortdesc": "The shape to apply to the bottom right corner of rectangular shapes.",
          "datatype": {
            "type": "CornerOptions"
          }
        },
        {
          "name": "topLeftCornerRadius",
          "shortdesc": "The radius in measurement units of the corner effect applied to the top left corner of rectangular shapes and all corners of non-rectangular shapes",
          "datatype": {
            "type": "Measurement Unit &amp;&#35;40;Number or String&#41;=any"
          }
        },
        {
          "name": "topRightCornerRadius",
          "shortdesc": "The radius in measurement units of the corner effect applied to the top right corner of rectangular shapes",
          "datatype": {
            "type": "Measurement Unit &amp;&#35;40;Number or String&#41;=any"
          }
        },
        {
          "name": "bottomLeftCornerRadius",
          "shortdesc": "The radius in measurement units of the corner effect applied to the bottom left corner of rectangular shapes",
          "datatype": {
            "type": "Measurement Unit &amp;&#35;40;Number or String&#41;=any"
          }
        },
        {
          "name": "bottomRightCornerRadius",
          "shortdesc": "The radius in measurement units of the corner effect applied to the bottom right corner of rectangular shapes",
          "datatype": {
            "type": "Measurement Unit &amp;&#35;40;Number or String&#41;=any"
          }
        },
        {
          "name": "label",
          "shortdesc": "A property that can be set to any string.",
          "datatype": {
            "type": "String"
          }
        },
        {
          "name": "properties",
          "shortdesc": "A property that allows setting of several properties at the same time.",
          "datatype": {
            "type": "Object"
          }
        }
      ],
      "method": [
        {
          "name": "placeXML",
          "shortdesc": "Places XML content into the specified object. Note: Replaces any existing content.",
          "parameters": [
            {
              "name": "using",
              "shortdesc": "The XML element whose content you want to place.",
              "datatype": {
                "type": "XMLElement"
              }
            }
          ]
        },
        {
          "name": "autoTag",
          "shortdesc": "Tag the object or the parent story using default tags defined in XML preference."
        },
        {
          "name": "markup",
          "shortdesc": "Associates the page item with the specified XML element while preserving existing content.",
          "parameters": [
            {
              "name": "using",
              "shortdesc": "The XML element.",
              "datatype": {
                "type": "XMLElement"
              }
            }
          ]
        },
        {
          "name": "findObject",
          "shortdesc": "Finds objects that match the find what value.",
          "parameters": [
            {
              "name": "reverseOrder",
              "shortdesc": "If true, returns the results in reverse order. &#40;Optional)",
              "datatype": {
                "type": "Boolean"
              }
            }
          ],
          "datatype": {
            "type": "PageItem",
            "array": true
          }
        },
        {
          "name": "changeObject",
          "shortdesc": "Finds objects that match the find what value and replace the objects with the change to value.",
          "parameters": [
            {
              "name": "reverseOrder",
              "shortdesc": "If true, returns the results in reverse order. &#40;Optional)",
              "datatype": {
                "type": "Boolean"
              }
            }
          ],
          "datatype": {
            "type": "PageItem",
            "array": true
          }
        },
        {
          "name": "override",
          "shortdesc": "Overrides a master page item and places the item on the document page as a new object.",
          "parameters": [
            {
              "name": "destinationPage",
              "shortdesc": "The document page that contains the master page item to override.",
              "datatype": {
                "type": "Page"
              }
            }
          ],
          "datatype": {
            "type": "Mixed"
          }
        },
        {
          "name": "removeOverride",
          "shortdesc": "Removes the override from a previously overridden master page item."
        },
        {
          "name": "detach",
          "shortdesc": "Detaches an overridden master page item from the master page."
        },
        {
          "name": "remove",
          "shortdesc": "Deletes the FormField."
        },
        {
          "name": "fit",
          "shortdesc": "Applies the specified fit option to content in a frame.",
          "parameters": [
            {
              "name": "given",
              "shortdesc": "The fit option to use.",
              "datatype": {
                "type": "FitOptions"
              }
            }
          ]
        },
        {
          "name": "flipItem",
          "shortdesc": "Flips the FormField.",
          "parameters": [
            {
              "name": "given",
              "shortdesc": "The axis around which to flip the FormField.",
              "datatype": {
                "type": "Flip"
              }
            },
            {
              "name": "around",
              "shortdesc": "The point around which to flip the FormField. Can accept: Array of 2 Units or AnchorPoint enumerator. &#40;Optional)",
              "datatype": {
                "type": "Mixed"
              }
            }
          ]
        },
        {
          "name": "duplicate",
          "shortdesc": "Duplicates the FormField at the specified location or offset.",
          "parameters": [
            {
              "name": "to",
              "shortdesc": "The location of the new FormField, specified in coordinates in the format [x, y]. Can accept: Array of 2 Units, Spread, Page or Layer. &#40;Optional)",
              "datatype": {
                "type": "Mixed"
              }
            },
            {
              "name": "by",
              "shortdesc": "Amount by which to offset the new FormField from the original FormField's position. &#40;Optional)",
              "datatype": {
                "type": "Measurement Unit &amp;&#35;40;Number or String&#41;=any",
                "array": true
              }
            }
          ],
          "datatype": {
            "type": "PageItem"
          }
        },
        {
          "name": "move",
          "shortdesc": "Moves the FormField to a new location. Note: Either the 'to' or 'by' parameter is required; if both parameters are defined, only the to value is used.",
          "parameters": [
            {
              "name": "to",
              "shortdesc": "The new location of the FormField,in the format &#40;x, y). Can accept: Array of 2 Units, Spread, Page or Layer. (Optional)",
              "datatype": {
                "type": "Mixed"
              }
            },
            {
              "name": "by",
              "shortdesc": "The amount &#40;in measurement units) to move the FormField relative to its current position, in the format (x, y). (Optional)",
              "datatype": {
                "type": "Measurement Unit &amp;&#35;40;Number or String&#41;=any",
                "array": true
              }
            }
          ]
        },
        {
          "name": "applyObjectStyle",
          "shortdesc": "Applies the specified object style.",
          "parameters": [
            {
              "name": "using",
              "shortdesc": "The object style to apply.",
              "datatype": {
                "type": "ObjectStyle"
              }
            },
            {
              "name": "clearingOverrides",
              "optional": true,
              "shortdesc": "If true, clears the FormField's existing attributes before applying the style. &#40;Optional)",
              "datatype": {
                "type": "Boolean",
                "value": true
              }
            },
            {
              "name": "clearingOverridesThroughRootObjectStyle",
              "optional": true,
              "shortdesc": "If true, clears attributes and formatting applied to the FormField that are not defined in the object style. &#40;Optional)",
              "datatype": {
                "type": "Boolean",
                "value": false
              }
            }
          ]
        },
        {
          "name": "clearObjectStyleOverrides",
          "shortdesc": "Clear overrides for object style"
        },
        {
          "name": "convertShape",
          "shortdesc": "Converts the FormField to a different shape.",
          "parameters": [
            {
              "name": "given",
              "shortdesc": "The FormField's new shape.",
              "datatype": {
                "type": "ConvertShapeOptions"
              }
            },
            {
              "name": "numberOfSides",
              "shortdesc": "The number of sides for the resulting polygon. &#40;Range: 3 to 100) (Optional)",
              "datatype": {
                "type": "Number",
                "min": 3,
                "max": 100
              }
            },
            {
              "name": "insetPercentage",
              "shortdesc": "The star inset percentage for the resulting polygon. &#40;Range: 0.0 to 100.0)  (Optional)",
              "datatype": {
                "type": "Number",
                "min": 0,
                "max": 100
              }
            },
            {
              "name": "cornerRadius",
              "shortdesc": "The corner radius of the resulting rectangle. &#40;Optional)",
              "datatype": {
                "type": "Measurement Unit &amp;&#35;40;Number or String&#41;=any",
                "min": 0,
                "max": 800
              }
            }
          ]
        },
        {
          "name": "clearTransformations",
          "shortdesc": "Clears transformations from the FormField. Transformations include rotation, scaling, flipping, fitting, and shearing."
        },
        {
          "name": "transform",
          "shortdesc": "Transform the page item.",
          "parameters": [
            {
              "name": "in",
              "shortdesc": "The coordinate space to use",
              "datatype": {
                "type": "CoordinateSpaces"
              }
            },
            {
              "name": "from",
              "shortdesc": "The temporary origin during the transformation. Can accept: Array of 2 Reals, AnchorPoint enumerator or Array of Arrays of 2 Reals, CoordinateSpaces enumerators, AnchorPoint enumerators, BoundingBoxLimits enumerators or Long Integers.",
              "datatype": {
                "type": "Mixed"
              }
            },
            {
              "name": "withMatrix",
              "shortdesc": "Transform matrix. Can accept: Array of 6 Reals or TransformationMatrix.",
              "datatype": {
                "type": "Mixed"
              }
            },
            {
              "name": "replacingCurrent",
              "shortdesc": "Transform components to consider; providing this optional parameter causes the target's existing transform components to be replaced with new values.  Without this parameter, the given matrix is concatenated onto the target's existing transform combining the effect of the two. Can accept: MatrixContent enumerator, Array of MatrixContent enumerators or Long Integer. &#40;Optional)",
              "datatype": {
                "type": "Mixed"
              }
            },
            {
              "name": "consideringRulerUnits",
              "optional": true,
              "shortdesc": "If true then a ruler based origin is interpreted using ruler units rather than points. The default value is false. This parameter has no effect unless the reference point is specified relative to a page. &#40;Optional)",
              "datatype": {
                "type": "Boolean",
                "value": false
              }
            }
          ]
        },
        {
          "name": "transformValuesOf",
          "shortdesc": "Get the transformation values of the page item.",
          "parameters": [
            {
              "name": "in",
              "shortdesc": "The coordinate space to use",
              "datatype": {
                "type": "CoordinateSpaces"
              }
            }
          ],
          "datatype": {
            "type": "TransformationMatrix",
            "array": true
          }
        },
        {
          "name": "resolve",
          "shortdesc": "Get the coordinates of the given location in the specified coordinate system.",
          "parameters": [
            {
              "name": "location",
              "shortdesc": "The location requested. Can accept: Array of 2 Reals, AnchorPoint enumerator or Array of Arrays of 2 Reals, CoordinateSpaces enumerators, AnchorPoint enumerators, BoundingBoxLimits enumerators or Long Integers.",
              "datatype": {
                "type": "Mixed"
              }
            },
            {
              "name": "in",
              "shortdesc": "The coordinate space to use.",
              "datatype": {
                "type": "CoordinateSpaces"
              }
            },
            {
              "name": "consideringRulerUnits",
              "optional": true,
              "shortdesc": "If true then a ruler location is interpreted using ruler units rather than points. The default value is false. This parameter has no effect unless the reference point is specified relative to a page. &#40;Optional)",
              "datatype": {
                "type": "Boolean",
                "value": false
              }
            }
          ],
          "datatype": {
            "type": "Mixed"
          }
        },
        {
          "name": "redefineScaling",
          "shortdesc": "Apply an item's scaling to its content if possible.",
          "parameters": [
            {
              "name": "to",
              "shortdesc": "The scale factors to be left on the item.  The default is {1.0, 1.0}. &#40;Optional)",
              "datatype": {
                "type": "Number",
                "array": true
              }
            }
          ]
        },
        {
          "name": "resize",
          "shortdesc": "Resize the page item.",
          "parameters": [
            {
              "name": "in",
              "shortdesc": "The bounding box to resize. Can accept: CoordinateSpaces enumerator, BoundingBoxLimits enumerator or Ordered array containing coordinateSpace:CoordinateSpaces enumerator, boundsKind:BoundingBoxLimits enumerator.",
              "datatype": {
                "type": "Mixed"
              }
            },
            {
              "name": "from",
              "shortdesc": "The transform origin. Legal specifications: relative to bounding box: anchor | {anchor | {x,y}, bounds kind [, coordinate space]}; relative to coordinate space: {x,y} | {{x,y}[, coordinate space]}; relative to layout window ruler: {{x,y}, page index | bounds kind}. Can accept: Array of 2 Reals, AnchorPoint enumerator or Array of Arrays of 2 Reals, CoordinateSpaces enumerators, AnchorPoint enumerators, BoundingBoxLimits enumerators or Long Integers.",
              "datatype": {
                "type": "Mixed"
              }
            },
            {
              "name": "by",
              "shortdesc": "How the current dimensions are affected by the given values",
              "datatype": {
                "type": "ResizeMethods"
              }
            },
            {
              "name": "values",
              "shortdesc": "The width and height values. Legal dimensions specifications: {x, y [, coordinate space]}, {x, resize constraint [, coordinate space]}, or {resize constraint, y [, coordinate space]}; where x and y are real numbers and coordinate space is used to determine _only_ the unit of length for x and y; coordinate space is ignored for the 'current dimensions times' resize method&#41;. Can accept: Array of Reals, ResizeConstraints enumerators or CoordinateSpaces enumerators.",
              "datatype": {
                "type": "Mixed",
                "array": true
              }
            },
            {
              "name": "resizeIndividually",
              "optional": true,
              "shortdesc": "If false and multiple page items are targeted, the new dimensions are attained only by moving the individual items rather than resizing them. &#40;Optional)",
              "datatype": {
                "type": "Boolean",
                "value": true
              }
            },
            {
              "name": "consideringRulerUnits",
              "optional": true,
              "shortdesc": "If true then a ruler location is interpreted using ruler units rather than points. The default value is false. This parameter has no effect unless the reference point is specified relative to a page. &#40;Optional)",
              "datatype": {
                "type": "Boolean",
                "value": false
              }
            }
          ]
        },
        {
          "name": "reframe",
          "shortdesc": "Move the bounding box of the page item",
          "parameters": [
            {
              "name": "in",
              "shortdesc": "The bounding box to resize. Can accept: CoordinateSpaces enumerator or Ordered array containing coordinateSpace:CoordinateSpaces enumerator, boundsKind:BoundingBoxLimits enumerator.",
              "datatype": {
                "type": "Mixed"
              }
            },
            {
              "name": "opposingCorners",
              "shortdesc": "Opposing corners of new bounding box in the given coordinate space",
              "datatype": {
                "type": "Mixed",
                "array": true
              }
            }
          ]
        },
        {
          "name": "transformAgain",
          "shortdesc": "Transforms the FormField using the last transformation performed on any object. Transformations include moving, rotating, shearing, scaling, and flipping.",
          "datatype": {
            "type": "String",
            "array": true
          }
        },
        {
          "name": "transformSequenceAgain",
          "shortdesc": "Transforms the FormField using the last sequence of transform operations performed on any single object or performed at the same time on any group of objects. Transformations include moving, rotating, shearing, scaling, and flipping.",
          "datatype": {
            "type": "String",
            "array": true
          }
        },
        {
          "name": "transformAgainIndividually",
          "shortdesc": "Transforms the FormField using the last transformation performed on any FormField. Transformations include moving, rotating, shearing, scaling, and flipping.",
          "datatype": {
            "type": "String",
            "array": true
          }
        },
        {
          "name": "transformSequenceAgainIndividually",
          "shortdesc": "Transforms the FormField using the last sequence of transformations performed on any single object or performed at the same time on any group of objects. Transformations include moving, rotating, shearing, scaling, and flipping.",
          "datatype": {
            "type": "String",
            "array": true
          }
        },
        {
          "name": "createPlainTextQRCode",
          "shortdesc": "Create Plain Text QR Code on the page item",
          "parameters": [
            {
              "name": "plainText",
              "shortdesc": "QR code Plain Text  &#40;Optional)",
              "datatype": {
                "type": "String"
              }
            },
            {
              "name": "qrCodeSwatch",
              "shortdesc": "Swatch to be applied on generated QR Code Graphic . Can accept: Swatch or String. &#40;Optional)",
              "datatype": {
                "type": "Mixed"
              }
            },
            {
              "name": "withProperties",
              "shortdesc": "Initial values for properties of the new FormField. Above parameters can also be passed as properties &#40;Optional)",
              "datatype": {
                "type": "String",
                "array": true
              }
            }
          ]
        },
        {
          "name": "createHyperlinkQRCode",
          "shortdesc": "Create Hyperlink QR Code on the page item or document",
          "parameters": [
            {
              "name": "urlLink",
              "shortdesc": "QR code Hyperlink URL  &#40;Optional)",
              "datatype": {
                "type": "String"
              }
            },
            {
              "name": "qrCodeSwatch",
              "shortdesc": "Swatch to be applied on generated QR Code Graphic . Can accept: Swatch or String. &#40;Optional)",
              "datatype": {
                "type": "Mixed"
              }
            },
            {
              "name": "withProperties",
              "shortdesc": "Initial values for properties of the new FormField. Above parameters can also be passed as properties &#40;Optional)",
              "datatype": {
                "type": "String",
                "array": true
              }
            }
          ]
        },
        {
          "name": "createTextMsgQRCode",
          "shortdesc": "Create Text Msg QR Code on the page item or document",
          "parameters": [
            {
              "name": "cellNumber",
              "shortdesc": "QR code Text Phone Number &#40;Optional)",
              "datatype": {
                "type": "String"
              }
            },
            {
              "name": "textMessage",
              "shortdesc": "QR code Text Message &#40;Optional)",
              "datatype": {
                "type": "String"
              }
            },
            {
              "name": "qrCodeSwatch",
              "shortdesc": "Swatch to be applied on generated QR Code Graphic . Can accept: Swatch or String. &#40;Optional)",
              "datatype": {
                "type": "Mixed"
              }
            },
            {
              "name": "withProperties",
              "shortdesc": "Initial values for properties of the new FormField. Above parameters can also be passed as properties &#40;Optional)",
              "datatype": {
                "type": "String",
                "array": true
              }
            }
          ]
        },
        {
          "name": "createEmailQRCode",
          "shortdesc": "Create Email QR Code on the page item or document",
          "parameters": [
            {
              "name": "emailAddress",
              "shortdesc": "QR code Email Address &#40;Optional)",
              "datatype": {
                "type": "String"
              }
            },
            {
              "name": "subject",
              "shortdesc": "QR code Email Subject &#40;Optional)",
              "datatype": {
                "type": "String"
              }
            },
            {
              "name": "body",
              "shortdesc": "QR code Email Body Message &#40;Optional)",
              "datatype": {
                "type": "String"
              }
            },
            {
              "name": "qrCodeSwatch",
              "shortdesc": "Swatch to be applied on generated QR Code Graphic . Can accept: Swatch or String. &#40;Optional)",
              "datatype": {
                "type": "Mixed"
              }
            },
            {
              "name": "withProperties",
              "shortdesc": "Initial values for properties of the new FormField. Above parameters can also be passed as properties &#40;Optional)",
              "datatype": {
                "type": "String",
                "array": true
              }
            }
          ]
        },
        {
          "name": "createVCardQRCode",
          "shortdesc": "Create Business Card QR Code on the page item or load on document's placegun",
          "parameters": [
            {
              "name": "firstName",
              "shortdesc": "QR code Business Card First Name &#40;Optional)",
              "datatype": {
                "type": "String"
              }
            },
            {
              "name": "lastName",
              "shortdesc": "QR code Business Card Last Name &#40;Optional)",
              "datatype": {
                "type": "String"
              }
            },
            {
              "name": "jobTitle",
              "shortdesc": "QR code Business Card Title &#40;Optional)",
              "datatype": {
                "type": "String"
              }
            },
            {
              "name": "cellPhone",
              "shortdesc": "QR code Business Card Cell Phone Number &#40;Optional)",
              "datatype": {
                "type": "String"
              }
            },
            {
              "name": "phone",
              "shortdesc": "QR code Business Card Phone Number &#40;Optional)",
              "datatype": {
                "type": "String"
              }
            },
            {
              "name": "email",
              "shortdesc": "QR code Business Card Email Address &#40;Optional)",
              "datatype": {
                "type": "String"
              }
            },
            {
              "name": "organisation",
              "shortdesc": "QR code Business Card Organisation &#40;Optional)",
              "datatype": {
                "type": "String"
              }
            },
            {
              "name": "streetAddress",
              "shortdesc": "QR code Business Card Street Address &#40;Optional)",
              "datatype": {
                "type": "String"
              }
            },
            {
              "name": "city",
              "shortdesc": "QR code Business Card City &#40;Optional)",
              "datatype": {
                "type": "String"
              }
            },
            {
              "name": "country",
              "shortdesc": "QR code Business Card Country &#40;Optional)",
              "datatype": {
                "type": "String"
              }
            },
            {
              "name": "postalCode",
              "shortdesc": "QR code Business Card Postal Code &#40;Optional)",
              "datatype": {
                "type": "String"
              }
            },
            {
              "name": "website",
              "shortdesc": "QR code Business Card URL &#40;Optional)",
              "datatype": {
                "type": "String"
              }
            },
            {
              "name": "qrCodeSwatch",
              "shortdesc": "Swatch to be applied on generated QR Code Graphic . Can accept: Swatch or String. &#40;Optional)",
              "datatype": {
                "type": "Mixed"
              }
            },
            {
              "name": "withProperties",
              "shortdesc": "Initial values for properties of the new FormField. Above parameters can also be passed as properties &#40;Optional)",
              "datatype": {
                "type": "String",
                "array": true
              }
            }
          ]
        },
        {
          "name": "exportFile",
          "shortdesc": "Exports the object&#40;s) to a file.",
          "parameters": [
            {
              "name": "format",
              "shortdesc": "The export format, specified as an enumeration value or as an extension that appears in the Save as type or Format menu in the Export dialog. Can accept: ExportFormat enumerator or String.",
              "datatype": {
                "type": "Mixed"
              }
            },
            {
              "name": "to",
              "shortdesc": "The path to the export file.",
              "datatype": {
                "type": "File"
              }
            },
            {
              "name": "showingOptions",
              "optional": true,
              "shortdesc": "If true, displays the export options dialog. &#40;Optional)",
              "datatype": {
                "type": "Boolean",
                "value": false
              }
            },
            {
              "name": "using",
              "shortdesc": "The export style. &#40;Optional)",
              "datatype": {
                "type": "PDFExportPreset"
              }
            },
            {
              "name": "versionComments",
              "shortdesc": "The comment for this version. &#40;Optional)",
              "datatype": {
                "type": "String"
              }
            },
            {
              "name": "forceSave",
              "optional": true,
              "shortdesc": "If true, forcibly saves a version. &#40;Optional)",
              "datatype": {
                "type": "Boolean",
                "value": false
              }
            }
          ]
        },
        {
          "name": "asynchronousExportFile",
          "shortdesc": "asynchronously exports the object&#40;s) to a file.",
          "parameters": [
            {
              "name": "format",
              "shortdesc": "The export format, specified as an enumeration value or as an extension that appears in the Save as type or Format menu in the Export dialog. Can accept: ExportFormat enumerator or String.",
              "datatype": {
                "type": "Mixed"
              }
            },
            {
              "name": "to",
              "shortdesc": "The path to the export file.",
              "datatype": {
                "type": "File"
              }
            },
            {
              "name": "showingOptions",
              "optional": true,
              "shortdesc": "If true, displays the export options dialog. &#40;Optional)",
              "datatype": {
                "type": "Boolean",
                "value": false
              }
            },
            {
              "name": "using",
              "shortdesc": "The export style. &#40;Optional)",
              "datatype": {
                "type": "PDFExportPreset"
              }
            },
            {
              "name": "versionComments",
              "shortdesc": "The comment for this version. &#40;Optional)",
              "datatype": {
                "type": "String"
              }
            },
            {
              "name": "forceSave",
              "optional": true,
              "shortdesc": "If true, forcibly saves a version. &#40;Optional)",
              "datatype": {
                "type": "Boolean",
                "value": false
              }
            }
          ],
          "datatype": {
            "type": "BackgroundTask"
          }
        },
        {
          "name": "contentPlace",
          "shortdesc": "Duplicate an object and place it into the target page item.",
          "parameters": [
            {
              "name": "pageItems",
              "shortdesc": "One or more page items to place or load",
              "datatype": {
                "type": "PageItem",
                "array": true
              }
            },
            {
              "name": "linkPageItems",
              "optional": true,
              "shortdesc": "Whether to link pageItems in content placer &#40;if true it will override link stories value) (Optional)",
              "datatype": {
                "type": "Boolean",
                "value": false
              }
            },
            {
              "name": "linkStories",
              "optional": true,
              "shortdesc": "Whether to link stories in content placer &#40;only applicable for single story, pageItem links will also be created in case of more than one item) (Optional)",
              "datatype": {
                "type": "Boolean",
                "value": false
              }
            },
            {
              "name": "mapStyles",
              "optional": true,
              "shortdesc": "Whether to map styles in content placer &#40;Optional)",
              "datatype": {
                "type": "Boolean",
                "value": false
              }
            },
            {
              "name": "showingOptions",
              "optional": true,
              "shortdesc": "Whether to display the link options dialog &#40;Optional)",
              "datatype": {
                "type": "Boolean",
                "value": false
              }
            }
          ],
          "datatype": {
            "type": "Mixed",
            "array": true
          }
        },
        {
          "name": "select",
          "shortdesc": "Selects the object.",
          "parameters": [
            {
              "name": "existingSelection",
              "optional": true,
              "shortdesc": "The selection status of the FormField in relation to previously selected objects. &#40;Optional)",
              "datatype": {
                "type": "SelectionOptions",
                "value": "SelectionOptions.REPLACE_WITH"
              }
            }
          ]
        },
        {
          "name": "store",
          "shortdesc": "Stores the object in the specified library.",
          "parameters": [
            {
              "name": "using",
              "shortdesc": "The library in which to store the object.",
              "datatype": {
                "type": "Library"
              }
            },
            {
              "name": "withProperties",
              "shortdesc": "Initial values for properties of the new FormField &#40;Optional)",
              "datatype": {
                "type": "Object"
              }
            }
          ],
          "datatype": {
            "type": "Asset"
          }
        },
        {
          "name": "insertLabel",
          "shortdesc": "Sets the label to the value associated with the specified key.",
          "parameters": [
            {
              "name": "key",
              "shortdesc": "The key.",
              "datatype": {
                "type": "String"
              }
            },
            {
              "name": "value",
              "shortdesc": "The value.",
              "datatype": {
                "type": "String"
              }
            }
          ]
        },
        {
          "name": "extractLabel",
          "shortdesc": "Gets the label value associated with the specified key.",
          "parameters": [
            {
              "name": "key",
              "shortdesc": "The key.",
              "datatype": {
                "type": "String"
              }
            }
          ],
          "datatype": {
            "type": "String"
          }
        },
        {
          "name": "toSource",
          "shortdesc": "Generates a string which, if executed, will return the FormField.",
          "datatype": {
            "type": "String"
          }
        },
        {
          "name": "getElements",
          "shortdesc": "Resolves the object specifier, creating an array of object references.",
          "datatype": {
            "type": "FormField",
            "array": true
          }
        },
        {
          "name": "toSpecifier",
          "shortdesc": "Retrieves the object specifier.",
          "datatype": {
            "type": "String"
          }
        },
        {
          "name": "addEventListener",
          "shortdesc": "Adds an event listener.",
          "parameters": [
            {
              "name": "eventType",
              "shortdesc": "The event type.",
              "datatype": {
                "type": "String"
              }
            },
            {
              "name": "handler",
              "shortdesc": "The event handler. Can accept: File or JavaScript Function.",
              "datatype": {
                "type": "Mixed"
              }
            },
            {
              "name": "captures",
              "optional": true,
              "shortdesc": "This parameter is obsolete. &#40;Optional)",
              "datatype": {
                "type": "Boolean",
                "value": false
              }
            }
          ],
          "datatype": {
            "type": "EventListener"
          }
        },
        {
          "name": "removeEventListener",
          "shortdesc": "Removes the event listener.",
          "parameters": [
            {
              "name": "eventType",
              "shortdesc": "The registered event type.",
              "datatype": {
                "type": "String"
              }
            },
            {
              "name": "handler",
              "shortdesc": "The registered event handler. Can accept: File or JavaScript Function.",
              "datatype": {
                "type": "Mixed"
              }
            },
            {
              "name": "captures",
              "optional": true,
              "shortdesc": "This parameter is obsolete. &#40;Optional)",
              "datatype": {
                "type": "Boolean",
                "value": false
              }
            }
          ],
          "datatype": {
            "type": "Boolean"
          }
        }
      ]
    }
  ]
}