{
  "name": "FrameFittingOption",
  "dynamic": true,
  "superclass": {
    "href": "#/Preference",
    "$t": "Preference"
  },
  "shortdesc": "Options for fitting placed or pasted content in a frame.",
  "elements": [
    {
      "type": "instance",
      "property": [
        {
          "name": "isValid",
          "rwaccess": "readonly",
          "shortdesc": "Returns true if the object specifier resolves to valid objects.",
          "datatype": {
            "type": "Boolean"
          }
        },
        {
          "name": "parent",
          "rwaccess": "readonly",
          "shortdesc": "The parent of the FrameFittingOption &#40;a ObjectStyle, Oval, Rectangle, Polygon, Application or Document).",
          "datatype": {
            "type": "Mixed"
          }
        },
        {
          "name": "events",
          "rwaccess": "readonly",
          "shortdesc": "A collection of events.",
          "datatype": {
            "type": "Events"
          }
        },
        {
          "name": "eventListeners",
          "rwaccess": "readonly",
          "shortdesc": "A collection of event listeners.",
          "datatype": {
            "type": "EventListeners"
          }
        },
        {
          "name": "autoFit",
          "shortdesc": "If true, the last saved fitting options will be applied to the contents of a frame when it is resized.",
          "datatype": {
            "type": "Boolean"
          }
        },
        {
          "name": "leftCrop",
          "shortdesc": "The amount in measurement units to crop the left edge of a graphic.",
          "datatype": {
            "type": "Measurement Unit &amp;&#35;40;Number or String&#41;=any"
          }
        },
        {
          "name": "topCrop",
          "shortdesc": "The amount in measurement units to crop the top edge of a graphic.",
          "datatype": {
            "type": "Measurement Unit &amp;&#35;40;Number or String&#41;=any"
          }
        },
        {
          "name": "rightCrop",
          "shortdesc": "The amount in measurement units to crop the right edge of a graphic.",
          "datatype": {
            "type": "Measurement Unit &amp;&#35;40;Number or String&#41;=any"
          }
        },
        {
          "name": "bottomCrop",
          "shortdesc": "The amount in measurement units to crop the bottom edge of a graphic.",
          "datatype": {
            "type": "Measurement Unit &amp;&#35;40;Number or String&#41;=any"
          }
        },
        {
          "name": "fittingOnEmptyFrame",
          "shortdesc": "The frame fitting option to apply to placed or pasted content if the frame is empty. Can be applied to a frame, object style, or document or to the application.",
          "datatype": {
            "type": "EmptyFrameFittingOptions"
          }
        },
        {
          "name": "fittingAlignment",
          "shortdesc": "The point with which to align the image empty when fitting in a frame. For information, see frame fitting options.",
          "datatype": {
            "type": "AnchorPoint"
          }
        },
        {
          "name": "properties",
          "shortdesc": "A property that allows setting of several properties at the same time.",
          "datatype": {
            "type": "Object"
          }
        }
      ],
      "method": [
        {
          "name": "toSource",
          "shortdesc": "Generates a string which, if executed, will return the FrameFittingOption.",
          "datatype": {
            "type": "String"
          }
        },
        {
          "name": "getElements",
          "shortdesc": "Resolves the object specifier, creating an array of object references.",
          "datatype": {
            "type": "FrameFittingOption",
            "array": true
          }
        },
        {
          "name": "toSpecifier",
          "shortdesc": "Retrieves the object specifier.",
          "datatype": {
            "type": "String"
          }
        },
        {
          "name": "addEventListener",
          "shortdesc": "Adds an event listener.",
          "parameters": [
            {
              "name": "eventType",
              "shortdesc": "The event type.",
              "datatype": {
                "type": "String"
              }
            },
            {
              "name": "handler",
              "shortdesc": "The event handler. Can accept: File or JavaScript Function.",
              "datatype": {
                "type": "Mixed"
              }
            },
            {
              "name": "captures",
              "optional": true,
              "shortdesc": "This parameter is obsolete. &#40;Optional)",
              "datatype": {
                "type": "Boolean",
                "value": false
              }
            }
          ],
          "datatype": {
            "type": "EventListener"
          }
        },
        {
          "name": "removeEventListener",
          "shortdesc": "Removes the event listener.",
          "parameters": [
            {
              "name": "eventType",
              "shortdesc": "The registered event type.",
              "datatype": {
                "type": "String"
              }
            },
            {
              "name": "handler",
              "shortdesc": "The registered event handler. Can accept: File or JavaScript Function.",
              "datatype": {
                "type": "Mixed"
              }
            },
            {
              "name": "captures",
              "optional": true,
              "shortdesc": "This parameter is obsolete. &#40;Optional)",
              "datatype": {
                "type": "Boolean",
                "value": false
              }
            }
          ],
          "datatype": {
            "type": "Boolean"
          }
        }
      ]
    }
  ]
}