{
  "name": "Function",
  "dynamic": true,
  "shortdesc": "Wraps a built-in or JavaScript function.",
  "elements": [
    {
      "type": "constructor",
      "method": [
        {
          "name": "Function",
          "description": "The Function constructor parses the argument list and creates a Function object.",
          "parameters": [
            {
              "name": "arguments",
              "shortdesc": "The list of formal arguments, separated by commas.",
              "description": "The formal arguments can also be supplied one by one; in this case, the last argument to the Function constructor is considered to be the function body.",
              "datatype": {
                "type": "String"
              }
            },
            {
              "name": "body",
              "shortdesc": "The body of the function to create.",
              "datatype": {
                "type": "String"
              }
            }
          ],
          "datatype": {
            "type": "Function"
          }
        }
      ]
    },
    {
      "type": "instance",
      "property": [
        {
          "name": "arguments",
          "shortdesc": "The function arguments, packed into an array.",
          "description": "This property is deprecated; use the arguments property within the function body.",
          "datatype": {
            "type": "Object"
          }
        },
        {
          "name": "length",
          "rwaccess": "readonly",
          "shortdesc": "The number of formal arguments.",
          "datatype": {
            "type": "Number"
          }
        },
        {
          "name": "arity",
          "rwaccess": "readonly",
          "shortdesc": "The number of formal arguments.",
          "description": "This property is deprecated; use the length property instead.",
          "datatype": {
            "type": "Number"
          }
        },
        {
          "name": "name",
          "rwaccess": "readonly",
          "shortdesc": "The function name.",
          "datatype": {
            "type": "String"
          }
        }
      ],
      "method": [
        {
          "name": "apply",
          "parameters": [
            {
              "name": "thisObj",
              "datatype": {
                "type": "Object"
              }
            },
            {
              "name": "args",
              "shortdesc": "An array of arguments.",
              "datatype": {
                "type": "Array"
              }
            }
          ],
          "datatype": {
            "type": "any"
          }
        },
        {
          "name": "call",
          "parameters": [
            {
              "name": "thisObj",
              "datatype": {
                "type": "Object"
              }
            },
            {
              "name": "argument",
              "description": "The first agument to the function. Add as many as needed.",
              "datatype": {
                "type": "any"
              }
            }
          ],
          "datatype": {
            "type": "any"
          }
        },
        {
          "name": "toSource",
          "datatype": {
            "type": "String"
          }
        },
        {
          "name": "toString",
          "shortdesc": "Returns the function definition as a string.",
          "datatype": {
            "type": "String"
          }
        }
      ]
    }
  ]
}