{
  "name": "GalleyPreference",
  "dynamic": true,
  "superclass": {
    "href": "#/Preference",
    "$t": "Preference"
  },
  "shortdesc": "Galley preferences.",
  "elements": [
    {
      "type": "instance",
      "property": [
        {
          "name": "isValid",
          "rwaccess": "readonly",
          "shortdesc": "Returns true if the object specifier resolves to valid objects.",
          "datatype": {
            "type": "Boolean"
          }
        },
        {
          "name": "parent",
          "rwaccess": "readonly",
          "shortdesc": "The parent of the GalleyPreference &#40;a Application or Document).",
          "datatype": {
            "type": "Mixed"
          }
        },
        {
          "name": "events",
          "rwaccess": "readonly",
          "shortdesc": "A collection of events.",
          "datatype": {
            "type": "Events"
          }
        },
        {
          "name": "eventListeners",
          "rwaccess": "readonly",
          "shortdesc": "A collection of event listeners.",
          "datatype": {
            "type": "EventListeners"
          }
        },
        {
          "name": "backgroundColor",
          "shortdesc": "The background color, specified either as an array of three doubles, each in the range 0 to 255 and representing R, G, and B values, or as an InCopy UI color. . Can return: Array of 3 Reals &#40;0 - 255) or InCopyUIColors enumerator.",
          "datatype": {
            "type": "Mixed"
          }
        },
        {
          "name": "blinkCursor",
          "shortdesc": "If true, the cursor blinks.",
          "datatype": {
            "type": "Boolean"
          }
        },
        {
          "name": "cursorType",
          "shortdesc": "The cursor type for galley and story views.",
          "datatype": {
            "type": "CursorTypes"
          }
        },
        {
          "name": "smoothText",
          "shortdesc": "If true, galley text is anti-aliased.",
          "datatype": {
            "type": "Boolean"
          }
        },
        {
          "name": "textColor",
          "shortdesc": "The text color, specified either as an array of three doubles, each in the range 0 to 255 and representing R, G, and B values, or as an InCopy UI color. Can return: Array of 3 Reals &#40;0 - 255) or InCopyUIColors enumerator.",
          "datatype": {
            "type": "Mixed"
          }
        },
        {
          "name": "showDepthRuler",
          "shortdesc": "If true, displays the depth ruler.",
          "datatype": {
            "type": "Boolean"
          }
        },
        {
          "name": "antiAliasType",
          "shortdesc": "The type of text anti-aliasing to use in story and galley views.",
          "datatype": {
            "type": "AntiAliasType"
          }
        },
        {
          "name": "showParagraphStyleNames",
          "shortdesc": "If true, show paragraph style names.",
          "datatype": {
            "type": "Boolean"
          }
        },
        {
          "name": "lineSpacingValue",
          "shortdesc": "Amount of spacing between lines.",
          "datatype": {
            "type": "LineSpacingType"
          }
        },
        {
          "name": "displayFont",
          "shortdesc": "Font family name to use for text display.",
          "datatype": {
            "type": "String"
          }
        },
        {
          "name": "displayFontSize",
          "shortdesc": "Size to use for text display.",
          "datatype": {
            "type": "Measurement Unit &amp;&#35;40;Number or String&#41;=any"
          }
        },
        {
          "name": "infoColumnWidth",
          "shortdesc": "Info column width.",
          "datatype": {
            "type": "Measurement Unit &amp;&#35;40;Number or String&#41;=any"
          }
        },
        {
          "name": "showInfoColumn",
          "shortdesc": "If true, display the Info column.",
          "datatype": {
            "type": "Boolean"
          }
        },
        {
          "name": "showParagraphBreakMarks",
          "shortdesc": "If true, show paragraph break marks.",
          "datatype": {
            "type": "Boolean"
          }
        },
        {
          "name": "properties",
          "shortdesc": "A property that allows setting of several properties at the same time.",
          "datatype": {
            "type": "Object"
          }
        }
      ],
      "method": [
        {
          "name": "toSource",
          "shortdesc": "Generates a string which, if executed, will return the GalleyPreference.",
          "datatype": {
            "type": "String"
          }
        },
        {
          "name": "getElements",
          "shortdesc": "Resolves the object specifier, creating an array of object references.",
          "datatype": {
            "type": "GalleyPreference",
            "array": true
          }
        },
        {
          "name": "toSpecifier",
          "shortdesc": "Retrieves the object specifier.",
          "datatype": {
            "type": "String"
          }
        },
        {
          "name": "addEventListener",
          "shortdesc": "Adds an event listener.",
          "parameters": [
            {
              "name": "eventType",
              "shortdesc": "The event type.",
              "datatype": {
                "type": "String"
              }
            },
            {
              "name": "handler",
              "shortdesc": "The event handler. Can accept: File or JavaScript Function.",
              "datatype": {
                "type": "Mixed"
              }
            },
            {
              "name": "captures",
              "optional": true,
              "shortdesc": "This parameter is obsolete. &#40;Optional)",
              "datatype": {
                "type": "Boolean",
                "value": false
              }
            }
          ],
          "datatype": {
            "type": "EventListener"
          }
        },
        {
          "name": "removeEventListener",
          "shortdesc": "Removes the event listener.",
          "parameters": [
            {
              "name": "eventType",
              "shortdesc": "The registered event type.",
              "datatype": {
                "type": "String"
              }
            },
            {
              "name": "handler",
              "shortdesc": "The registered event handler. Can accept: File or JavaScript Function.",
              "datatype": {
                "type": "Mixed"
              }
            },
            {
              "name": "captures",
              "optional": true,
              "shortdesc": "This parameter is obsolete. &#40;Optional)",
              "datatype": {
                "type": "Boolean",
                "value": false
              }
            }
          ],
          "datatype": {
            "type": "Boolean"
          }
        }
      ]
    }
  ]
}