{
  "name": "GeneralPreference",
  "dynamic": true,
  "superclass": {
    "href": "#/Preference",
    "$t": "Preference"
  },
  "shortdesc": "General application preferences.",
  "elements": [
    {
      "type": "instance",
      "property": [
        {
          "name": "mainMonitorPpi",
          "rwaccess": "readonly",
          "shortdesc": "The value of the system reported main monitor resolution",
          "datatype": {
            "type": "number"
          }
        },
        {
          "name": "isValid",
          "rwaccess": "readonly",
          "shortdesc": "Returns true if the object specifier resolves to valid objects.",
          "datatype": {
            "type": "bool"
          }
        },
        {
          "name": "parent",
          "rwaccess": "readonly",
          "shortdesc": "The parent of the GeneralPreference &amp;&#35;40;a Application&#41;.",
          "datatype": {
            "type": "Application"
          }
        },
        {
          "name": "events",
          "rwaccess": "readonly",
          "shortdesc": "A collection of events.",
          "datatype": {
            "type": "Events"
          }
        },
        {
          "name": "eventListeners",
          "rwaccess": "readonly",
          "shortdesc": "A collection of event listeners.",
          "datatype": {
            "type": "EventListeners"
          }
        },
        {
          "name": "toolTips",
          "shortdesc": "Tool tip behavior.",
          "datatype": {
            "type": "ToolTipOptions"
          }
        },
        {
          "name": "greekVectorGraphicsOnDrag",
          "shortdesc": "Controls whether or not to greek vector graphics when dragging at high quality.",
          "datatype": {
            "type": "bool"
          }
        },
        {
          "name": "showConveyor",
          "shortdesc": "Show the conveyor on content collector or content placer tool activation",
          "datatype": {
            "type": "bool"
          }
        },
        {
          "name": "createLinksOnContentPlace",
          "shortdesc": "Enable the creation of links on content place",
          "datatype": {
            "type": "bool"
          }
        },
        {
          "name": "mapStylesOnContentPlace",
          "shortdesc": "Enable the mapping of styles on content place",
          "datatype": {
            "type": "bool"
          }
        },
        {
          "name": "useCustomMonitorResolution",
          "shortdesc": "Enable the use of a custom monitor resolution in pixels per inch as opposed to querying the system settings",
          "datatype": {
            "type": "bool"
          }
        },
        {
          "name": "customMonitorPpi",
          "shortdesc": "When using a custom monitor resolution, what is the value of that resolution in pixels per inch",
          "datatype": {
            "type": "number"
          }
        },
        {
          "name": "uiBrightnessPreference",
          "shortdesc": "Specify the Application User Interface brightness preference &amp;&#35;40;from 0.0 to 1.0&#41;. To use color theme brightness preset values, specify 0.0 for Dark, 0.33 for Medium Dark, 0.67 for Medium Bright, and 1.0 for Bright. Any value between 0.0 and 1.0 can also be used.",
          "datatype": {
            "type": "number"
          }
        },
        {
          "name": "pasteboardColorPreference",
          "shortdesc": "Specify the Pasteboard color preference &amp;&#35;40;0 or 1&#41;. Specify 0 to set preference to Default White, and 1 to set preference to Match with Theme Color.",
          "datatype": {
            "type": "number"
          }
        },
        {
          "name": "showContentGrabber",
          "shortdesc": "Controls whether or not the content grabber adornment is shown.",
          "datatype": {
            "type": "bool"
          }
        },
        {
          "name": "showLiveCorners",
          "shortdesc": "Controls whether or not the live corners grabber adornment is shown.",
          "datatype": {
            "type": "bool"
          }
        },
        {
          "name": "showMasterPageOverlay",
          "shortdesc": "Controls whether or not to show the master page overlay when a page is selected using the Page Tool.",
          "datatype": {
            "type": "bool"
          }
        },
        {
          "name": "objectsMoveWithPage",
          "shortdesc": "Controls whether page items move when a page is repositioned from the UI. The option/alt key temporarily reverses this property",
          "datatype": {
            "type": "bool"
          }
        },
        {
          "name": "preventSelectingLockedItems",
          "shortdesc": "Controls whether or not you can select and interact with a locked item. When this is off, only position is locked.",
          "datatype": {
            "type": "bool"
          }
        },
        {
          "name": "enableMultiTouchGestures",
          "shortdesc": "Controls whether or not multi-touch gestures are enabled.",
          "datatype": {
            "type": "bool"
          }
        },
        {
          "name": "toolsPanel",
          "shortdesc": "Controls the appearance of the Tools panel.",
          "datatype": {
            "type": "ToolsPanelOptions"
          }
        },
        {
          "name": "autoCollapseIconPanels",
          "shortdesc": "If true, panel drawers close automatically.",
          "datatype": {
            "type": "bool"
          }
        },
        {
          "name": "placeCursorUsesThumbnails",
          "shortdesc": "Controls whether or not to show thumbnails of imported files in the Place icon.",
          "datatype": {
            "type": "bool"
          }
        },
        {
          "name": "autoShowHiddenPanels",
          "shortdesc": "If true, vertical reveal strips appear when palette UI is hidden.",
          "datatype": {
            "type": "bool"
          }
        },
        {
          "name": "useApplicationFrame",
          "shortdesc": "If true, application lives in a frame.",
          "datatype": {
            "type": "bool"
          }
        },
        {
          "name": "applicationBarShown",
          "shortdesc": "If true, application bar is shown.",
          "datatype": {
            "type": "bool"
          }
        },
        {
          "name": "openDocumentsAsTabs",
          "shortdesc": "If true, documents open as tabs.",
          "datatype": {
            "type": "bool"
          }
        },
        {
          "name": "enableFloatingWindowDocking",
          "shortdesc": "If true, floating windows can be docked by user as tabs.",
          "datatype": {
            "type": "bool"
          }
        },
        {
          "name": "openRecentLength",
          "shortdesc": "Number of items to show in the Open Recent menu list. Range: 0 to 30",
          "datatype": {
            "type": "number",
            "min": 0,
            "max": 30
          }
        },
        {
          "name": "showTransformationValues",
          "shortdesc": "Controls whether or not to dynamically display transformation information as part of the cursor while manipulating page items.",
          "datatype": {
            "type": "bool"
          }
        },
        {
          "name": "showAnchorObjectAdornment",
          "shortdesc": "Controls whether or not the anchor object adornment is shown.",
          "datatype": {
            "type": "bool"
          }
        },
        {
          "name": "highlightObjectUnderSelectionTool",
          "shortdesc": "Controls whether or not to highlight object under selection tool.",
          "datatype": {
            "type": "bool"
          }
        },
        {
          "name": "previewPages",
          "shortdesc": "The pages to create preview images for. Note: Valid when include preview is true.",
          "datatype": {
            "type": "PreviewPagesOptions"
          }
        },
        {
          "name": "temporaryFolder",
          "shortdesc": "The location in which to store temporary files.",
          "datatype": {
            "type": "File"
          }
        },
        {
          "name": "pageNumbering",
          "shortdesc": "The page numbering method.",
          "datatype": {
            "type": "PageNumberingOptions"
          }
        },
        {
          "name": "completeFontDownloadGlyphLimit",
          "shortdesc": "The threshold at which to trigger font subsetting based on the number of glyphs the font contains.",
          "datatype": {
            "type": "number"
          }
        },
        {
          "name": "includePreview",
          "shortdesc": "If true, includes a preview in saved documents.",
          "datatype": {
            "type": "bool"
          }
        },
        {
          "name": "previewSize",
          "shortdesc": "The preview size. Note: Valid when include preview is true.",
          "datatype": {
            "type": "PreviewSizeOptions"
          }
        },
        {
          "name": "properties",
          "shortdesc": "A property that allows setting of several properties at the same time.",
          "datatype": {
            "type": "Object"
          }
        }
      ],
      "method": [
        {
          "name": "toSource",
          "shortdesc": "Generates a string which, if executed, will return the GeneralPreference.",
          "datatype": {
            "type": "string"
          }
        },
        {
          "name": "getElements",
          "shortdesc": "Resolves the object specifier, creating an array of object references.",
          "datatype": {
            "type": "GeneralPreference",
            "array": {}
          }
        },
        {
          "name": "toSpecifier",
          "shortdesc": "Retrieves the object specifier.",
          "datatype": {
            "type": "string"
          }
        },
        {
          "name": "addEventListener",
          "shortdesc": "Adds an event listener.",
          "parameters": {
            "parameter": [
              {
                "name": "eventType",
                "shortdesc": "The event type.",
                "datatype": {
                  "type": "string"
                }
              },
              {
                "name": "handler",
                "shortdesc": "The event handler. Can accept: File or JavaScript Function.",
                "datatype": {
                  "type": "mixed"
                }
              },
              {
                "name": "captures",
                "optional": true,
                "shortdesc": "This parameter is obsolete. &amp;&#35;40;Optional&#41;",
                "datatype": {
                  "type": "bool",
                  "value": false
                }
              }
            ]
          },
          "datatype": {
            "type": "EventListener"
          }
        },
        {
          "name": "removeEventListener",
          "shortdesc": "Removes the event listener.",
          "parameters": {
            "parameter": [
              {
                "name": "eventType",
                "shortdesc": "The registered event type.",
                "datatype": {
                  "type": "string"
                }
              },
              {
                "name": "handler",
                "shortdesc": "The registered event handler. Can accept: File or JavaScript Function.",
                "datatype": {
                  "type": "mixed"
                }
              },
              {
                "name": "captures",
                "optional": true,
                "shortdesc": "This parameter is obsolete. &amp;&#35;40;Optional&#41;",
                "datatype": {
                  "type": "bool",
                  "value": false
                }
              }
            ]
          },
          "datatype": {
            "type": "bool"
          }
        }
      ]
    }
  ]
}