{
  "name": "GIFOptionsPalette",
  "enumeration": true,
  "shortdesc": "Color palette options for GIF conversion.",
  "elements": [
    {
      "type": "class",
      "property": [
        {
          "name": "ADAPTIVE_PALETTE",
          "rwaccess": "readonly",
          "shortdesc": "Uses the adaptive &amp;&#35;40;no dither&#41; palette.",
          "datatype": {
            "type": "number",
            "value": 1886151024
          }
        },
        {
          "name": "MACINTOSH_PALETTE",
          "rwaccess": "readonly",
          "shortdesc": "Uses the Macintosh palette.",
          "datatype": {
            "type": "number",
            "value": 1886154096
          }
        },
        {
          "name": "WEB_PALETTE",
          "rwaccess": "readonly",
          "shortdesc": "Uses the Web palette.",
          "datatype": {
            "type": "number",
            "value": 1886156656
          }
        },
        {
          "name": "WINDOWS_PALETTE",
          "rwaccess": "readonly",
          "shortdesc": "Uses the Windows palette.",
          "datatype": {
            "type": "number",
            "value": 1886156644
          }
        }
      ]
    }
  ]
}