{
  "name": "GlowTechnique",
  "enumeration": true,
  "shortdesc": "Glow technique options.",
  "elements": [
    {
      "type": "class",
      "property": [
        {
          "name": "SOFTER",
          "rwaccess": "readonly",
          "shortdesc": "Softer.",
          "datatype": {
            "type": "number",
            "value": 2020618337
          }
        },
        {
          "name": "PRECISE",
          "rwaccess": "readonly",
          "shortdesc": "Precise.",
          "datatype": {
            "type": "number",
            "value": 2020618338
          }
        }
      ]
    }
  ]
}