{
  "name": "GotoFirstPageBehaviors",
  "dynamic": true,
  "shortdesc": "A collection of goto first page behavior objects.",
  "elements": [
    {
      "type": "instance",
      "method": [
        {
          "name": "count",
          "shortdesc": "Displays the number of elements in the GotoFirstPageBehavior.",
          "datatype": {
            "type": "number"
          }
        },
        {
          "name": "add",
          "shortdesc": "Creates a new GotoFirstPageBehavior.",
          "parameters": {
            "parameter": [
              {
                "name": "withProperties",
                "shortdesc": "Initial values for properties of the new GotoFirstPageBehavior &amp;&#35;40;Optional&#41;",
                "datatype": {
                  "type": "Object"
                }
              }
            ]
          },
          "datatype": {
            "type": "GotoFirstPageBehavior"
          }
        },
        {
          "name": "item",
          "shortdesc": "Returns the GotoFirstPageBehavior with the specified index or name.",
          "parameters": {
            "parameter": [
              {
                "name": "index",
                "shortdesc": "The index or name. Can accept: Long Integer or String.",
                "datatype": {
                  "type": "mixed"
                }
              }
            ]
          },
          "datatype": {
            "type": "GotoFirstPageBehavior"
          }
        },
        {
          "name": "itemByName",
          "shortdesc": "Returns the GotoFirstPageBehavior with the specified name.",
          "parameters": {
            "parameter": [
              {
                "name": "name",
                "shortdesc": "The name.",
                "datatype": {
                  "type": "string"
                }
              }
            ]
          },
          "datatype": {
            "type": "GotoFirstPageBehavior"
          }
        },
        {
          "name": "itemByID",
          "shortdesc": "Returns the GotoFirstPageBehavior with the specified ID.",
          "parameters": {
            "parameter": [
              {
                "name": "id",
                "shortdesc": "The ID.",
                "datatype": {
                  "type": "number"
                }
              }
            ]
          },
          "datatype": {
            "type": "GotoFirstPageBehavior"
          }
        },
        {
          "name": "itemByRange",
          "shortdesc": "Returns the GotoFirstPageBehaviors within the specified range.",
          "parameters": {
            "parameter": [
              {
                "name": "from",
                "shortdesc": "The GotoFirstPageBehavior, index, or name at the beginning of the range. Can accept: GotoFirstPageBehavior, Long Integer or String.",
                "datatype": {
                  "type": "mixed"
                }
              },
              {
                "name": "to",
                "shortdesc": "The GotoFirstPageBehavior, index, or name at the end of the range. Can accept: GotoFirstPageBehavior, Long Integer or String.",
                "datatype": {
                  "type": "mixed"
                }
              }
            ]
          },
          "datatype": {
            "type": "GotoFirstPageBehavior",
            "array": {}
          }
        },
        {
          "name": "firstItem",
          "shortdesc": "Returns the first GotoFirstPageBehavior in the collection.",
          "datatype": {
            "type": "GotoFirstPageBehavior"
          }
        },
        {
          "name": "lastItem",
          "shortdesc": "Returns the last GotoFirstPageBehavior in the collection.",
          "datatype": {
            "type": "GotoFirstPageBehavior"
          }
        },
        {
          "name": "middleItem",
          "shortdesc": "Returns the middle GotoFirstPageBehavior in the collection.",
          "datatype": {
            "type": "GotoFirstPageBehavior"
          }
        },
        {
          "name": "previousItem",
          "shortdesc": "Returns the GotoFirstPageBehavior with the index previous to the specified index.",
          "parameters": {
            "parameter": [
              {
                "name": "obj",
                "shortdesc": "The index of the GotoFirstPageBehavior that follows the desired GotoFirstPageBehavior.",
                "datatype": {
                  "type": "GotoFirstPageBehavior"
                }
              }
            ]
          },
          "datatype": {
            "type": "GotoFirstPageBehavior"
          }
        },
        {
          "name": "nextItem",
          "shortdesc": "Returns the GotoFirstPageBehavior whose index follows the specified GotoFirstPageBehavior in the collection.",
          "parameters": {
            "parameter": [
              {
                "name": "obj",
                "shortdesc": "The GotoFirstPageBehavior whose index comes before the desired GotoFirstPageBehavior.",
                "datatype": {
                  "type": "GotoFirstPageBehavior"
                }
              }
            ]
          },
          "datatype": {
            "type": "GotoFirstPageBehavior"
          }
        },
        {
          "name": "anyItem",
          "shortdesc": "Returns any GotoFirstPageBehavior in the collection.",
          "datatype": {
            "type": "GotoFirstPageBehavior"
          }
        },
        {
          "name": "everyItem",
          "shortdesc": "Returns every GotoFirstPageBehavior in the collection.",
          "datatype": {
            "type": "GotoFirstPageBehavior",
            "array": {}
          }
        },
        {
          "name": "toSource",
          "shortdesc": "Generates a string which, if executed, will return the GotoFirstPageBehavior.",
          "datatype": {
            "type": "string"
          }
        },
        {
          "name": "[]",
          "shortdesc": "Returns the GotoFirstPageBehavior with the specified index.",
          "parameters": {
            "parameter": [
              {
                "name": "index",
                "shortdesc": "The index.",
                "datatype": {
                  "type": "number"
                }
              }
            ]
          },
          "datatype": {
            "type": "GotoFirstPageBehavior"
          }
        }
      ],
      "property": [
        {
          "name": "length",
          "rwaccess": "readonly",
          "shortdesc": "The number of objects in the collection.",
          "datatype": {
            "type": "number"
          }
        }
      ]
    }
  ]
}