{
  "name": "GotoPreviousViewBehaviors",
  "dynamic": true,
  "shortdesc": "A collection of goto previous view behavior objects.",
  "elements": [
    {
      "type": "instance",
      "method": [
        {
          "name": "count",
          "shortdesc": "Displays the number of elements in the GotoPreviousViewBehavior.",
          "datatype": {
            "type": "Number"
          }
        },
        {
          "name": "add",
          "shortdesc": "Creates a new GotoPreviousViewBehavior.",
          "parameters": [
            {
              "name": "withProperties",
              "shortdesc": "Initial values for properties of the new GotoPreviousViewBehavior &#40;Optional)",
              "datatype": {
                "type": "Object"
              }
            }
          ],
          "datatype": {
            "type": "GotoPreviousViewBehavior"
          }
        },
        {
          "name": "item",
          "shortdesc": "Returns the GotoPreviousViewBehavior with the specified index or name.",
          "parameters": [
            {
              "name": "index",
              "shortdesc": "The index or name. Can accept: Long Integer or String.",
              "datatype": {
                "type": "Mixed"
              }
            }
          ],
          "datatype": {
            "type": "GotoPreviousViewBehavior"
          }
        },
        {
          "name": "itemByName",
          "shortdesc": "Returns the GotoPreviousViewBehavior with the specified name.",
          "parameters": [
            {
              "name": "name",
              "shortdesc": "The name.",
              "datatype": {
                "type": "String"
              }
            }
          ],
          "datatype": {
            "type": "GotoPreviousViewBehavior"
          }
        },
        {
          "name": "itemByID",
          "shortdesc": "Returns the GotoPreviousViewBehavior with the specified ID.",
          "parameters": [
            {
              "name": "id",
              "shortdesc": "The ID.",
              "datatype": {
                "type": "Number"
              }
            }
          ],
          "datatype": {
            "type": "GotoPreviousViewBehavior"
          }
        },
        {
          "name": "itemByRange",
          "shortdesc": "Returns the GotoPreviousViewBehaviors within the specified range.",
          "parameters": [
            {
              "name": "from",
              "shortdesc": "The GotoPreviousViewBehavior, index, or name at the beginning of the range. Can accept: GotoPreviousViewBehavior, Long Integer or String.",
              "datatype": {
                "type": "Mixed"
              }
            },
            {
              "name": "to",
              "shortdesc": "The GotoPreviousViewBehavior, index, or name at the end of the range. Can accept: GotoPreviousViewBehavior, Long Integer or String.",
              "datatype": {
                "type": "Mixed"
              }
            }
          ],
          "datatype": {
            "type": "GotoPreviousViewBehavior",
            "array": true
          }
        },
        {
          "name": "firstItem",
          "shortdesc": "Returns the first GotoPreviousViewBehavior in the collection.",
          "datatype": {
            "type": "GotoPreviousViewBehavior"
          }
        },
        {
          "name": "lastItem",
          "shortdesc": "Returns the last GotoPreviousViewBehavior in the collection.",
          "datatype": {
            "type": "GotoPreviousViewBehavior"
          }
        },
        {
          "name": "middleItem",
          "shortdesc": "Returns the middle GotoPreviousViewBehavior in the collection.",
          "datatype": {
            "type": "GotoPreviousViewBehavior"
          }
        },
        {
          "name": "previousItem",
          "shortdesc": "Returns the GotoPreviousViewBehavior with the index previous to the specified index.",
          "parameters": [
            {
              "name": "obj",
              "shortdesc": "The index of the GotoPreviousViewBehavior that follows the desired GotoPreviousViewBehavior.",
              "datatype": {
                "type": "GotoPreviousViewBehavior"
              }
            }
          ],
          "datatype": {
            "type": "GotoPreviousViewBehavior"
          }
        },
        {
          "name": "nextItem",
          "shortdesc": "Returns the GotoPreviousViewBehavior whose index follows the specified GotoPreviousViewBehavior in the collection.",
          "parameters": [
            {
              "name": "obj",
              "shortdesc": "The GotoPreviousViewBehavior whose index comes before the desired GotoPreviousViewBehavior.",
              "datatype": {
                "type": "GotoPreviousViewBehavior"
              }
            }
          ],
          "datatype": {
            "type": "GotoPreviousViewBehavior"
          }
        },
        {
          "name": "anyItem",
          "shortdesc": "Returns any GotoPreviousViewBehavior in the collection.",
          "datatype": {
            "type": "GotoPreviousViewBehavior"
          }
        },
        {
          "name": "everyItem",
          "shortdesc": "Returns every GotoPreviousViewBehavior in the collection.",
          "datatype": {
            "type": "GotoPreviousViewBehavior",
            "array": true
          }
        },
        {
          "name": "toSource",
          "shortdesc": "Generates a string which, if executed, will return the GotoPreviousViewBehavior.",
          "datatype": {
            "type": "String"
          }
        },
        {
          "name": "[]",
          "shortdesc": "Returns the GotoPreviousViewBehavior with the specified index.",
          "parameters": [
            {
              "name": "index",
              "shortdesc": "The index.",
              "datatype": {
                "type": "Number"
              }
            }
          ],
          "datatype": {
            "type": "GotoPreviousViewBehavior"
          }
        }
      ],
      "property": [
        {
          "name": "length",
          "rwaccess": "readonly",
          "shortdesc": "The number of objects in the collection.",
          "datatype": {
            "type": "Number"
          }
        }
      ]
    }
  ]
}