{
  "name": "GotoPageBehaviors",
  "dynamic": true,
  "shortdesc": "A collection of go to page behavior objects.",
  "elements": [
    {
      "type": "instance",
      "method": [
        {
          "name": "count",
          "shortdesc": "Displays the number of elements in the GotoPageBehavior.",
          "datatype": {
            "type": "Number"
          }
        },
        {
          "name": "add",
          "shortdesc": "Creates a new GotoPageBehavior.",
          "parameters": [
            {
              "name": "withProperties",
              "shortdesc": "Initial values for properties of the new GotoPageBehavior &#40;Optional)",
              "datatype": {
                "type": "Object"
              }
            }
          ],
          "datatype": {
            "type": "GotoPageBehavior"
          }
        },
        {
          "name": "item",
          "shortdesc": "Returns the GotoPageBehavior with the specified index or name.",
          "parameters": [
            {
              "name": "index",
              "shortdesc": "The index or name. Can accept: Long Integer or String.",
              "datatype": {
                "type": "Mixed"
              }
            }
          ],
          "datatype": {
            "type": "GotoPageBehavior"
          }
        },
        {
          "name": "itemByName",
          "shortdesc": "Returns the GotoPageBehavior with the specified name.",
          "parameters": [
            {
              "name": "name",
              "shortdesc": "The name.",
              "datatype": {
                "type": "String"
              }
            }
          ],
          "datatype": {
            "type": "GotoPageBehavior"
          }
        },
        {
          "name": "itemByID",
          "shortdesc": "Returns the GotoPageBehavior with the specified ID.",
          "parameters": [
            {
              "name": "id",
              "shortdesc": "The ID.",
              "datatype": {
                "type": "Number"
              }
            }
          ],
          "datatype": {
            "type": "GotoPageBehavior"
          }
        },
        {
          "name": "itemByRange",
          "shortdesc": "Returns the GotoPageBehaviors within the specified range.",
          "parameters": [
            {
              "name": "from",
              "shortdesc": "The GotoPageBehavior, index, or name at the beginning of the range. Can accept: GotoPageBehavior, Long Integer or String.",
              "datatype": {
                "type": "Mixed"
              }
            },
            {
              "name": "to",
              "shortdesc": "The GotoPageBehavior, index, or name at the end of the range. Can accept: GotoPageBehavior, Long Integer or String.",
              "datatype": {
                "type": "Mixed"
              }
            }
          ],
          "datatype": {
            "type": "GotoPageBehavior",
            "array": true
          }
        },
        {
          "name": "firstItem",
          "shortdesc": "Returns the first GotoPageBehavior in the collection.",
          "datatype": {
            "type": "GotoPageBehavior"
          }
        },
        {
          "name": "lastItem",
          "shortdesc": "Returns the last GotoPageBehavior in the collection.",
          "datatype": {
            "type": "GotoPageBehavior"
          }
        },
        {
          "name": "middleItem",
          "shortdesc": "Returns the middle GotoPageBehavior in the collection.",
          "datatype": {
            "type": "GotoPageBehavior"
          }
        },
        {
          "name": "previousItem",
          "shortdesc": "Returns the GotoPageBehavior with the index previous to the specified index.",
          "parameters": [
            {
              "name": "obj",
              "shortdesc": "The index of the GotoPageBehavior that follows the desired GotoPageBehavior.",
              "datatype": {
                "type": "GotoPageBehavior"
              }
            }
          ],
          "datatype": {
            "type": "GotoPageBehavior"
          }
        },
        {
          "name": "nextItem",
          "shortdesc": "Returns the GotoPageBehavior whose index follows the specified GotoPageBehavior in the collection.",
          "parameters": [
            {
              "name": "obj",
              "shortdesc": "The GotoPageBehavior whose index comes before the desired GotoPageBehavior.",
              "datatype": {
                "type": "GotoPageBehavior"
              }
            }
          ],
          "datatype": {
            "type": "GotoPageBehavior"
          }
        },
        {
          "name": "anyItem",
          "shortdesc": "Returns any GotoPageBehavior in the collection.",
          "datatype": {
            "type": "GotoPageBehavior"
          }
        },
        {
          "name": "everyItem",
          "shortdesc": "Returns every GotoPageBehavior in the collection.",
          "datatype": {
            "type": "GotoPageBehavior",
            "array": true
          }
        },
        {
          "name": "toSource",
          "shortdesc": "Generates a string which, if executed, will return the GotoPageBehavior.",
          "datatype": {
            "type": "String"
          }
        },
        {
          "name": "[]",
          "shortdesc": "Returns the GotoPageBehavior with the specified index.",
          "parameters": [
            {
              "name": "index",
              "shortdesc": "The index.",
              "datatype": {
                "type": "Number"
              }
            }
          ],
          "datatype": {
            "type": "GotoPageBehavior"
          }
        }
      ],
      "property": [
        {
          "name": "length",
          "rwaccess": "readonly",
          "shortdesc": "The number of objects in the collection.",
          "datatype": {
            "type": "Number"
          }
        }
      ]
    }
  ]
}