{
  "name": "GotoLastPageBehaviors",
  "dynamic": true,
  "shortdesc": "A collection of goto last page behavior objects.",
  "elements": [
    {
      "type": "instance",
      "method": [
        {
          "name": "count",
          "shortdesc": "Displays the number of elements in the GotoLastPageBehavior.",
          "datatype": {
            "type": "number"
          }
        },
        {
          "name": "add",
          "shortdesc": "Creates a new GotoLastPageBehavior.",
          "parameters": {
            "parameter": [
              {
                "name": "withProperties",
                "shortdesc": "Initial values for properties of the new GotoLastPageBehavior &amp;&#35;40;Optional&#41;",
                "datatype": {
                  "type": "Object"
                }
              }
            ]
          },
          "datatype": {
            "type": "GotoLastPageBehavior"
          }
        },
        {
          "name": "item",
          "shortdesc": "Returns the GotoLastPageBehavior with the specified index or name.",
          "parameters": {
            "parameter": [
              {
                "name": "index",
                "shortdesc": "The index or name. Can accept: Long Integer or String.",
                "datatype": {
                  "type": "mixed"
                }
              }
            ]
          },
          "datatype": {
            "type": "GotoLastPageBehavior"
          }
        },
        {
          "name": "itemByName",
          "shortdesc": "Returns the GotoLastPageBehavior with the specified name.",
          "parameters": {
            "parameter": [
              {
                "name": "name",
                "shortdesc": "The name.",
                "datatype": {
                  "type": "string"
                }
              }
            ]
          },
          "datatype": {
            "type": "GotoLastPageBehavior"
          }
        },
        {
          "name": "itemByID",
          "shortdesc": "Returns the GotoLastPageBehavior with the specified ID.",
          "parameters": {
            "parameter": [
              {
                "name": "id",
                "shortdesc": "The ID.",
                "datatype": {
                  "type": "number"
                }
              }
            ]
          },
          "datatype": {
            "type": "GotoLastPageBehavior"
          }
        },
        {
          "name": "itemByRange",
          "shortdesc": "Returns the GotoLastPageBehaviors within the specified range.",
          "parameters": {
            "parameter": [
              {
                "name": "from",
                "shortdesc": "The GotoLastPageBehavior, index, or name at the beginning of the range. Can accept: GotoLastPageBehavior, Long Integer or String.",
                "datatype": {
                  "type": "mixed"
                }
              },
              {
                "name": "to",
                "shortdesc": "The GotoLastPageBehavior, index, or name at the end of the range. Can accept: GotoLastPageBehavior, Long Integer or String.",
                "datatype": {
                  "type": "mixed"
                }
              }
            ]
          },
          "datatype": {
            "type": "GotoLastPageBehavior",
            "array": {}
          }
        },
        {
          "name": "firstItem",
          "shortdesc": "Returns the first GotoLastPageBehavior in the collection.",
          "datatype": {
            "type": "GotoLastPageBehavior"
          }
        },
        {
          "name": "lastItem",
          "shortdesc": "Returns the last GotoLastPageBehavior in the collection.",
          "datatype": {
            "type": "GotoLastPageBehavior"
          }
        },
        {
          "name": "middleItem",
          "shortdesc": "Returns the middle GotoLastPageBehavior in the collection.",
          "datatype": {
            "type": "GotoLastPageBehavior"
          }
        },
        {
          "name": "previousItem",
          "shortdesc": "Returns the GotoLastPageBehavior with the index previous to the specified index.",
          "parameters": {
            "parameter": [
              {
                "name": "obj",
                "shortdesc": "The index of the GotoLastPageBehavior that follows the desired GotoLastPageBehavior.",
                "datatype": {
                  "type": "GotoLastPageBehavior"
                }
              }
            ]
          },
          "datatype": {
            "type": "GotoLastPageBehavior"
          }
        },
        {
          "name": "nextItem",
          "shortdesc": "Returns the GotoLastPageBehavior whose index follows the specified GotoLastPageBehavior in the collection.",
          "parameters": {
            "parameter": [
              {
                "name": "obj",
                "shortdesc": "The GotoLastPageBehavior whose index comes before the desired GotoLastPageBehavior.",
                "datatype": {
                  "type": "GotoLastPageBehavior"
                }
              }
            ]
          },
          "datatype": {
            "type": "GotoLastPageBehavior"
          }
        },
        {
          "name": "anyItem",
          "shortdesc": "Returns any GotoLastPageBehavior in the collection.",
          "datatype": {
            "type": "GotoLastPageBehavior"
          }
        },
        {
          "name": "everyItem",
          "shortdesc": "Returns every GotoLastPageBehavior in the collection.",
          "datatype": {
            "type": "GotoLastPageBehavior",
            "array": {}
          }
        },
        {
          "name": "toSource",
          "shortdesc": "Generates a string which, if executed, will return the GotoLastPageBehavior.",
          "datatype": {
            "type": "string"
          }
        },
        {
          "name": "[]",
          "shortdesc": "Returns the GotoLastPageBehavior with the specified index.",
          "parameters": {
            "parameter": [
              {
                "name": "index",
                "shortdesc": "The index.",
                "datatype": {
                  "type": "number"
                }
              }
            ]
          },
          "datatype": {
            "type": "GotoLastPageBehavior"
          }
        }
      ],
      "property": [
        {
          "name": "length",
          "rwaccess": "readonly",
          "shortdesc": "The number of objects in the collection.",
          "datatype": {
            "type": "number"
          }
        }
      ]
    }
  ]
}