{
  "name": "GotoLastPageBehaviors",
  "dynamic": true,
  "shortdesc": "A collection of goto last page behavior objects.",
  "elements": [
    {
      "type": "instance",
      "method": [
        {
          "name": "count",
          "shortdesc": "Displays the number of elements in the GotoLastPageBehavior.",
          "datatype": {
            "type": "Number"
          }
        },
        {
          "name": "add",
          "shortdesc": "Creates a new GotoLastPageBehavior.",
          "parameters": [
            {
              "name": "withProperties",
              "shortdesc": "Initial values for properties of the new GotoLastPageBehavior &#40;Optional)",
              "datatype": {
                "type": "Object"
              }
            }
          ],
          "datatype": {
            "type": "GotoLastPageBehavior"
          }
        },
        {
          "name": "item",
          "shortdesc": "Returns the GotoLastPageBehavior with the specified index or name.",
          "parameters": [
            {
              "name": "index",
              "shortdesc": "The index or name. Can accept: Long Integer or String.",
              "datatype": {
                "type": "Mixed"
              }
            }
          ],
          "datatype": {
            "type": "GotoLastPageBehavior"
          }
        },
        {
          "name": "itemByName",
          "shortdesc": "Returns the GotoLastPageBehavior with the specified name.",
          "parameters": [
            {
              "name": "name",
              "shortdesc": "The name.",
              "datatype": {
                "type": "String"
              }
            }
          ],
          "datatype": {
            "type": "GotoLastPageBehavior"
          }
        },
        {
          "name": "itemByID",
          "shortdesc": "Returns the GotoLastPageBehavior with the specified ID.",
          "parameters": [
            {
              "name": "id",
              "shortdesc": "The ID.",
              "datatype": {
                "type": "Number"
              }
            }
          ],
          "datatype": {
            "type": "GotoLastPageBehavior"
          }
        },
        {
          "name": "itemByRange",
          "shortdesc": "Returns the GotoLastPageBehaviors within the specified range.",
          "parameters": [
            {
              "name": "from",
              "shortdesc": "The GotoLastPageBehavior, index, or name at the beginning of the range. Can accept: GotoLastPageBehavior, Long Integer or String.",
              "datatype": {
                "type": "Mixed"
              }
            },
            {
              "name": "to",
              "shortdesc": "The GotoLastPageBehavior, index, or name at the end of the range. Can accept: GotoLastPageBehavior, Long Integer or String.",
              "datatype": {
                "type": "Mixed"
              }
            }
          ],
          "datatype": {
            "type": "GotoLastPageBehavior",
            "array": true
          }
        },
        {
          "name": "firstItem",
          "shortdesc": "Returns the first GotoLastPageBehavior in the collection.",
          "datatype": {
            "type": "GotoLastPageBehavior"
          }
        },
        {
          "name": "lastItem",
          "shortdesc": "Returns the last GotoLastPageBehavior in the collection.",
          "datatype": {
            "type": "GotoLastPageBehavior"
          }
        },
        {
          "name": "middleItem",
          "shortdesc": "Returns the middle GotoLastPageBehavior in the collection.",
          "datatype": {
            "type": "GotoLastPageBehavior"
          }
        },
        {
          "name": "previousItem",
          "shortdesc": "Returns the GotoLastPageBehavior with the index previous to the specified index.",
          "parameters": [
            {
              "name": "obj",
              "shortdesc": "The index of the GotoLastPageBehavior that follows the desired GotoLastPageBehavior.",
              "datatype": {
                "type": "GotoLastPageBehavior"
              }
            }
          ],
          "datatype": {
            "type": "GotoLastPageBehavior"
          }
        },
        {
          "name": "nextItem",
          "shortdesc": "Returns the GotoLastPageBehavior whose index follows the specified GotoLastPageBehavior in the collection.",
          "parameters": [
            {
              "name": "obj",
              "shortdesc": "The GotoLastPageBehavior whose index comes before the desired GotoLastPageBehavior.",
              "datatype": {
                "type": "GotoLastPageBehavior"
              }
            }
          ],
          "datatype": {
            "type": "GotoLastPageBehavior"
          }
        },
        {
          "name": "anyItem",
          "shortdesc": "Returns any GotoLastPageBehavior in the collection.",
          "datatype": {
            "type": "GotoLastPageBehavior"
          }
        },
        {
          "name": "everyItem",
          "shortdesc": "Returns every GotoLastPageBehavior in the collection.",
          "datatype": {
            "type": "GotoLastPageBehavior",
            "array": true
          }
        },
        {
          "name": "toSource",
          "shortdesc": "Generates a string which, if executed, will return the GotoLastPageBehavior.",
          "datatype": {
            "type": "String"
          }
        },
        {
          "name": "[]",
          "shortdesc": "Returns the GotoLastPageBehavior with the specified index.",
          "parameters": [
            {
              "name": "index",
              "shortdesc": "The index.",
              "datatype": {
                "type": "Number"
              }
            }
          ],
          "datatype": {
            "type": "GotoLastPageBehavior"
          }
        }
      ],
      "property": [
        {
          "name": "length",
          "rwaccess": "readonly",
          "shortdesc": "The number of objects in the collection.",
          "datatype": {
            "type": "Number"
          }
        }
      ]
    }
  ]
}