{
  "name": "GotoPreviousStateBehaviors",
  "dynamic": true,
  "shortdesc": "A collection of goto previous state behaviors.",
  "elements": [
    {
      "type": "instance",
      "method": [
        {
          "name": "count",
          "shortdesc": "Displays the number of elements in the GotoPreviousStateBehavior.",
          "datatype": {
            "type": "number"
          }
        },
        {
          "name": "add",
          "shortdesc": "Creates a new GotoPreviousStateBehavior.",
          "parameters": {
            "parameter": [
              {
                "name": "withProperties",
                "shortdesc": "Initial values for properties of the new GotoPreviousStateBehavior &amp;&#35;40;Optional&#41;",
                "datatype": {
                  "type": "Object"
                }
              }
            ]
          },
          "datatype": {
            "type": "GotoPreviousStateBehavior"
          }
        },
        {
          "name": "item",
          "shortdesc": "Returns the GotoPreviousStateBehavior with the specified index or name.",
          "parameters": {
            "parameter": [
              {
                "name": "index",
                "shortdesc": "The index or name. Can accept: Long Integer or String.",
                "datatype": {
                  "type": "mixed"
                }
              }
            ]
          },
          "datatype": {
            "type": "GotoPreviousStateBehavior"
          }
        },
        {
          "name": "itemByName",
          "shortdesc": "Returns the GotoPreviousStateBehavior with the specified name.",
          "parameters": {
            "parameter": [
              {
                "name": "name",
                "shortdesc": "The name.",
                "datatype": {
                  "type": "string"
                }
              }
            ]
          },
          "datatype": {
            "type": "GotoPreviousStateBehavior"
          }
        },
        {
          "name": "itemByID",
          "shortdesc": "Returns the GotoPreviousStateBehavior with the specified ID.",
          "parameters": {
            "parameter": [
              {
                "name": "id",
                "shortdesc": "The ID.",
                "datatype": {
                  "type": "number"
                }
              }
            ]
          },
          "datatype": {
            "type": "GotoPreviousStateBehavior"
          }
        },
        {
          "name": "itemByRange",
          "shortdesc": "Returns the GotoPreviousStateBehaviors within the specified range.",
          "parameters": {
            "parameter": [
              {
                "name": "from",
                "shortdesc": "The GotoPreviousStateBehavior, index, or name at the beginning of the range. Can accept: GotoPreviousStateBehavior, Long Integer or String.",
                "datatype": {
                  "type": "mixed"
                }
              },
              {
                "name": "to",
                "shortdesc": "The GotoPreviousStateBehavior, index, or name at the end of the range. Can accept: GotoPreviousStateBehavior, Long Integer or String.",
                "datatype": {
                  "type": "mixed"
                }
              }
            ]
          },
          "datatype": {
            "type": "GotoPreviousStateBehavior",
            "array": {}
          }
        },
        {
          "name": "firstItem",
          "shortdesc": "Returns the first GotoPreviousStateBehavior in the collection.",
          "datatype": {
            "type": "GotoPreviousStateBehavior"
          }
        },
        {
          "name": "lastItem",
          "shortdesc": "Returns the last GotoPreviousStateBehavior in the collection.",
          "datatype": {
            "type": "GotoPreviousStateBehavior"
          }
        },
        {
          "name": "middleItem",
          "shortdesc": "Returns the middle GotoPreviousStateBehavior in the collection.",
          "datatype": {
            "type": "GotoPreviousStateBehavior"
          }
        },
        {
          "name": "previousItem",
          "shortdesc": "Returns the GotoPreviousStateBehavior with the index previous to the specified index.",
          "parameters": {
            "parameter": [
              {
                "name": "obj",
                "shortdesc": "The index of the GotoPreviousStateBehavior that follows the desired GotoPreviousStateBehavior.",
                "datatype": {
                  "type": "GotoPreviousStateBehavior"
                }
              }
            ]
          },
          "datatype": {
            "type": "GotoPreviousStateBehavior"
          }
        },
        {
          "name": "nextItem",
          "shortdesc": "Returns the GotoPreviousStateBehavior whose index follows the specified GotoPreviousStateBehavior in the collection.",
          "parameters": {
            "parameter": [
              {
                "name": "obj",
                "shortdesc": "The GotoPreviousStateBehavior whose index comes before the desired GotoPreviousStateBehavior.",
                "datatype": {
                  "type": "GotoPreviousStateBehavior"
                }
              }
            ]
          },
          "datatype": {
            "type": "GotoPreviousStateBehavior"
          }
        },
        {
          "name": "anyItem",
          "shortdesc": "Returns any GotoPreviousStateBehavior in the collection.",
          "datatype": {
            "type": "GotoPreviousStateBehavior"
          }
        },
        {
          "name": "everyItem",
          "shortdesc": "Returns every GotoPreviousStateBehavior in the collection.",
          "datatype": {
            "type": "GotoPreviousStateBehavior",
            "array": {}
          }
        },
        {
          "name": "toSource",
          "shortdesc": "Generates a string which, if executed, will return the GotoPreviousStateBehavior.",
          "datatype": {
            "type": "string"
          }
        },
        {
          "name": "[]",
          "shortdesc": "Returns the GotoPreviousStateBehavior with the specified index.",
          "parameters": {
            "parameter": [
              {
                "name": "index",
                "shortdesc": "The index.",
                "datatype": {
                  "type": "number"
                }
              }
            ]
          },
          "datatype": {
            "type": "GotoPreviousStateBehavior"
          }
        }
      ],
      "property": [
        {
          "name": "length",
          "rwaccess": "readonly",
          "shortdesc": "The number of objects in the collection.",
          "datatype": {
            "type": "number"
          }
        }
      ]
    }
  ]
}