{
  "name": "GotoNextPageBehaviors",
  "dynamic": true,
  "shortdesc": "A collection of goto next page behavior objects.",
  "elements": [
    {
      "type": "instance",
      "method": [
        {
          "name": "count",
          "shortdesc": "Displays the number of elements in the GotoNextPageBehavior.",
          "datatype": {
            "type": "Number"
          }
        },
        {
          "name": "add",
          "shortdesc": "Creates a new GotoNextPageBehavior.",
          "parameters": [
            {
              "name": "withProperties",
              "shortdesc": "Initial values for properties of the new GotoNextPageBehavior &#40;Optional)",
              "datatype": {
                "type": "Object"
              }
            }
          ],
          "datatype": {
            "type": "GotoNextPageBehavior"
          }
        },
        {
          "name": "item",
          "shortdesc": "Returns the GotoNextPageBehavior with the specified index or name.",
          "parameters": [
            {
              "name": "index",
              "shortdesc": "The index or name. Can accept: Long Integer or String.",
              "datatype": {
                "type": "Mixed"
              }
            }
          ],
          "datatype": {
            "type": "GotoNextPageBehavior"
          }
        },
        {
          "name": "itemByName",
          "shortdesc": "Returns the GotoNextPageBehavior with the specified name.",
          "parameters": [
            {
              "name": "name",
              "shortdesc": "The name.",
              "datatype": {
                "type": "String"
              }
            }
          ],
          "datatype": {
            "type": "GotoNextPageBehavior"
          }
        },
        {
          "name": "itemByID",
          "shortdesc": "Returns the GotoNextPageBehavior with the specified ID.",
          "parameters": [
            {
              "name": "id",
              "shortdesc": "The ID.",
              "datatype": {
                "type": "Number"
              }
            }
          ],
          "datatype": {
            "type": "GotoNextPageBehavior"
          }
        },
        {
          "name": "itemByRange",
          "shortdesc": "Returns the GotoNextPageBehaviors within the specified range.",
          "parameters": [
            {
              "name": "from",
              "shortdesc": "The GotoNextPageBehavior, index, or name at the beginning of the range. Can accept: GotoNextPageBehavior, Long Integer or String.",
              "datatype": {
                "type": "Mixed"
              }
            },
            {
              "name": "to",
              "shortdesc": "The GotoNextPageBehavior, index, or name at the end of the range. Can accept: GotoNextPageBehavior, Long Integer or String.",
              "datatype": {
                "type": "Mixed"
              }
            }
          ],
          "datatype": {
            "type": "GotoNextPageBehavior",
            "array": true
          }
        },
        {
          "name": "firstItem",
          "shortdesc": "Returns the first GotoNextPageBehavior in the collection.",
          "datatype": {
            "type": "GotoNextPageBehavior"
          }
        },
        {
          "name": "lastItem",
          "shortdesc": "Returns the last GotoNextPageBehavior in the collection.",
          "datatype": {
            "type": "GotoNextPageBehavior"
          }
        },
        {
          "name": "middleItem",
          "shortdesc": "Returns the middle GotoNextPageBehavior in the collection.",
          "datatype": {
            "type": "GotoNextPageBehavior"
          }
        },
        {
          "name": "previousItem",
          "shortdesc": "Returns the GotoNextPageBehavior with the index previous to the specified index.",
          "parameters": [
            {
              "name": "obj",
              "shortdesc": "The index of the GotoNextPageBehavior that follows the desired GotoNextPageBehavior.",
              "datatype": {
                "type": "GotoNextPageBehavior"
              }
            }
          ],
          "datatype": {
            "type": "GotoNextPageBehavior"
          }
        },
        {
          "name": "nextItem",
          "shortdesc": "Returns the GotoNextPageBehavior whose index follows the specified GotoNextPageBehavior in the collection.",
          "parameters": [
            {
              "name": "obj",
              "shortdesc": "The GotoNextPageBehavior whose index comes before the desired GotoNextPageBehavior.",
              "datatype": {
                "type": "GotoNextPageBehavior"
              }
            }
          ],
          "datatype": {
            "type": "GotoNextPageBehavior"
          }
        },
        {
          "name": "anyItem",
          "shortdesc": "Returns any GotoNextPageBehavior in the collection.",
          "datatype": {
            "type": "GotoNextPageBehavior"
          }
        },
        {
          "name": "everyItem",
          "shortdesc": "Returns every GotoNextPageBehavior in the collection.",
          "datatype": {
            "type": "GotoNextPageBehavior",
            "array": true
          }
        },
        {
          "name": "toSource",
          "shortdesc": "Generates a string which, if executed, will return the GotoNextPageBehavior.",
          "datatype": {
            "type": "String"
          }
        },
        {
          "name": "[]",
          "shortdesc": "Returns the GotoNextPageBehavior with the specified index.",
          "parameters": [
            {
              "name": "index",
              "shortdesc": "The index.",
              "datatype": {
                "type": "Number"
              }
            }
          ],
          "datatype": {
            "type": "GotoNextPageBehavior"
          }
        }
      ],
      "property": [
        {
          "name": "length",
          "rwaccess": "readonly",
          "shortdesc": "The number of objects in the collection.",
          "datatype": {
            "type": "Number"
          }
        }
      ]
    }
  ]
}