{
  "name": "GoToZoomOptions",
  "enumeration": true,
  "shortdesc": "Zoom options for the goto destination page.",
  "elements": [
    {
      "type": "class",
      "property": [
        {
          "name": "INHERIT_ZOOM",
          "rwaccess": "readonly",
          "shortdesc": "Inherits the zoom setting from the previously displayed page.",
          "datatype": {
            "type": "Number",
            "value": 1212437370
          }
        },
        {
          "name": "FIT_WINDOW",
          "rwaccess": "readonly",
          "shortdesc": "Fits the page in the display window.",
          "datatype": {
            "type": "Number",
            "value": 1212437367
          }
        },
        {
          "name": "FIT_WIDTH",
          "rwaccess": "readonly",
          "shortdesc": "Fits the page to the width of the window; may obscure the lower portion of the page.",
          "datatype": {
            "type": "Number",
            "value": 1212437335
          }
        },
        {
          "name": "FIT_VISIBLE",
          "rwaccess": "readonly",
          "shortdesc": "Fits the text area of the page to the window width; obscures page margins and may obscure the lower portion of the page.",
          "datatype": {
            "type": "Number",
            "value": 1212437334
          }
        },
        {
          "name": "ACTUAL_SIZE",
          "rwaccess": "readonly",
          "shortdesc": "Displays the page at 100% magnification.",
          "datatype": {
            "type": "Number",
            "value": 2053206906
          }
        }
      ]
    }
  ]
}