{
  "name": "GotoStateBehaviors",
  "dynamic": true,
  "shortdesc": "A collection of goto state behaviors.",
  "elements": [
    {
      "type": "instance",
      "method": [
        {
          "name": "count",
          "shortdesc": "Displays the number of elements in the GotoStateBehavior.",
          "datatype": {
            "type": "number"
          }
        },
        {
          "name": "add",
          "shortdesc": "Creates a new GotoStateBehavior.",
          "parameters": {
            "parameter": [
              {
                "name": "withProperties",
                "shortdesc": "Initial values for properties of the new GotoStateBehavior &amp;&#35;40;Optional&#41;",
                "datatype": {
                  "type": "Object"
                }
              }
            ]
          },
          "datatype": {
            "type": "GotoStateBehavior"
          }
        },
        {
          "name": "item",
          "shortdesc": "Returns the GotoStateBehavior with the specified index or name.",
          "parameters": {
            "parameter": [
              {
                "name": "index",
                "shortdesc": "The index or name. Can accept: Long Integer or String.",
                "datatype": {
                  "type": "mixed"
                }
              }
            ]
          },
          "datatype": {
            "type": "GotoStateBehavior"
          }
        },
        {
          "name": "itemByName",
          "shortdesc": "Returns the GotoStateBehavior with the specified name.",
          "parameters": {
            "parameter": [
              {
                "name": "name",
                "shortdesc": "The name.",
                "datatype": {
                  "type": "string"
                }
              }
            ]
          },
          "datatype": {
            "type": "GotoStateBehavior"
          }
        },
        {
          "name": "itemByID",
          "shortdesc": "Returns the GotoStateBehavior with the specified ID.",
          "parameters": {
            "parameter": [
              {
                "name": "id",
                "shortdesc": "The ID.",
                "datatype": {
                  "type": "number"
                }
              }
            ]
          },
          "datatype": {
            "type": "GotoStateBehavior"
          }
        },
        {
          "name": "itemByRange",
          "shortdesc": "Returns the GotoStateBehaviors within the specified range.",
          "parameters": {
            "parameter": [
              {
                "name": "from",
                "shortdesc": "The GotoStateBehavior, index, or name at the beginning of the range. Can accept: GotoStateBehavior, Long Integer or String.",
                "datatype": {
                  "type": "mixed"
                }
              },
              {
                "name": "to",
                "shortdesc": "The GotoStateBehavior, index, or name at the end of the range. Can accept: GotoStateBehavior, Long Integer or String.",
                "datatype": {
                  "type": "mixed"
                }
              }
            ]
          },
          "datatype": {
            "type": "GotoStateBehavior",
            "array": {}
          }
        },
        {
          "name": "firstItem",
          "shortdesc": "Returns the first GotoStateBehavior in the collection.",
          "datatype": {
            "type": "GotoStateBehavior"
          }
        },
        {
          "name": "lastItem",
          "shortdesc": "Returns the last GotoStateBehavior in the collection.",
          "datatype": {
            "type": "GotoStateBehavior"
          }
        },
        {
          "name": "middleItem",
          "shortdesc": "Returns the middle GotoStateBehavior in the collection.",
          "datatype": {
            "type": "GotoStateBehavior"
          }
        },
        {
          "name": "previousItem",
          "shortdesc": "Returns the GotoStateBehavior with the index previous to the specified index.",
          "parameters": {
            "parameter": [
              {
                "name": "obj",
                "shortdesc": "The index of the GotoStateBehavior that follows the desired GotoStateBehavior.",
                "datatype": {
                  "type": "GotoStateBehavior"
                }
              }
            ]
          },
          "datatype": {
            "type": "GotoStateBehavior"
          }
        },
        {
          "name": "nextItem",
          "shortdesc": "Returns the GotoStateBehavior whose index follows the specified GotoStateBehavior in the collection.",
          "parameters": {
            "parameter": [
              {
                "name": "obj",
                "shortdesc": "The GotoStateBehavior whose index comes before the desired GotoStateBehavior.",
                "datatype": {
                  "type": "GotoStateBehavior"
                }
              }
            ]
          },
          "datatype": {
            "type": "GotoStateBehavior"
          }
        },
        {
          "name": "anyItem",
          "shortdesc": "Returns any GotoStateBehavior in the collection.",
          "datatype": {
            "type": "GotoStateBehavior"
          }
        },
        {
          "name": "everyItem",
          "shortdesc": "Returns every GotoStateBehavior in the collection.",
          "datatype": {
            "type": "GotoStateBehavior",
            "array": {}
          }
        },
        {
          "name": "toSource",
          "shortdesc": "Generates a string which, if executed, will return the GotoStateBehavior.",
          "datatype": {
            "type": "string"
          }
        },
        {
          "name": "[]",
          "shortdesc": "Returns the GotoStateBehavior with the specified index.",
          "parameters": {
            "parameter": [
              {
                "name": "index",
                "shortdesc": "The index.",
                "datatype": {
                  "type": "number"
                }
              }
            ]
          },
          "datatype": {
            "type": "GotoStateBehavior"
          }
        }
      ],
      "property": [
        {
          "name": "length",
          "rwaccess": "readonly",
          "shortdesc": "The number of objects in the collection.",
          "datatype": {
            "type": "number"
          }
        }
      ]
    }
  ]
}