{
  "name": "GotoNextViewBehaviors",
  "dynamic": true,
  "shortdesc": "A collection of goto next view behavior objects.",
  "elements": [
    {
      "type": "instance",
      "method": [
        {
          "name": "count",
          "shortdesc": "Displays the number of elements in the GotoNextViewBehavior.",
          "datatype": {
            "type": "Number"
          }
        },
        {
          "name": "add",
          "shortdesc": "Creates a new GotoNextViewBehavior.",
          "parameters": [
            {
              "name": "withProperties",
              "shortdesc": "Initial values for properties of the new GotoNextViewBehavior &#40;Optional)",
              "datatype": {
                "type": "Object"
              }
            }
          ],
          "datatype": {
            "type": "GotoNextViewBehavior"
          }
        },
        {
          "name": "item",
          "shortdesc": "Returns the GotoNextViewBehavior with the specified index or name.",
          "parameters": [
            {
              "name": "index",
              "shortdesc": "The index or name. Can accept: Long Integer or String.",
              "datatype": {
                "type": "Mixed"
              }
            }
          ],
          "datatype": {
            "type": "GotoNextViewBehavior"
          }
        },
        {
          "name": "itemByName",
          "shortdesc": "Returns the GotoNextViewBehavior with the specified name.",
          "parameters": [
            {
              "name": "name",
              "shortdesc": "The name.",
              "datatype": {
                "type": "String"
              }
            }
          ],
          "datatype": {
            "type": "GotoNextViewBehavior"
          }
        },
        {
          "name": "itemByID",
          "shortdesc": "Returns the GotoNextViewBehavior with the specified ID.",
          "parameters": [
            {
              "name": "id",
              "shortdesc": "The ID.",
              "datatype": {
                "type": "Number"
              }
            }
          ],
          "datatype": {
            "type": "GotoNextViewBehavior"
          }
        },
        {
          "name": "itemByRange",
          "shortdesc": "Returns the GotoNextViewBehaviors within the specified range.",
          "parameters": [
            {
              "name": "from",
              "shortdesc": "The GotoNextViewBehavior, index, or name at the beginning of the range. Can accept: GotoNextViewBehavior, Long Integer or String.",
              "datatype": {
                "type": "Mixed"
              }
            },
            {
              "name": "to",
              "shortdesc": "The GotoNextViewBehavior, index, or name at the end of the range. Can accept: GotoNextViewBehavior, Long Integer or String.",
              "datatype": {
                "type": "Mixed"
              }
            }
          ],
          "datatype": {
            "type": "GotoNextViewBehavior",
            "array": true
          }
        },
        {
          "name": "firstItem",
          "shortdesc": "Returns the first GotoNextViewBehavior in the collection.",
          "datatype": {
            "type": "GotoNextViewBehavior"
          }
        },
        {
          "name": "lastItem",
          "shortdesc": "Returns the last GotoNextViewBehavior in the collection.",
          "datatype": {
            "type": "GotoNextViewBehavior"
          }
        },
        {
          "name": "middleItem",
          "shortdesc": "Returns the middle GotoNextViewBehavior in the collection.",
          "datatype": {
            "type": "GotoNextViewBehavior"
          }
        },
        {
          "name": "previousItem",
          "shortdesc": "Returns the GotoNextViewBehavior with the index previous to the specified index.",
          "parameters": [
            {
              "name": "obj",
              "shortdesc": "The index of the GotoNextViewBehavior that follows the desired GotoNextViewBehavior.",
              "datatype": {
                "type": "GotoNextViewBehavior"
              }
            }
          ],
          "datatype": {
            "type": "GotoNextViewBehavior"
          }
        },
        {
          "name": "nextItem",
          "shortdesc": "Returns the GotoNextViewBehavior whose index follows the specified GotoNextViewBehavior in the collection.",
          "parameters": [
            {
              "name": "obj",
              "shortdesc": "The GotoNextViewBehavior whose index comes before the desired GotoNextViewBehavior.",
              "datatype": {
                "type": "GotoNextViewBehavior"
              }
            }
          ],
          "datatype": {
            "type": "GotoNextViewBehavior"
          }
        },
        {
          "name": "anyItem",
          "shortdesc": "Returns any GotoNextViewBehavior in the collection.",
          "datatype": {
            "type": "GotoNextViewBehavior"
          }
        },
        {
          "name": "everyItem",
          "shortdesc": "Returns every GotoNextViewBehavior in the collection.",
          "datatype": {
            "type": "GotoNextViewBehavior",
            "array": true
          }
        },
        {
          "name": "toSource",
          "shortdesc": "Generates a string which, if executed, will return the GotoNextViewBehavior.",
          "datatype": {
            "type": "String"
          }
        },
        {
          "name": "[]",
          "shortdesc": "Returns the GotoNextViewBehavior with the specified index.",
          "parameters": [
            {
              "name": "index",
              "shortdesc": "The index.",
              "datatype": {
                "type": "Number"
              }
            }
          ],
          "datatype": {
            "type": "GotoNextViewBehavior"
          }
        }
      ],
      "property": [
        {
          "name": "length",
          "rwaccess": "readonly",
          "shortdesc": "The number of objects in the collection.",
          "datatype": {
            "type": "Number"
          }
        }
      ]
    }
  ]
}