{
  "name": "GradientStops",
  "dynamic": true,
  "shortdesc": "A collection of gradient stops.",
  "elements": [
    {
      "type": "instance",
      "method": [
        {
          "name": "add",
          "shortdesc": "Creates a new GradientStop.",
          "parameters": [
            {
              "name": "withProperties",
              "shortdesc": "Initial values for properties of the new GradientStop &#40;Optional)",
              "datatype": {
                "type": "Object"
              }
            }
          ],
          "datatype": {
            "type": "GradientStop"
          }
        },
        {
          "name": "count",
          "shortdesc": "Displays the number of elements in the GradientStop.",
          "datatype": {
            "type": "Number"
          }
        },
        {
          "name": "item",
          "shortdesc": "Returns the GradientStop with the specified index or name.",
          "parameters": [
            {
              "name": "index",
              "shortdesc": "The index or name. Can accept: Long Integer or String.",
              "datatype": {
                "type": "Mixed"
              }
            }
          ],
          "datatype": {
            "type": "GradientStop"
          }
        },
        {
          "name": "itemByRange",
          "shortdesc": "Returns the GradientStops within the specified range.",
          "parameters": [
            {
              "name": "from",
              "shortdesc": "The GradientStop, index, or name at the beginning of the range. Can accept: GradientStop, Long Integer or String.",
              "datatype": {
                "type": "Mixed"
              }
            },
            {
              "name": "to",
              "shortdesc": "The GradientStop, index, or name at the end of the range. Can accept: GradientStop, Long Integer or String.",
              "datatype": {
                "type": "Mixed"
              }
            }
          ],
          "datatype": {
            "type": "GradientStop",
            "array": true
          }
        },
        {
          "name": "firstItem",
          "shortdesc": "Returns the first GradientStop in the collection.",
          "datatype": {
            "type": "GradientStop"
          }
        },
        {
          "name": "lastItem",
          "shortdesc": "Returns the last GradientStop in the collection.",
          "datatype": {
            "type": "GradientStop"
          }
        },
        {
          "name": "middleItem",
          "shortdesc": "Returns the middle GradientStop in the collection.",
          "datatype": {
            "type": "GradientStop"
          }
        },
        {
          "name": "previousItem",
          "shortdesc": "Returns the GradientStop with the index previous to the specified index.",
          "parameters": [
            {
              "name": "obj",
              "shortdesc": "The index of the GradientStop that follows the desired GradientStop.",
              "datatype": {
                "type": "GradientStop"
              }
            }
          ],
          "datatype": {
            "type": "GradientStop"
          }
        },
        {
          "name": "nextItem",
          "shortdesc": "Returns the GradientStop whose index follows the specified GradientStop in the collection.",
          "parameters": [
            {
              "name": "obj",
              "shortdesc": "The GradientStop whose index comes before the desired GradientStop.",
              "datatype": {
                "type": "GradientStop"
              }
            }
          ],
          "datatype": {
            "type": "GradientStop"
          }
        },
        {
          "name": "anyItem",
          "shortdesc": "Returns any GradientStop in the collection.",
          "datatype": {
            "type": "GradientStop"
          }
        },
        {
          "name": "everyItem",
          "shortdesc": "Returns every GradientStop in the collection.",
          "datatype": {
            "type": "GradientStop",
            "array": true
          }
        },
        {
          "name": "toSource",
          "shortdesc": "Generates a string which, if executed, will return the GradientStop.",
          "datatype": {
            "type": "String"
          }
        },
        {
          "name": "[]",
          "shortdesc": "Returns the GradientStop with the specified index.",
          "parameters": [
            {
              "name": "index",
              "shortdesc": "The index.",
              "datatype": {
                "type": "Number"
              }
            }
          ],
          "datatype": {
            "type": "GradientStop"
          }
        }
      ],
      "property": [
        {
          "name": "length",
          "rwaccess": "readonly",
          "shortdesc": "The number of objects in the collection.",
          "datatype": {
            "type": "Number"
          }
        }
      ]
    }
  ]
}