{
  "name": "GradientType",
  "enumeration": true,
  "shortdesc": "Gradient type options.",
  "elements": [
    {
      "type": "class",
      "property": [
        {
          "name": "LINEAR",
          "rwaccess": "readonly",
          "shortdesc": "A linear gradient.",
          "datatype": {
            "type": "Number",
            "value": 1635282023
          }
        },
        {
          "name": "RADIAL",
          "rwaccess": "readonly",
          "shortdesc": "A radial gradient.",
          "datatype": {
            "type": "Number",
            "value": 1918985319
          }
        }
      ]
    }
  ]
}