{
  "name": "Gradient",
  "dynamic": true,
  "superclass": {
    "href": "#/Swatch",
    "$t": "Swatch"
  },
  "shortdesc": "A gradient.",
  "elements": [
    {
      "type": "instance",
      "property": [
        {
          "name": "id",
          "rwaccess": "readonly",
          "shortdesc": "The unique ID of the Gradient.",
          "datatype": {
            "type": "number"
          }
        },
        {
          "name": "isValid",
          "rwaccess": "readonly",
          "shortdesc": "Returns true if the object specifier resolves to valid objects.",
          "datatype": {
            "type": "bool"
          }
        },
        {
          "name": "parent",
          "rwaccess": "readonly",
          "shortdesc": "The parent of the Gradient &amp;&#35;40;a Application or Document&#41;.",
          "datatype": {
            "type": "mixed"
          }
        },
        {
          "name": "index",
          "rwaccess": "readonly",
          "shortdesc": "The index of the Gradient within its containing object.",
          "datatype": {
            "type": "number"
          }
        },
        {
          "name": "events",
          "rwaccess": "readonly",
          "shortdesc": "A collection of events.",
          "datatype": {
            "type": "Events"
          }
        },
        {
          "name": "eventListeners",
          "rwaccess": "readonly",
          "shortdesc": "A collection of event listeners.",
          "datatype": {
            "type": "EventListeners"
          }
        },
        {
          "name": "gradientStops",
          "rwaccess": "readonly",
          "shortdesc": "A collection of gradient stops.",
          "datatype": {
            "type": "GradientStops"
          }
        },
        {
          "name": "type",
          "shortdesc": "The gradient type.",
          "datatype": {
            "type": "GradientType"
          }
        },
        {
          "name": "name",
          "shortdesc": "The name of the Gradient.",
          "datatype": {
            "type": "string"
          }
        },
        {
          "name": "label",
          "shortdesc": "A property that can be set to any string.",
          "datatype": {
            "type": "string"
          }
        },
        {
          "name": "properties",
          "shortdesc": "A property that allows setting of several properties at the same time.",
          "datatype": {
            "type": "Object"
          }
        }
      ],
      "method": [
        {
          "name": "remove",
          "shortdesc": "Deletes the swatch.",
          "parameters": {
            "parameter": [
              {
                "name": "replacingWith",
                "shortdesc": "The swatch to apply in place of the deleted swatch. &amp;&#35;40;Optional&#41;",
                "datatype": {
                  "type": "Swatch"
                }
              }
            ]
          }
        },
        {
          "name": "duplicate",
          "shortdesc": "Duplicates the Gradient.",
          "datatype": {
            "type": "Gradient"
          }
        },
        {
          "name": "merge",
          "shortdesc": "Merges the specified swatches with the swatch.",
          "parameters": {
            "parameter": [
              {
                "name": "with",
                "shortdesc": "The swatches to merge. Can accept: Array of Swatches, Swatch or String.",
                "datatype": {
                  "type": "mixed"
                }
              }
            ]
          },
          "datatype": {
            "type": "Swatch"
          }
        },
        {
          "name": "insertLabel",
          "shortdesc": "Sets the label to the value associated with the specified key.",
          "parameters": {
            "parameter": [
              {
                "name": "key",
                "shortdesc": "The key.",
                "datatype": {
                  "type": "string"
                }
              },
              {
                "name": "value",
                "shortdesc": "The value.",
                "datatype": {
                  "type": "string"
                }
              }
            ]
          }
        },
        {
          "name": "extractLabel",
          "shortdesc": "Gets the label value associated with the specified key.",
          "parameters": {
            "parameter": [
              {
                "name": "key",
                "shortdesc": "The key.",
                "datatype": {
                  "type": "string"
                }
              }
            ]
          },
          "datatype": {
            "type": "string"
          }
        },
        {
          "name": "toSource",
          "shortdesc": "Generates a string which, if executed, will return the Gradient.",
          "datatype": {
            "type": "string"
          }
        },
        {
          "name": "getElements",
          "shortdesc": "Resolves the object specifier, creating an array of object references.",
          "datatype": {
            "type": "Gradient",
            "array": {}
          }
        },
        {
          "name": "toSpecifier",
          "shortdesc": "Retrieves the object specifier.",
          "datatype": {
            "type": "string"
          }
        },
        {
          "name": "addEventListener",
          "shortdesc": "Adds an event listener.",
          "parameters": {
            "parameter": [
              {
                "name": "eventType",
                "shortdesc": "The event type.",
                "datatype": {
                  "type": "string"
                }
              },
              {
                "name": "handler",
                "shortdesc": "The event handler. Can accept: File or JavaScript Function.",
                "datatype": {
                  "type": "mixed"
                }
              },
              {
                "name": "captures",
                "optional": true,
                "shortdesc": "This parameter is obsolete. &amp;&#35;40;Optional&#41;",
                "datatype": {
                  "type": "bool",
                  "value": false
                }
              }
            ]
          },
          "datatype": {
            "type": "EventListener"
          }
        },
        {
          "name": "removeEventListener",
          "shortdesc": "Removes the event listener.",
          "parameters": {
            "parameter": [
              {
                "name": "eventType",
                "shortdesc": "The registered event type.",
                "datatype": {
                  "type": "string"
                }
              },
              {
                "name": "handler",
                "shortdesc": "The registered event handler. Can accept: File or JavaScript Function.",
                "datatype": {
                  "type": "mixed"
                }
              },
              {
                "name": "captures",
                "optional": true,
                "shortdesc": "This parameter is obsolete. &amp;&#35;40;Optional&#41;",
                "datatype": {
                  "type": "bool",
                  "value": false
                }
              }
            ]
          },
          "datatype": {
            "type": "bool"
          }
        }
      ]
    }
  ]
}