{
  "name": "Gradients",
  "dynamic": true,
  "shortdesc": "A collection of gradients.",
  "elements": [
    {
      "type": "instance",
      "method": [
        {
          "name": "add",
          "shortdesc": "Creates a new Gradient.",
          "parameters": {
            "parameter": [
              {
                "name": "withProperties",
                "shortdesc": "Initial values for properties of the new Gradient &amp;&#35;40;Optional&#41;",
                "datatype": {
                  "type": "Object"
                }
              }
            ]
          },
          "datatype": {
            "type": "Gradient"
          }
        },
        {
          "name": "count",
          "shortdesc": "Displays the number of elements in the Gradient.",
          "datatype": {
            "type": "number"
          }
        },
        {
          "name": "item",
          "shortdesc": "Returns the Gradient with the specified index or name.",
          "parameters": {
            "parameter": [
              {
                "name": "index",
                "shortdesc": "The index or name. Can accept: Long Integer or String.",
                "datatype": {
                  "type": "mixed"
                }
              }
            ]
          },
          "datatype": {
            "type": "Gradient"
          }
        },
        {
          "name": "itemByName",
          "shortdesc": "Returns the Gradient with the specified name.",
          "parameters": {
            "parameter": [
              {
                "name": "name",
                "shortdesc": "The name.",
                "datatype": {
                  "type": "string"
                }
              }
            ]
          },
          "datatype": {
            "type": "Gradient"
          }
        },
        {
          "name": "itemByID",
          "shortdesc": "Returns the Gradient with the specified ID.",
          "parameters": {
            "parameter": [
              {
                "name": "id",
                "shortdesc": "The ID.",
                "datatype": {
                  "type": "number"
                }
              }
            ]
          },
          "datatype": {
            "type": "Gradient"
          }
        },
        {
          "name": "itemByRange",
          "shortdesc": "Returns the Gradients within the specified range.",
          "parameters": {
            "parameter": [
              {
                "name": "from",
                "shortdesc": "The Gradient, index, or name at the beginning of the range. Can accept: Gradient, Long Integer or String.",
                "datatype": {
                  "type": "mixed"
                }
              },
              {
                "name": "to",
                "shortdesc": "The Gradient, index, or name at the end of the range. Can accept: Gradient, Long Integer or String.",
                "datatype": {
                  "type": "mixed"
                }
              }
            ]
          },
          "datatype": {
            "type": "Gradient",
            "array": {}
          }
        },
        {
          "name": "firstItem",
          "shortdesc": "Returns the first Gradient in the collection.",
          "datatype": {
            "type": "Gradient"
          }
        },
        {
          "name": "lastItem",
          "shortdesc": "Returns the last Gradient in the collection.",
          "datatype": {
            "type": "Gradient"
          }
        },
        {
          "name": "middleItem",
          "shortdesc": "Returns the middle Gradient in the collection.",
          "datatype": {
            "type": "Gradient"
          }
        },
        {
          "name": "previousItem",
          "shortdesc": "Returns the Gradient with the index previous to the specified index.",
          "parameters": {
            "parameter": [
              {
                "name": "obj",
                "shortdesc": "The index of the Gradient that follows the desired Gradient.",
                "datatype": {
                  "type": "Gradient"
                }
              }
            ]
          },
          "datatype": {
            "type": "Gradient"
          }
        },
        {
          "name": "nextItem",
          "shortdesc": "Returns the Gradient whose index follows the specified Gradient in the collection.",
          "parameters": {
            "parameter": [
              {
                "name": "obj",
                "shortdesc": "The Gradient whose index comes before the desired Gradient.",
                "datatype": {
                  "type": "Gradient"
                }
              }
            ]
          },
          "datatype": {
            "type": "Gradient"
          }
        },
        {
          "name": "anyItem",
          "shortdesc": "Returns any Gradient in the collection.",
          "datatype": {
            "type": "Gradient"
          }
        },
        {
          "name": "everyItem",
          "shortdesc": "Returns every Gradient in the collection.",
          "datatype": {
            "type": "Gradient",
            "array": {}
          }
        },
        {
          "name": "toSource",
          "shortdesc": "Generates a string which, if executed, will return the Gradient.",
          "datatype": {
            "type": "string"
          }
        },
        {
          "name": "[]",
          "shortdesc": "Returns the Gradient with the specified index.",
          "parameters": {
            "parameter": [
              {
                "name": "index",
                "shortdesc": "The index.",
                "datatype": {
                  "type": "number"
                }
              }
            ]
          },
          "datatype": {
            "type": "Gradient"
          }
        }
      ],
      "property": [
        {
          "name": "length",
          "rwaccess": "readonly",
          "shortdesc": "The number of objects in the collection.",
          "datatype": {
            "type": "number"
          }
        }
      ]
    }
  ]
}