{
  "name": "GraphicLayers",
  "dynamic": true,
  "shortdesc": "A collection of graphic layers.",
  "elements": [
    {
      "type": "instance",
      "method": [
        {
          "name": "count",
          "shortdesc": "Displays the number of elements in the GraphicLayer.",
          "datatype": {
            "type": "number"
          }
        },
        {
          "name": "item",
          "shortdesc": "Returns the GraphicLayer with the specified index or name.",
          "parameters": {
            "parameter": [
              {
                "name": "index",
                "shortdesc": "The index or name. Can accept: Long Integer or String.",
                "datatype": {
                  "type": "mixed"
                }
              }
            ]
          },
          "datatype": {
            "type": "GraphicLayer"
          }
        },
        {
          "name": "itemByName",
          "shortdesc": "Returns the GraphicLayer with the specified name.",
          "parameters": {
            "parameter": [
              {
                "name": "name",
                "shortdesc": "The name.",
                "datatype": {
                  "type": "string"
                }
              }
            ]
          },
          "datatype": {
            "type": "GraphicLayer"
          }
        },
        {
          "name": "itemByID",
          "shortdesc": "Returns the GraphicLayer with the specified ID.",
          "parameters": {
            "parameter": [
              {
                "name": "id",
                "shortdesc": "The ID.",
                "datatype": {
                  "type": "number"
                }
              }
            ]
          },
          "datatype": {
            "type": "GraphicLayer"
          }
        },
        {
          "name": "itemByRange",
          "shortdesc": "Returns the GraphicLayers within the specified range.",
          "parameters": {
            "parameter": [
              {
                "name": "from",
                "shortdesc": "The GraphicLayer, index, or name at the beginning of the range. Can accept: GraphicLayer, Long Integer or String.",
                "datatype": {
                  "type": "mixed"
                }
              },
              {
                "name": "to",
                "shortdesc": "The GraphicLayer, index, or name at the end of the range. Can accept: GraphicLayer, Long Integer or String.",
                "datatype": {
                  "type": "mixed"
                }
              }
            ]
          },
          "datatype": {
            "type": "GraphicLayer",
            "array": {}
          }
        },
        {
          "name": "firstItem",
          "shortdesc": "Returns the first GraphicLayer in the collection.",
          "datatype": {
            "type": "GraphicLayer"
          }
        },
        {
          "name": "lastItem",
          "shortdesc": "Returns the last GraphicLayer in the collection.",
          "datatype": {
            "type": "GraphicLayer"
          }
        },
        {
          "name": "middleItem",
          "shortdesc": "Returns the middle GraphicLayer in the collection.",
          "datatype": {
            "type": "GraphicLayer"
          }
        },
        {
          "name": "previousItem",
          "shortdesc": "Returns the GraphicLayer with the index previous to the specified index.",
          "parameters": {
            "parameter": [
              {
                "name": "obj",
                "shortdesc": "The index of the GraphicLayer that follows the desired GraphicLayer.",
                "datatype": {
                  "type": "GraphicLayer"
                }
              }
            ]
          },
          "datatype": {
            "type": "GraphicLayer"
          }
        },
        {
          "name": "nextItem",
          "shortdesc": "Returns the GraphicLayer whose index follows the specified GraphicLayer in the collection.",
          "parameters": {
            "parameter": [
              {
                "name": "obj",
                "shortdesc": "The GraphicLayer whose index comes before the desired GraphicLayer.",
                "datatype": {
                  "type": "GraphicLayer"
                }
              }
            ]
          },
          "datatype": {
            "type": "GraphicLayer"
          }
        },
        {
          "name": "anyItem",
          "shortdesc": "Returns any GraphicLayer in the collection.",
          "datatype": {
            "type": "GraphicLayer"
          }
        },
        {
          "name": "everyItem",
          "shortdesc": "Returns every GraphicLayer in the collection.",
          "datatype": {
            "type": "GraphicLayer",
            "array": {}
          }
        },
        {
          "name": "toSource",
          "shortdesc": "Generates a string which, if executed, will return the GraphicLayer.",
          "datatype": {
            "type": "string"
          }
        },
        {
          "name": "[]",
          "shortdesc": "Returns the GraphicLayer with the specified index.",
          "parameters": {
            "parameter": [
              {
                "name": "index",
                "shortdesc": "The index.",
                "datatype": {
                  "type": "number"
                }
              }
            ]
          },
          "datatype": {
            "type": "GraphicLayer"
          }
        }
      ],
      "property": [
        {
          "name": "length",
          "rwaccess": "readonly",
          "shortdesc": "The number of objects in the collection.",
          "datatype": {
            "type": "number"
          }
        }
      ]
    }
  ]
}