{
  "name": "Graphics",
  "dynamic": true,
  "shortdesc": "A collection of imported graphics in any graphic file format &amp;&#35;40;vector, metafile, or bitmap&#41;.",
  "elements": [
    {
      "type": "instance",
      "method": [
        {
          "name": "count",
          "shortdesc": "Displays the number of elements in the Graphic.",
          "datatype": {
            "type": "number"
          }
        },
        {
          "name": "item",
          "shortdesc": "Returns the Graphic with the specified index or name.",
          "parameters": {
            "parameter": [
              {
                "name": "index",
                "shortdesc": "The index or name. Can accept: Long Integer or String.",
                "datatype": {
                  "type": "mixed"
                }
              }
            ]
          },
          "datatype": {
            "type": "Graphic"
          }
        },
        {
          "name": "itemByName",
          "shortdesc": "Returns the Graphic with the specified name.",
          "parameters": {
            "parameter": [
              {
                "name": "name",
                "shortdesc": "The name.",
                "datatype": {
                  "type": "string"
                }
              }
            ]
          },
          "datatype": {
            "type": "Graphic"
          }
        },
        {
          "name": "itemByID",
          "shortdesc": "Returns the Graphic with the specified ID.",
          "parameters": {
            "parameter": [
              {
                "name": "id",
                "shortdesc": "The ID.",
                "datatype": {
                  "type": "number"
                }
              }
            ]
          },
          "datatype": {
            "type": "Graphic"
          }
        },
        {
          "name": "itemByRange",
          "shortdesc": "Returns the Graphics within the specified range.",
          "parameters": {
            "parameter": [
              {
                "name": "from",
                "shortdesc": "The Graphic, index, or name at the beginning of the range. Can accept: Graphic, Long Integer or String.",
                "datatype": {
                  "type": "mixed"
                }
              },
              {
                "name": "to",
                "shortdesc": "The Graphic, index, or name at the end of the range. Can accept: Graphic, Long Integer or String.",
                "datatype": {
                  "type": "mixed"
                }
              }
            ]
          },
          "datatype": {
            "type": "Graphic",
            "array": {}
          }
        },
        {
          "name": "firstItem",
          "shortdesc": "Returns the first Graphic in the collection.",
          "datatype": {
            "type": "Graphic"
          }
        },
        {
          "name": "lastItem",
          "shortdesc": "Returns the last Graphic in the collection.",
          "datatype": {
            "type": "Graphic"
          }
        },
        {
          "name": "middleItem",
          "shortdesc": "Returns the middle Graphic in the collection.",
          "datatype": {
            "type": "Graphic"
          }
        },
        {
          "name": "previousItem",
          "shortdesc": "Returns the Graphic with the index previous to the specified index.",
          "parameters": {
            "parameter": [
              {
                "name": "obj",
                "shortdesc": "The index of the Graphic that follows the desired Graphic.",
                "datatype": {
                  "type": "Graphic"
                }
              }
            ]
          },
          "datatype": {
            "type": "Graphic"
          }
        },
        {
          "name": "nextItem",
          "shortdesc": "Returns the Graphic whose index follows the specified Graphic in the collection.",
          "parameters": {
            "parameter": [
              {
                "name": "obj",
                "shortdesc": "The Graphic whose index comes before the desired Graphic.",
                "datatype": {
                  "type": "Graphic"
                }
              }
            ]
          },
          "datatype": {
            "type": "Graphic"
          }
        },
        {
          "name": "anyItem",
          "shortdesc": "Returns any Graphic in the collection.",
          "datatype": {
            "type": "Graphic"
          }
        },
        {
          "name": "everyItem",
          "shortdesc": "Returns every Graphic in the collection.",
          "datatype": {
            "type": "Graphic",
            "array": {}
          }
        },
        {
          "name": "toSource",
          "shortdesc": "Generates a string which, if executed, will return the Graphic.",
          "datatype": {
            "type": "string"
          }
        },
        {
          "name": "[]",
          "shortdesc": "Returns the Graphic with the specified index.",
          "parameters": {
            "parameter": [
              {
                "name": "index",
                "shortdesc": "The index.",
                "datatype": {
                  "type": "number"
                }
              }
            ]
          },
          "datatype": {
            "type": "Graphic"
          }
        }
      ],
      "property": [
        {
          "name": "length",
          "rwaccess": "readonly",
          "shortdesc": "The number of objects in the collection.",
          "datatype": {
            "type": "number"
          }
        }
      ]
    }
  ]
}