{
  "name": "GraphicLines",
  "dynamic": true,
  "shortdesc": "A collection of graphic lines.",
  "elements": [
    {
      "type": "instance",
      "method": [
        {
          "name": "add",
          "shortdesc": "Creates a new GraphicLine",
          "parameters": {
            "parameter": [
              {
                "name": "layer",
                "shortdesc": "The layer on which to create the GraphicLine. &amp;&#35;40;Optional&#41;",
                "datatype": {
                  "type": "Layer"
                }
              },
              {
                "name": "at",
                "optional": true,
                "shortdesc": "The location at which to insert the GraphicLine relative to the reference object or within the container object. &amp;&#35;40;Optional&#41;",
                "datatype": {
                  "type": "LocationOptions",
                  "value": "LocationOptions.UNKNOWN"
                }
              },
              {
                "name": "reference",
                "shortdesc": "The reference object. Note: Required when the at parameter is before or after. Can accept: Document, Spread, MasterSpread, Page, Layer or PageItem. &amp;&#35;40;Optional&#41;",
                "datatype": {
                  "type": "mixed"
                }
              },
              {
                "name": "withProperties",
                "shortdesc": "Initial values for properties of the new GraphicLine &amp;&#35;40;Optional&#41;",
                "datatype": {
                  "type": "Object"
                }
              }
            ]
          },
          "datatype": {
            "type": "GraphicLine"
          }
        },
        {
          "name": "count",
          "shortdesc": "Displays the number of elements in the GraphicLine.",
          "datatype": {
            "type": "number"
          }
        },
        {
          "name": "item",
          "shortdesc": "Returns the GraphicLine with the specified index or name.",
          "parameters": {
            "parameter": [
              {
                "name": "index",
                "shortdesc": "The index or name. Can accept: Long Integer or String.",
                "datatype": {
                  "type": "mixed"
                }
              }
            ]
          },
          "datatype": {
            "type": "GraphicLine"
          }
        },
        {
          "name": "itemByName",
          "shortdesc": "Returns the GraphicLine with the specified name.",
          "parameters": {
            "parameter": [
              {
                "name": "name",
                "shortdesc": "The name.",
                "datatype": {
                  "type": "string"
                }
              }
            ]
          },
          "datatype": {
            "type": "GraphicLine"
          }
        },
        {
          "name": "itemByID",
          "shortdesc": "Returns the GraphicLine with the specified ID.",
          "parameters": {
            "parameter": [
              {
                "name": "id",
                "shortdesc": "The ID.",
                "datatype": {
                  "type": "number"
                }
              }
            ]
          },
          "datatype": {
            "type": "GraphicLine"
          }
        },
        {
          "name": "itemByRange",
          "shortdesc": "Returns the GraphicLines within the specified range.",
          "parameters": {
            "parameter": [
              {
                "name": "from",
                "shortdesc": "The GraphicLine, index, or name at the beginning of the range. Can accept: GraphicLine, Long Integer or String.",
                "datatype": {
                  "type": "mixed"
                }
              },
              {
                "name": "to",
                "shortdesc": "The GraphicLine, index, or name at the end of the range. Can accept: GraphicLine, Long Integer or String.",
                "datatype": {
                  "type": "mixed"
                }
              }
            ]
          },
          "datatype": {
            "type": "GraphicLine",
            "array": {}
          }
        },
        {
          "name": "firstItem",
          "shortdesc": "Returns the first GraphicLine in the collection.",
          "datatype": {
            "type": "GraphicLine"
          }
        },
        {
          "name": "lastItem",
          "shortdesc": "Returns the last GraphicLine in the collection.",
          "datatype": {
            "type": "GraphicLine"
          }
        },
        {
          "name": "middleItem",
          "shortdesc": "Returns the middle GraphicLine in the collection.",
          "datatype": {
            "type": "GraphicLine"
          }
        },
        {
          "name": "previousItem",
          "shortdesc": "Returns the GraphicLine with the index previous to the specified index.",
          "parameters": {
            "parameter": [
              {
                "name": "obj",
                "shortdesc": "The index of the GraphicLine that follows the desired GraphicLine.",
                "datatype": {
                  "type": "GraphicLine"
                }
              }
            ]
          },
          "datatype": {
            "type": "GraphicLine"
          }
        },
        {
          "name": "nextItem",
          "shortdesc": "Returns the GraphicLine whose index follows the specified GraphicLine in the collection.",
          "parameters": {
            "parameter": [
              {
                "name": "obj",
                "shortdesc": "The GraphicLine whose index comes before the desired GraphicLine.",
                "datatype": {
                  "type": "GraphicLine"
                }
              }
            ]
          },
          "datatype": {
            "type": "GraphicLine"
          }
        },
        {
          "name": "anyItem",
          "shortdesc": "Returns any GraphicLine in the collection.",
          "datatype": {
            "type": "GraphicLine"
          }
        },
        {
          "name": "everyItem",
          "shortdesc": "Returns every GraphicLine in the collection.",
          "datatype": {
            "type": "GraphicLine",
            "array": {}
          }
        },
        {
          "name": "toSource",
          "shortdesc": "Generates a string which, if executed, will return the GraphicLine.",
          "datatype": {
            "type": "string"
          }
        },
        {
          "name": "[]",
          "shortdesc": "Returns the GraphicLine with the specified index.",
          "parameters": {
            "parameter": [
              {
                "name": "index",
                "shortdesc": "The index.",
                "datatype": {
                  "type": "number"
                }
              }
            ]
          },
          "datatype": {
            "type": "GraphicLine"
          }
        }
      ],
      "property": [
        {
          "name": "length",
          "rwaccess": "readonly",
          "shortdesc": "The number of objects in the collection.",
          "datatype": {
            "type": "number"
          }
        }
      ]
    }
  ]
}