{
  "name": "GraphicLine",
  "dynamic": true,
  "superclass": {
    "href": "#/SplineItem",
    "$t": "SplineItem"
  },
  "shortdesc": "A straight line consisting of two points.",
  "elements": [
    {
      "type": "class",
      "property": [
        {
          "name": "BEFORE_PLACE",
          "rwaccess": "readonly",
          "shortdesc": "Dispatched before a GraphicLine is placed. This event bubbles. This event is cancelable.",
          "datatype": {
            "type": "string",
            "value": "beforePlace"
          }
        },
        {
          "name": "AFTER_PLACE",
          "rwaccess": "readonly",
          "shortdesc": "Dispatched after a GraphicLine is placed. This event bubbles. This event is not cancelable.",
          "datatype": {
            "type": "string",
            "value": "afterPlace"
          }
        }
      ]
    },
    {
      "type": "instance",
      "property": [
        {
          "name": "transparencySettings",
          "rwaccess": "readonly",
          "shortdesc": "Transparency settings.",
          "datatype": {
            "type": "TransparencySetting"
          }
        },
        {
          "name": "strokeTransparencySettings",
          "rwaccess": "readonly",
          "shortdesc": "Transparency settings for the stroke.",
          "datatype": {
            "type": "StrokeTransparencySetting"
          }
        },
        {
          "name": "fillTransparencySettings",
          "rwaccess": "readonly",
          "shortdesc": "Transparency settings for the fill applied to the GraphicLine.",
          "datatype": {
            "type": "FillTransparencySetting"
          }
        },
        {
          "name": "contentTransparencySettings",
          "rwaccess": "readonly",
          "shortdesc": "Transparency settings for the content of the GraphicLine.",
          "datatype": {
            "type": "ContentTransparencySetting"
          }
        },
        {
          "name": "textWrapPreferences",
          "rwaccess": "readonly",
          "shortdesc": "The text wrap preference properties that define the default formatting for wrapping text around objects.",
          "datatype": {
            "type": "TextWrapPreference"
          }
        },
        {
          "name": "anchoredObjectSettings",
          "rwaccess": "readonly",
          "shortdesc": "Anchored object settings.",
          "datatype": {
            "type": "AnchoredObjectSetting"
          }
        },
        {
          "name": "objectExportOptions",
          "rwaccess": "readonly",
          "shortdesc": "Export options for the object",
          "datatype": {
            "type": "ObjectExportOption"
          }
        },
        {
          "name": "lockState",
          "rwaccess": "readonly",
          "shortdesc": "The lock state.",
          "datatype": {
            "type": "LockStateValues"
          }
        },
        {
          "name": "associatedXMLElement",
          "rwaccess": "readonly",
          "shortdesc": "The XML element associated with the GraphicLine.",
          "datatype": {
            "type": "XMLItem"
          }
        },
        {
          "name": "linkedPageItemOptions",
          "rwaccess": "readonly",
          "shortdesc": "Linked Page Item options",
          "datatype": {
            "type": "LinkedPageItemOption"
          }
        },
        {
          "name": "overridden",
          "rwaccess": "readonly",
          "shortdesc": "If true, the object originated on a master spread and was overridden. If false, the object either originated on a master spread and was not overridden, or the object did not originate on a master page.",
          "datatype": {
            "type": "bool"
          }
        },
        {
          "name": "overriddenMasterPageItem",
          "rwaccess": "readonly",
          "shortdesc": "An object that originated on a master page and has been overridden. Can return: PageItem, Guide, Graphic, Movie or Sound.",
          "datatype": {
            "type": "mixed"
          }
        },
        {
          "name": "allPageItems",
          "rwaccess": "readonly",
          "shortdesc": "Lists all page items contained by the GraphicLine.",
          "datatype": {
            "type": "PageItem",
            "array": true
          }
        },
        {
          "name": "allGraphics",
          "rwaccess": "readonly",
          "shortdesc": "Lists all graphics contained by the GraphicLine.",
          "datatype": {
            "type": "Graphic",
            "array": true
          }
        },
        {
          "name": "parentPage",
          "rwaccess": "readonly",
          "shortdesc": "The page on which this page item appears.",
          "datatype": {
            "type": "Page"
          }
        },
        {
          "name": "animationSettings",
          "rwaccess": "readonly",
          "shortdesc": "The page item animation settings.",
          "datatype": {
            "type": "AnimationSetting"
          }
        },
        {
          "name": "timingSettings",
          "rwaccess": "readonly",
          "shortdesc": "The object timing settings.",
          "datatype": {
            "type": "TimingSetting"
          }
        },
        {
          "name": "allArticles",
          "rwaccess": "readonly",
          "shortdesc": "The list of all articles this page item is part of",
          "datatype": {
            "type": "Article",
            "array": true
          }
        },
        {
          "name": "id",
          "rwaccess": "readonly",
          "shortdesc": "The unique ID of the GraphicLine.",
          "datatype": {
            "type": "number"
          }
        },
        {
          "name": "isValid",
          "rwaccess": "readonly",
          "shortdesc": "Returns true if the object specifier resolves to valid objects.",
          "datatype": {
            "type": "bool"
          }
        },
        {
          "name": "parent",
          "rwaccess": "readonly",
          "shortdesc": "The parent of the GraphicLine &amp;&#35;40;a ComboBox, ListBox, TextBox, SignatureField, Spread, MasterSpread, SplineItem, Polygon, GraphicLine, Rectangle, Oval, Group, State, Character, PlaceGun or Snippet&#41;.",
          "datatype": {
            "type": "mixed"
          }
        },
        {
          "name": "index",
          "rwaccess": "readonly",
          "shortdesc": "The index of the GraphicLine within its containing object.",
          "datatype": {
            "type": "number"
          }
        },
        {
          "name": "preferences",
          "rwaccess": "readonly",
          "shortdesc": "A collection of preferences objects.",
          "datatype": {
            "type": "Preferences"
          }
        },
        {
          "name": "ovals",
          "rwaccess": "readonly",
          "shortdesc": "A collection of ellipses.",
          "datatype": {
            "type": "Ovals"
          }
        },
        {
          "name": "splineItems",
          "rwaccess": "readonly",
          "shortdesc": "The spline items collection.",
          "datatype": {
            "type": "SplineItems"
          }
        },
        {
          "name": "pageItems",
          "rwaccess": "readonly",
          "shortdesc": "The page items collection, which can be used to process all page items in a container &amp;&#35;40;such as a document, page, or group&#41;, regardless of type.",
          "datatype": {
            "type": "PageItems"
          }
        },
        {
          "name": "rectangles",
          "rwaccess": "readonly",
          "shortdesc": "A collection of rectangles.",
          "datatype": {
            "type": "Rectangles"
          }
        },
        {
          "name": "graphicLines",
          "rwaccess": "readonly",
          "shortdesc": "A collection of graphic lines.",
          "datatype": {
            "type": "GraphicLines"
          }
        },
        {
          "name": "textFrames",
          "rwaccess": "readonly",
          "shortdesc": "A collection of text frames.",
          "datatype": {
            "type": "TextFrames"
          }
        },
        {
          "name": "polygons",
          "rwaccess": "readonly",
          "shortdesc": "A collection of polygons.",
          "datatype": {
            "type": "Polygons"
          }
        },
        {
          "name": "paths",
          "rwaccess": "readonly",
          "shortdesc": "A collection of paths.",
          "datatype": {
            "type": "Paths"
          }
        },
        {
          "name": "sounds",
          "rwaccess": "readonly",
          "shortdesc": "A collection of sound clips.",
          "datatype": {
            "type": "Sounds"
          }
        },
        {
          "name": "mediaItems",
          "rwaccess": "readonly",
          "shortdesc": "The media items collection.",
          "datatype": {
            "type": "MediaItems"
          }
        },
        {
          "name": "events",
          "rwaccess": "readonly",
          "shortdesc": "A collection of events.",
          "datatype": {
            "type": "Events"
          }
        },
        {
          "name": "eventListeners",
          "rwaccess": "readonly",
          "shortdesc": "A collection of event listeners.",
          "datatype": {
            "type": "EventListeners"
          }
        },
        {
          "name": "textPaths",
          "rwaccess": "readonly",
          "shortdesc": "A collection of text paths.",
          "datatype": {
            "type": "TextPaths"
          }
        },
        {
          "name": "movies",
          "rwaccess": "readonly",
          "shortdesc": "A collection of movies.",
          "datatype": {
            "type": "Movies"
          }
        },
        {
          "name": "htmlItems",
          "rwaccess": "readonly",
          "shortdesc": "A collection of embedded HTML page items.",
          "datatype": {
            "type": "HtmlItems"
          }
        },
        {
          "name": "images",
          "rwaccess": "readonly",
          "shortdesc": "A collection of bitmap images in any bitmap file format &amp;&#35;40;including TIFF, JPEG, or GIF&#41;.",
          "datatype": {
            "type": "Images"
          }
        },
        {
          "name": "graphics",
          "rwaccess": "readonly",
          "shortdesc": "A collection of imported graphics in any graphic file format &amp;&#35;40;vector, metafile, or bitmap&#41;.",
          "datatype": {
            "type": "Graphics"
          }
        },
        {
          "name": "epss",
          "rwaccess": "readonly",
          "shortdesc": "A collection of EPS files.",
          "datatype": {
            "type": "EPSs"
          }
        },
        {
          "name": "wmfs",
          "rwaccess": "readonly",
          "shortdesc": "A collection of WMF graphics.",
          "datatype": {
            "type": "WMFs"
          }
        },
        {
          "name": "picts",
          "rwaccess": "readonly",
          "shortdesc": "A collection of PICT graphics.",
          "datatype": {
            "type": "PICTs"
          }
        },
        {
          "name": "pdfs",
          "rwaccess": "readonly",
          "shortdesc": "A collection of PDF files.",
          "datatype": {
            "type": "PDFs"
          }
        },
        {
          "name": "groups",
          "rwaccess": "readonly",
          "shortdesc": "A collection of groups.",
          "datatype": {
            "type": "Groups"
          }
        },
        {
          "name": "epstexts",
          "rwaccess": "readonly",
          "shortdesc": "EPSTexts",
          "datatype": {
            "type": "EPSTexts"
          }
        },
        {
          "name": "formFields",
          "rwaccess": "readonly",
          "shortdesc": "A collection of form fields.",
          "datatype": {
            "type": "FormFields"
          }
        },
        {
          "name": "buttons",
          "rwaccess": "readonly",
          "shortdesc": "A collection of buttons.",
          "datatype": {
            "type": "Buttons"
          }
        },
        {
          "name": "multiStateObjects",
          "rwaccess": "readonly",
          "shortdesc": "A collection of multi-state objects.",
          "datatype": {
            "type": "MultiStateObjects"
          }
        },
        {
          "name": "checkBoxes",
          "rwaccess": "readonly",
          "shortdesc": "A collection of checkboxes.",
          "datatype": {
            "type": "CheckBoxes"
          }
        },
        {
          "name": "comboBoxes",
          "rwaccess": "readonly",
          "shortdesc": "A collection of comboboxes.",
          "datatype": {
            "type": "ComboBoxes"
          }
        },
        {
          "name": "listBoxes",
          "rwaccess": "readonly",
          "shortdesc": "A collection of listboxes.",
          "datatype": {
            "type": "ListBoxes"
          }
        },
        {
          "name": "radioButtons",
          "rwaccess": "readonly",
          "shortdesc": "A collection of radio buttons.",
          "datatype": {
            "type": "RadioButtons"
          }
        },
        {
          "name": "textBoxes",
          "rwaccess": "readonly",
          "shortdesc": "A collection of text boxes.",
          "datatype": {
            "type": "TextBoxes"
          }
        },
        {
          "name": "signatureFields",
          "rwaccess": "readonly",
          "shortdesc": "A collection of signature fields.",
          "datatype": {
            "type": "SignatureFields"
          }
        },
        {
          "name": "importedPages",
          "rwaccess": "readonly",
          "shortdesc": "Imported InDesign pages.",
          "datatype": {
            "type": "ImportedPages"
          }
        },
        {
          "name": "contentType",
          "shortdesc": "The type of content that a frame can contain.",
          "datatype": {
            "type": "ContentType"
          }
        },
        {
          "name": "allowOverrides",
          "shortdesc": "If true, the master page item can be overridden.",
          "datatype": {
            "type": "bool"
          }
        },
        {
          "name": "horizontalLayoutConstraints",
          "shortdesc": "The left margin, width, and right margin constraints this item is subject to when using the object-based layout rule.",
          "datatype": {
            "type": "DimensionsConstraints",
            "array": true
          }
        },
        {
          "name": "verticalLayoutConstraints",
          "shortdesc": "The top margin, height, and bottom margin constraints this item is subject to when using the object-based layout rule.",
          "datatype": {
            "type": "DimensionsConstraints",
            "array": true
          }
        },
        {
          "name": "geometricBounds",
          "shortdesc": "The bounds of the GraphicLine excluding the stroke width, in the format [y1, x1, y2, x2], which give the coordinates of the top-left and bottom-right corners of the bounding box.",
          "datatype": {
            "type": "Measurement Unit &amp;&#35;40;Number or String&#41;=any",
            "array": true
          }
        },
        {
          "name": "visibleBounds",
          "shortdesc": "The bounds of the GraphicLine including the stroke width, in the format [y1, x1, y2, x2], which give the coordinates of the top-left and bottom-right corners of the bounding box.",
          "datatype": {
            "type": "Measurement Unit &amp;&#35;40;Number or String&#41;=any",
            "array": true
          }
        },
        {
          "name": "fillColor",
          "shortdesc": "The swatch &amp;&#35;40;color, gradient, tint, or mixed ink&#41; applied to the fill of the GraphicLine. . Can also accept: String.",
          "datatype": {
            "type": "Swatch"
          }
        },
        {
          "name": "fillTint",
          "shortdesc": "The percent of tint to use in the GraphicLine&apos;s fill color. &amp;&#35;40;To specify a tint percent, use a number in the range of 0 to 100; to use the inherited or overridden value, use -1.&#41;",
          "datatype": {
            "type": "number"
          }
        },
        {
          "name": "overprintFill",
          "shortdesc": "If true, the GraphicLine&apos;s fill color overprints any underlying objects. If false, the fill color knocks out the underlying colors.",
          "datatype": {
            "type": "bool"
          }
        },
        {
          "name": "strokeWeight",
          "shortdesc": "The weight &amp;&#35;40;in points&#41; to apply to the GraphicLine&apos;s stroke.",
          "datatype": {
            "type": "Measurement Unit &amp;&#35;40;Number or String&#41;=any"
          }
        },
        {
          "name": "miterLimit",
          "shortdesc": "The limit of the ratio of stroke width to miter length before a miter &amp;&#35;40;pointed&#41; join becomes a bevel (squared-off) join.",
          "datatype": {
            "type": "number",
            "min": 1,
            "max": 500,
            "value": 4
          }
        },
        {
          "name": "endCap",
          "shortdesc": "The end shape of an open path.",
          "datatype": {
            "type": "EndCap"
          }
        },
        {
          "name": "endJoin",
          "shortdesc": "The corner join applied to the GraphicLine.",
          "datatype": {
            "type": "EndJoin"
          }
        },
        {
          "name": "strokeType",
          "shortdesc": "The name of the stroke style to apply. Can also accept: String.",
          "datatype": {
            "type": "StrokeStyle"
          }
        },
        {
          "name": "strokeCornerAdjustment",
          "shortdesc": "The corner adjustment applied to the GraphicLine.",
          "datatype": {
            "type": "StrokeCornerAdjustment"
          }
        },
        {
          "name": "strokeDashAndGap",
          "shortdesc": "The dash and gap measurements that define the pattern of a custom dashed line. Define up to six values &amp;&#35;40;in points&#41; in the format [dash1, gap1, dash2, gap2, dash3, gap3].",
          "datatype": {
            "type": "Measurement Unit &amp;&#35;40;Number or String&#41;=any",
            "array": true
          }
        },
        {
          "name": "leftLineEnd",
          "shortdesc": "The arrowhead applied to the start of the path.",
          "datatype": {
            "type": "ArrowHead"
          }
        },
        {
          "name": "rightLineEnd",
          "shortdesc": "The arrowhead applied to the end of the path.",
          "datatype": {
            "type": "ArrowHead"
          }
        },
        {
          "name": "strokeColor",
          "shortdesc": "The swatch &amp;&#35;40;color, gradient, tint, or mixed ink&#41; applied to the stroke of the GraphicLine. Can also accept: String.",
          "datatype": {
            "type": "Swatch"
          }
        },
        {
          "name": "strokeTint",
          "shortdesc": "The percent of tint to use in object&apos;s stroke color. &amp;&#35;40;To specify a tint percent, use a number in the range of 0 to 100; to use the inherited or overridden value, use -1.&#41;",
          "datatype": {
            "type": "number"
          }
        },
        {
          "name": "gradientFillStart",
          "shortdesc": "The starting point &amp;&#35;40;in page coordinates&#41; of a gradient applied to the fill of the GraphicLine, in the format [x, y].",
          "datatype": {
            "type": "Measurement Unit &amp;&#35;40;Number or String&#41;=any",
            "array": true
          }
        },
        {
          "name": "gradientFillLength",
          "shortdesc": "The length &amp;&#35;40;for a linear gradient&#41; or radius (for a radial gradient) applied to the fill of the GraphicLine.",
          "datatype": {
            "type": "Measurement Unit &amp;&#35;40;Number or String&#41;=any"
          }
        },
        {
          "name": "gradientFillAngle",
          "shortdesc": "The angle of a linear gradient applied to the fill of the GraphicLine. &amp;&#35;40;Range: -180 to 180&#41;",
          "datatype": {
            "type": "number"
          }
        },
        {
          "name": "gradientStrokeStart",
          "shortdesc": "The starting point &amp;&#35;40;in page coordinates&#41; of a gradient applied to the stroke of the GraphicLine, in the format [x, y].",
          "datatype": {
            "type": "Measurement Unit &amp;&#35;40;Number or String&#41;=any",
            "array": true
          }
        },
        {
          "name": "gradientStrokeLength",
          "shortdesc": "The length &amp;&#35;40;for a linear gradient&#41; or radius (for a radial gradient) applied to the stroke of the GraphicLine.",
          "datatype": {
            "type": "Measurement Unit &amp;&#35;40;Number or String&#41;=any"
          }
        },
        {
          "name": "gradientStrokeAngle",
          "shortdesc": "The angle of a linear gradient applied to the stroke of the GraphicLine. &amp;&#35;40;Range: -180 to 180&#41;",
          "datatype": {
            "type": "number"
          }
        },
        {
          "name": "overprintStroke",
          "shortdesc": "If true, the GraphicLine&apos;s stroke color overprints any underlying objects. If false, the stroke color knocks out the  underlying colors.",
          "datatype": {
            "type": "bool"
          }
        },
        {
          "name": "gapColor",
          "shortdesc": "The swatch &amp;&#35;40;color, gradient, tint, or mixed ink&#41; applied to the gap of a dashed, dotted, or striped stroke. For information, see stroke type.",
          "datatype": {
            "type": "Swatch"
          }
        },
        {
          "name": "gapTint",
          "shortdesc": "The tint as a percentage of the gap color. &amp;&#35;40;To specify a tint percent, use a number in the range of 0 to 100; to use the inherited or overridden value, use -1.&#41;",
          "datatype": {
            "type": "number"
          }
        },
        {
          "name": "overprintGap",
          "shortdesc": "If true, the gap color overprints any underlying colors. If false, the gap color knocks out the underlying colors.",
          "datatype": {
            "type": "bool"
          }
        },
        {
          "name": "strokeAlignment",
          "shortdesc": "The stroke alignment applied to the GraphicLine.",
          "datatype": {
            "type": "StrokeAlignment"
          }
        },
        {
          "name": "nonprinting",
          "shortdesc": "If true, the GraphicLine does not print.",
          "datatype": {
            "type": "bool"
          }
        },
        {
          "name": "itemLayer",
          "shortdesc": "The layer that the GraphicLine is on.",
          "datatype": {
            "type": "Layer"
          }
        },
        {
          "name": "locked",
          "shortdesc": "If true, the GraphicLine is locked.",
          "datatype": {
            "type": "bool"
          }
        },
        {
          "name": "localDisplaySetting",
          "shortdesc": "Display performance options for the GraphicLine.",
          "datatype": {
            "type": "DisplaySettingOptions"
          }
        },
        {
          "name": "rotationAngle",
          "shortdesc": "The rotatation angle of the GraphicLine. &amp;&#35;40;Range: -360 to 360&#41;",
          "datatype": {
            "type": "number"
          }
        },
        {
          "name": "shearAngle",
          "shortdesc": "The skewing angle applied to the GraphicLine. &amp;&#35;40;Range: -360 to 360&#41;",
          "datatype": {
            "type": "number"
          }
        },
        {
          "name": "horizontalScale",
          "shortdesc": "The horizontal scaling applied to the GraphicLine.",
          "datatype": {
            "type": "number"
          }
        },
        {
          "name": "verticalScale",
          "shortdesc": "The vertical scaling applied to the GraphicLine.",
          "datatype": {
            "type": "number"
          }
        },
        {
          "name": "absoluteRotationAngle",
          "shortdesc": "The rotation angle of the GraphicLine relative to its containing object. &amp;&#35;40;Range: -360 to 360&#41;",
          "datatype": {
            "type": "number"
          }
        },
        {
          "name": "absoluteShearAngle",
          "shortdesc": "The skewing angle of the GraphicLine relative to its containing object. &amp;&#35;40;Range: -360 to 360&#41;",
          "datatype": {
            "type": "number"
          }
        },
        {
          "name": "absoluteHorizontalScale",
          "shortdesc": "The horizontal scale of the GraphicLine relative to its containing object.",
          "datatype": {
            "type": "number"
          }
        },
        {
          "name": "absoluteVerticalScale",
          "shortdesc": "The vertical scale of the GraphicLine relative to its containing object.",
          "datatype": {
            "type": "number"
          }
        },
        {
          "name": "appliedObjectStyle",
          "shortdesc": "The object style applied to the GraphicLine.",
          "datatype": {
            "type": "ObjectStyle"
          }
        },
        {
          "name": "flip",
          "shortdesc": "The direction in which to flip the printed image.",
          "datatype": {
            "type": "Flip"
          }
        },
        {
          "name": "absoluteFlip",
          "shortdesc": "Indicates whether the GraphicLine has been flipped independently of its parent object and, if yes, the direction in which the GraphicLine was flipped.",
          "datatype": {
            "type": "Flip"
          }
        },
        {
          "name": "visible",
          "shortdesc": "If true, the GraphicLine is visible.",
          "datatype": {
            "type": "bool"
          }
        },
        {
          "name": "name",
          "shortdesc": "The name of the GraphicLine.",
          "datatype": {
            "type": "string"
          }
        },
        {
          "name": "topLeftCornerOption",
          "shortdesc": "The shape to be applied to the top left corner of rectangular shapes and all corners of non-rectangular shapes.Note: corner option differs from end join in which you can set a radius for a corner option, whereas the rounded or beveled effect of an end join depends on the stroke weight.",
          "datatype": {
            "type": "CornerOptions"
          }
        },
        {
          "name": "topRightCornerOption",
          "shortdesc": "The shape to apply to the top right corner of rectangular shapes",
          "datatype": {
            "type": "CornerOptions"
          }
        },
        {
          "name": "bottomLeftCornerOption",
          "shortdesc": "The shape to apply to the bottom left corner of rectangular shapes.",
          "datatype": {
            "type": "CornerOptions"
          }
        },
        {
          "name": "bottomRightCornerOption",
          "shortdesc": "The shape to apply to the bottom right corner of rectangular shapes.",
          "datatype": {
            "type": "CornerOptions"
          }
        },
        {
          "name": "topLeftCornerRadius",
          "shortdesc": "The radius in measurement units of the corner effect applied to the top left corner of rectangular shapes and all corners of non-rectangular shapes",
          "datatype": {
            "type": "Measurement Unit &amp;&#35;40;Number or String&#41;=any"
          }
        },
        {
          "name": "topRightCornerRadius",
          "shortdesc": "The radius in measurement units of the corner effect applied to the top right corner of rectangular shapes",
          "datatype": {
            "type": "Measurement Unit &amp;&#35;40;Number or String&#41;=any"
          }
        },
        {
          "name": "bottomLeftCornerRadius",
          "shortdesc": "The radius in measurement units of the corner effect applied to the bottom left corner of rectangular shapes",
          "datatype": {
            "type": "Measurement Unit &amp;&#35;40;Number or String&#41;=any"
          }
        },
        {
          "name": "bottomRightCornerRadius",
          "shortdesc": "The radius in measurement units of the corner effect applied to the bottom right corner of rectangular shapes",
          "datatype": {
            "type": "Measurement Unit &amp;&#35;40;Number or String&#41;=any"
          }
        },
        {
          "name": "label",
          "shortdesc": "A property that can be set to any string.",
          "datatype": {
            "type": "string"
          }
        },
        {
          "name": "properties",
          "shortdesc": "A property that allows setting of several properties at the same time.",
          "datatype": {
            "type": "Object"
          }
        }
      ],
      "method": [
        {
          "name": "findObject",
          "shortdesc": "Finds objects that match the find what value.",
          "parameters": {
            "parameter": [
              {
                "name": "reverseOrder",
                "shortdesc": "If true, returns the results in reverse order. &amp;&#35;40;Optional&#41;",
                "datatype": {
                  "type": "bool"
                }
              }
            ]
          },
          "datatype": {
            "type": "PageItem",
            "array": {}
          }
        },
        {
          "name": "changeObject",
          "shortdesc": "Finds objects that match the find what value and replace the objects with the change to value.",
          "parameters": {
            "parameter": [
              {
                "name": "reverseOrder",
                "shortdesc": "If true, returns the results in reverse order. &amp;&#35;40;Optional&#41;",
                "datatype": {
                  "type": "bool"
                }
              }
            ]
          },
          "datatype": {
            "type": "PageItem",
            "array": {}
          }
        },
        {
          "name": "bringToFront",
          "shortdesc": "Brings the GraphicLine to the front of its layer or in front of a particular item.",
          "parameters": {
            "parameter": [
              {
                "name": "reference",
                "shortdesc": "The reference object to bring the object in front of &amp;&#35;40;must have same parent&#41; (Optional)",
                "datatype": {
                  "type": "PageItem"
                }
              }
            ]
          }
        },
        {
          "name": "sendToBack",
          "shortdesc": "Sends the GraphicLine to the back of its layer or behind a particular item &amp;&#35;40;must have same parent&#41;.",
          "parameters": {
            "parameter": [
              {
                "name": "reference",
                "shortdesc": "The reference object to send the object behind &amp;&#35;40;Optional&#41;",
                "datatype": {
                  "type": "PageItem"
                }
              }
            ]
          }
        },
        {
          "name": "bringForward",
          "shortdesc": "Brings the GraphicLine forward one level in its layer."
        },
        {
          "name": "sendBackward",
          "shortdesc": "Sends the GraphicLine back one level in its layer."
        },
        {
          "name": "makeCompoundPath",
          "shortdesc": "Creates a compound path by combining the path&amp;&#35;40;s&#41; of the GraphicLine with the paths of other objects.",
          "parameters": {
            "parameter": [
              {
                "name": "with",
                "shortdesc": "The other objects whose paths to include in the new compound path.",
                "datatype": {
                  "type": "PageItem",
                  "array": {}
                }
              }
            ]
          },
          "datatype": {
            "type": "PageItem"
          }
        },
        {
          "name": "releaseCompoundPath",
          "shortdesc": "Releases a compound path.",
          "datatype": {
            "type": "PageItem",
            "array": {}
          }
        },
        {
          "name": "intersectPath",
          "shortdesc": "Creates a new page item by intersecting the GraphicLine with other objects. Returns an error if the objects do not intersect.",
          "parameters": {
            "parameter": [
              {
                "name": "with",
                "shortdesc": "The object&amp;&#35;40;s&#41; with which to intersect.",
                "datatype": {
                  "type": "PageItem",
                  "array": {}
                }
              }
            ]
          },
          "datatype": {
            "type": "PageItem"
          }
        },
        {
          "name": "addPath",
          "shortdesc": "Creates a new page item by combining the GraphicLine with other objects. Deletes the objects if they do not intersect.",
          "parameters": {
            "parameter": [
              {
                "name": "with",
                "shortdesc": "The object&amp;&#35;40;s&#41; to add.",
                "datatype": {
                  "type": "PageItem",
                  "array": {}
                }
              }
            ]
          },
          "datatype": {
            "type": "PageItem"
          }
        },
        {
          "name": "subtractPath",
          "shortdesc": "Creates a new page item by subtracting the overlapping areas of the GraphicLine and other objects.",
          "parameters": {
            "parameter": [
              {
                "name": "with",
                "shortdesc": "The object&amp;&#35;40;s&#41; to subtract.",
                "datatype": {
                  "type": "PageItem",
                  "array": {}
                }
              }
            ]
          },
          "datatype": {
            "type": "PageItem"
          }
        },
        {
          "name": "minusBack",
          "shortdesc": "Creates a new page item by reverse subtracting the overlapping areas of the GraphicLine and other objects.",
          "parameters": {
            "parameter": [
              {
                "name": "with",
                "shortdesc": "The object&amp;&#35;40;s&#41; to reverse subtract.",
                "datatype": {
                  "type": "PageItem",
                  "array": {}
                }
              }
            ]
          },
          "datatype": {
            "type": "PageItem"
          }
        },
        {
          "name": "excludeOverlapPath",
          "shortdesc": "Creates a new page item by excluding the overlapping areas of the GraphicLine and other objects.",
          "parameters": {
            "parameter": [
              {
                "name": "with",
                "shortdesc": "The object&amp;&#35;40;s&#41; to exclude.",
                "datatype": {
                  "type": "PageItem",
                  "array": {}
                }
              }
            ]
          },
          "datatype": {
            "type": "PageItem"
          }
        },
        {
          "name": "convertShape",
          "shortdesc": "Converts the GraphicLine to a different shape.",
          "parameters": {
            "parameter": [
              {
                "name": "given",
                "shortdesc": "The GraphicLine&apos;s new shape.",
                "datatype": {
                  "type": "ConvertShapeOptions"
                }
              },
              {
                "name": "numberOfSides",
                "shortdesc": "The number of sides for the resulting polygon. &amp;&#35;40;Range: 3 to 100&#41; (Optional)",
                "datatype": {
                  "type": "number",
                  "min": 3,
                  "max": 100
                }
              },
              {
                "name": "insetPercentage",
                "shortdesc": "The star inset percentage for the resulting polygon. &amp;&#35;40;Range: 0.0 to 100.0&#41;  (Optional)",
                "datatype": {
                  "type": "number",
                  "min": 0,
                  "max": 100
                }
              },
              {
                "name": "cornerRadius",
                "shortdesc": "The corner radius of the resulting rectangle. &amp;&#35;40;Optional&#41;",
                "datatype": {
                  "type": "Measurement Unit &amp;&#35;40;Number or String&#41;=any",
                  "min": 0,
                  "max": 800
                }
              }
            ]
          }
        },
        {
          "name": "checkOut",
          "shortdesc": "Checks out the story.",
          "datatype": {
            "type": "bool"
          }
        },
        {
          "name": "checkIn",
          "shortdesc": "Checks in the story or stories.",
          "parameters": {
            "parameter": [
              {
                "name": "versionComments",
                "shortdesc": "The comment for this version. &amp;&#35;40;Optional&#41;",
                "datatype": {
                  "type": "string"
                }
              },
              {
                "name": "forceSave",
                "optional": true,
                "shortdesc": "If true, forcibly saves a version. &amp;&#35;40;Optional&#41;",
                "datatype": {
                  "type": "bool",
                  "value": false
                }
              }
            ]
          },
          "datatype": {
            "type": "bool"
          }
        },
        {
          "name": "revert",
          "shortdesc": "Reverts the document to its state at the last save operation.",
          "datatype": {
            "type": "bool"
          }
        },
        {
          "name": "placeXML",
          "shortdesc": "Places XML content into the specified object. Note: Replaces any existing content.",
          "parameters": {
            "parameter": [
              {
                "name": "using",
                "shortdesc": "The XML element whose content you want to place.",
                "datatype": {
                  "type": "XMLElement"
                }
              }
            ]
          }
        },
        {
          "name": "autoTag",
          "shortdesc": "Tag the object or the parent story using default tags defined in XML preference."
        },
        {
          "name": "markup",
          "shortdesc": "Associates the page item with the specified XML element while preserving existing content.",
          "parameters": {
            "parameter": [
              {
                "name": "using",
                "shortdesc": "The XML element.",
                "datatype": {
                  "type": "XMLElement"
                }
              }
            ]
          }
        },
        {
          "name": "place",
          "shortdesc": "Places the file.",
          "parameters": {
            "parameter": [
              {
                "name": "fileName",
                "shortdesc": "The file to place",
                "datatype": {
                  "type": "File"
                }
              },
              {
                "name": "showingOptions",
                "optional": true,
                "shortdesc": "Whether to display the import options dialog &amp;&#35;40;Optional&#41;",
                "datatype": {
                  "type": "bool",
                  "value": false
                }
              },
              {
                "name": "withProperties",
                "shortdesc": "Initial values for properties of the placed object&amp;&#35;40;s&#41; (Optional)",
                "datatype": {
                  "type": "Object"
                }
              }
            ]
          },
          "datatype": {
            "type": "varies=any",
            "array": {}
          }
        },
        {
          "name": "override",
          "shortdesc": "Overrides a master page item and places the item on the document page as a new object.",
          "parameters": {
            "parameter": [
              {
                "name": "destinationPage",
                "shortdesc": "The document page that contains the master page item to override.",
                "datatype": {
                  "type": "Page"
                }
              }
            ]
          },
          "datatype": {
            "type": "varies=any"
          }
        },
        {
          "name": "removeOverride",
          "shortdesc": "Removes the override from a previously overridden master page item."
        },
        {
          "name": "detach",
          "shortdesc": "Detaches an overridden master page item from the master page."
        },
        {
          "name": "remove",
          "shortdesc": "Deletes the GraphicLine."
        },
        {
          "name": "fit",
          "shortdesc": "Applies the specified fit option to content in a frame.",
          "parameters": {
            "parameter": [
              {
                "name": "given",
                "shortdesc": "The fit option to use.",
                "datatype": {
                  "type": "FitOptions"
                }
              }
            ]
          }
        },
        {
          "name": "flipItem",
          "shortdesc": "Flips the GraphicLine.",
          "parameters": {
            "parameter": [
              {
                "name": "given",
                "shortdesc": "The axis around which to flip the GraphicLine.",
                "datatype": {
                  "type": "Flip"
                }
              },
              {
                "name": "around",
                "shortdesc": "The point around which to flip the GraphicLine. Can accept: Array of 2 Units or AnchorPoint enumerator. &amp;&#35;40;Optional&#41;",
                "datatype": {
                  "type": "mixed"
                }
              }
            ]
          }
        },
        {
          "name": "duplicate",
          "shortdesc": "Duplicates the GraphicLine at the specified location or offset.",
          "parameters": {
            "parameter": [
              {
                "name": "to",
                "shortdesc": "The location of the new GraphicLine, specified in coordinates in the format [x, y]. Can accept: Array of 2 Units, Spread, Page or Layer. &amp;&#35;40;Optional&#41;",
                "datatype": {
                  "type": "mixed"
                }
              },
              {
                "name": "by",
                "shortdesc": "Amount by which to offset the new GraphicLine from the original GraphicLine&apos;s position. &amp;&#35;40;Optional&#41;",
                "datatype": {
                  "type": "Measurement Unit &amp;&#35;40;Number or String&#41;=any",
                  "array": {}
                }
              }
            ]
          },
          "datatype": {
            "type": "PageItem"
          }
        },
        {
          "name": "move",
          "shortdesc": "Moves the GraphicLine to a new location. Note: Either the &apos;to' or 'by' parameter is required; if both parameters are defined, only the to value is used.",
          "parameters": {
            "parameter": [
              {
                "name": "to",
                "shortdesc": "The new location of the GraphicLine,in the format &amp;&#35;40;x, y&#41;. Can accept: Array of 2 Units, Spread, Page or Layer. (Optional)",
                "datatype": {
                  "type": "mixed"
                }
              },
              {
                "name": "by",
                "shortdesc": "The amount &amp;&#35;40;in measurement units&#41; to move the GraphicLine relative to its current position, in the format (x, y). (Optional)",
                "datatype": {
                  "type": "Measurement Unit &amp;&#35;40;Number or String&#41;=any",
                  "array": {}
                }
              }
            ]
          }
        },
        {
          "name": "applyObjectStyle",
          "shortdesc": "Applies the specified object style.",
          "parameters": {
            "parameter": [
              {
                "name": "using",
                "shortdesc": "The object style to apply.",
                "datatype": {
                  "type": "ObjectStyle"
                }
              },
              {
                "name": "clearingOverrides",
                "optional": true,
                "shortdesc": "If true, clears the GraphicLine&apos;s existing attributes before applying the style. &amp;&#35;40;Optional&#41;",
                "datatype": {
                  "type": "bool",
                  "value": true
                }
              },
              {
                "name": "clearingOverridesThroughRootObjectStyle",
                "optional": true,
                "shortdesc": "If true, clears attributes and formatting applied to the GraphicLine that are not defined in the object style. &amp;&#35;40;Optional&#41;",
                "datatype": {
                  "type": "bool",
                  "value": false
                }
              }
            ]
          }
        },
        {
          "name": "clearObjectStyleOverrides",
          "shortdesc": "Clear overrides for object style"
        },
        {
          "name": "clearTransformations",
          "shortdesc": "Clears transformations from the GraphicLine. Transformations include rotation, scaling, flipping, fitting, and shearing."
        },
        {
          "name": "transform",
          "shortdesc": "Transform the page item.",
          "parameters": {
            "parameter": [
              {
                "name": "in",
                "shortdesc": "The coordinate space to use",
                "datatype": {
                  "type": "CoordinateSpaces"
                }
              },
              {
                "name": "from",
                "shortdesc": "The temporary origin during the transformation. Can accept: Array of 2 Reals, AnchorPoint enumerator or Array of Arrays of 2 Reals, CoordinateSpaces enumerators, AnchorPoint enumerators, BoundingBoxLimits enumerators or Long Integers.",
                "datatype": {
                  "type": "mixed"
                }
              },
              {
                "name": "withMatrix",
                "shortdesc": "Transform matrix. Can accept: Array of 6 Reals or TransformationMatrix.",
                "datatype": {
                  "type": "mixed"
                }
              },
              {
                "name": "replacingCurrent",
                "shortdesc": "Transform components to consider; providing this optional parameter causes the target&apos;s existing transform components to be replaced with new values.  Without this parameter, the given matrix is concatenated onto the target's existing transform combining the effect of the two. Can accept: MatrixContent enumerator, Array of MatrixContent enumerators or Long Integer. &amp;&#35;40;Optional&#41;",
                "datatype": {
                  "type": "mixed"
                }
              },
              {
                "name": "consideringRulerUnits",
                "optional": true,
                "shortdesc": "If true then a ruler based origin is interpreted using ruler units rather than points. The default value is false. This parameter has no effect unless the reference point is specified relative to a page. &amp;&#35;40;Optional&#41;",
                "datatype": {
                  "type": "bool",
                  "value": false
                }
              }
            ]
          }
        },
        {
          "name": "transformValuesOf",
          "shortdesc": "Get the transformation values of the page item.",
          "parameters": {
            "parameter": [
              {
                "name": "in",
                "shortdesc": "The coordinate space to use",
                "datatype": {
                  "type": "CoordinateSpaces"
                }
              }
            ]
          },
          "datatype": {
            "type": "TransformationMatrix",
            "array": {}
          }
        },
        {
          "name": "resolve",
          "shortdesc": "Get the coordinates of the given location in the specified coordinate system.",
          "parameters": {
            "parameter": [
              {
                "name": "location",
                "shortdesc": "The location requested. Can accept: Array of 2 Reals, AnchorPoint enumerator or Array of Arrays of 2 Reals, CoordinateSpaces enumerators, AnchorPoint enumerators, BoundingBoxLimits enumerators or Long Integers.",
                "datatype": {
                  "type": "mixed"
                }
              },
              {
                "name": "in",
                "shortdesc": "The coordinate space to use.",
                "datatype": {
                  "type": "CoordinateSpaces"
                }
              },
              {
                "name": "consideringRulerUnits",
                "optional": true,
                "shortdesc": "If true then a ruler location is interpreted using ruler units rather than points. The default value is false. This parameter has no effect unless the reference point is specified relative to a page. &amp;&#35;40;Optional&#41;",
                "datatype": {
                  "type": "bool",
                  "value": false
                }
              }
            ]
          },
          "datatype": {
            "type": "varies=any"
          }
        },
        {
          "name": "redefineScaling",
          "shortdesc": "Apply an item&apos;s scaling to its content if possible.",
          "parameters": {
            "parameter": [
              {
                "name": "to",
                "shortdesc": "The scale factors to be left on the item.  The default is {1.0, 1.0}. &amp;&#35;40;Optional&#41;",
                "datatype": {
                  "type": "number",
                  "array": {}
                }
              }
            ]
          }
        },
        {
          "name": "resize",
          "shortdesc": "Resize the page item.",
          "parameters": {
            "parameter": [
              {
                "name": "in",
                "shortdesc": "The bounding box to resize. Can accept: CoordinateSpaces enumerator, BoundingBoxLimits enumerator or Ordered array containing coordinateSpace:CoordinateSpaces enumerator, boundsKind:BoundingBoxLimits enumerator.",
                "datatype": {
                  "type": "mixed"
                }
              },
              {
                "name": "from",
                "shortdesc": "The transform origin. Legal specifications: relative to bounding box: anchor | {anchor | {x,y}, bounds kind [, coordinate space]}; relative to coordinate space: {x,y} | {{x,y}[, coordinate space]}; relative to layout window ruler: {{x,y}, page index | bounds kind}. Can accept: Array of 2 Reals, AnchorPoint enumerator or Array of Arrays of 2 Reals, CoordinateSpaces enumerators, AnchorPoint enumerators, BoundingBoxLimits enumerators or Long Integers.",
                "datatype": {
                  "type": "mixed"
                }
              },
              {
                "name": "by",
                "shortdesc": "How the current dimensions are affected by the given values",
                "datatype": {
                  "type": "ResizeMethods"
                }
              },
              {
                "name": "values",
                "shortdesc": "The width and height values. Legal dimensions specifications: {x, y [, coordinate space]}, {x, resize constraint [, coordinate space]}, or {resize constraint, y [, coordinate space]}; where x and y are real numbers and coordinate space is used to determine _only_ the unit of length for x and y; coordinate space is ignored for the &apos;current dimensions times' resize method&amp;&#35;41;. Can accept: Array of Reals, ResizeConstraints enumerators or CoordinateSpaces enumerators.",
                "datatype": {
                  "type": "mixed",
                  "array": {}
                }
              },
              {
                "name": "resizeIndividually",
                "optional": true,
                "shortdesc": "If false and multiple page items are targeted, the new dimensions are attained only by moving the individual items rather than resizing them. &amp;&#35;40;Optional&#41;",
                "datatype": {
                  "type": "bool",
                  "value": true
                }
              },
              {
                "name": "consideringRulerUnits",
                "optional": true,
                "shortdesc": "If true then a ruler location is interpreted using ruler units rather than points. The default value is false. This parameter has no effect unless the reference point is specified relative to a page. &amp;&#35;40;Optional&#41;",
                "datatype": {
                  "type": "bool",
                  "value": false
                }
              }
            ]
          }
        },
        {
          "name": "reframe",
          "shortdesc": "Move the bounding box of the page item",
          "parameters": {
            "parameter": [
              {
                "name": "in",
                "shortdesc": "The bounding box to resize. Can accept: CoordinateSpaces enumerator or Ordered array containing coordinateSpace:CoordinateSpaces enumerator, boundsKind:BoundingBoxLimits enumerator.",
                "datatype": {
                  "type": "mixed"
                }
              },
              {
                "name": "opposingCorners",
                "shortdesc": "Opposing corners of new bounding box in the given coordinate space",
                "datatype": {
                  "type": "mixed",
                  "array": {}
                }
              }
            ]
          }
        },
        {
          "name": "transformAgain",
          "shortdesc": "Transforms the GraphicLine using the last transformation performed on any object. Transformations include moving, rotating, shearing, scaling, and flipping.",
          "datatype": {
            "type": "string",
            "array": {}
          }
        },
        {
          "name": "transformSequenceAgain",
          "shortdesc": "Transforms the GraphicLine using the last sequence of transform operations performed on any single object or performed at the same time on any group of objects. Transformations include moving, rotating, shearing, scaling, and flipping.",
          "datatype": {
            "type": "string",
            "array": {}
          }
        },
        {
          "name": "transformAgainIndividually",
          "shortdesc": "Transforms the GraphicLine using the last transformation performed on any GraphicLine. Transformations include moving, rotating, shearing, scaling, and flipping.",
          "datatype": {
            "type": "string",
            "array": {}
          }
        },
        {
          "name": "transformSequenceAgainIndividually",
          "shortdesc": "Transforms the GraphicLine using the last sequence of transformations performed on any single object or performed at the same time on any group of objects. Transformations include moving, rotating, shearing, scaling, and flipping.",
          "datatype": {
            "type": "string",
            "array": {}
          }
        },
        {
          "name": "createPlainTextQRCode",
          "shortdesc": "Create Plain Text QR Code on the page item",
          "parameters": {
            "parameter": [
              {
                "name": "plainText",
                "shortdesc": "QR code Plain Text  &amp;&#35;40;Optional&#41;",
                "datatype": {
                  "type": "string"
                }
              },
              {
                "name": "qrCodeSwatch",
                "shortdesc": "Swatch to be applied on generated QR Code Graphic . Can accept: Swatch or String. &amp;&#35;40;Optional&#41;",
                "datatype": {
                  "type": "mixed"
                }
              },
              {
                "name": "withProperties",
                "shortdesc": "Initial values for properties of the new GraphicLine. Above parameters can also be passed as properties &amp;&#35;40;Optional&#41;",
                "datatype": {
                  "type": "string",
                  "array": {}
                }
              }
            ]
          }
        },
        {
          "name": "createHyperlinkQRCode",
          "shortdesc": "Create Hyperlink QR Code on the page item or document",
          "parameters": {
            "parameter": [
              {
                "name": "urlLink",
                "shortdesc": "QR code Hyperlink URL  &amp;&#35;40;Optional&#41;",
                "datatype": {
                  "type": "string"
                }
              },
              {
                "name": "qrCodeSwatch",
                "shortdesc": "Swatch to be applied on generated QR Code Graphic . Can accept: Swatch or String. &amp;&#35;40;Optional&#41;",
                "datatype": {
                  "type": "mixed"
                }
              },
              {
                "name": "withProperties",
                "shortdesc": "Initial values for properties of the new GraphicLine. Above parameters can also be passed as properties &amp;&#35;40;Optional&#41;",
                "datatype": {
                  "type": "string",
                  "array": {}
                }
              }
            ]
          }
        },
        {
          "name": "createTextMsgQRCode",
          "shortdesc": "Create Text Msg QR Code on the page item or document",
          "parameters": {
            "parameter": [
              {
                "name": "cellNumber",
                "shortdesc": "QR code Text Phone Number &amp;&#35;40;Optional&#41;",
                "datatype": {
                  "type": "string"
                }
              },
              {
                "name": "textMessage",
                "shortdesc": "QR code Text Message &amp;&#35;40;Optional&#41;",
                "datatype": {
                  "type": "string"
                }
              },
              {
                "name": "qrCodeSwatch",
                "shortdesc": "Swatch to be applied on generated QR Code Graphic . Can accept: Swatch or String. &amp;&#35;40;Optional&#41;",
                "datatype": {
                  "type": "mixed"
                }
              },
              {
                "name": "withProperties",
                "shortdesc": "Initial values for properties of the new GraphicLine. Above parameters can also be passed as properties &amp;&#35;40;Optional&#41;",
                "datatype": {
                  "type": "string",
                  "array": {}
                }
              }
            ]
          }
        },
        {
          "name": "createEmailQRCode",
          "shortdesc": "Create Email QR Code on the page item or document",
          "parameters": {
            "parameter": [
              {
                "name": "emailAddress",
                "shortdesc": "QR code Email Address &amp;&#35;40;Optional&#41;",
                "datatype": {
                  "type": "string"
                }
              },
              {
                "name": "subject",
                "shortdesc": "QR code Email Subject &amp;&#35;40;Optional&#41;",
                "datatype": {
                  "type": "string"
                }
              },
              {
                "name": "body",
                "shortdesc": "QR code Email Body Message &amp;&#35;40;Optional&#41;",
                "datatype": {
                  "type": "string"
                }
              },
              {
                "name": "qrCodeSwatch",
                "shortdesc": "Swatch to be applied on generated QR Code Graphic . Can accept: Swatch or String. &amp;&#35;40;Optional&#41;",
                "datatype": {
                  "type": "mixed"
                }
              },
              {
                "name": "withProperties",
                "shortdesc": "Initial values for properties of the new GraphicLine. Above parameters can also be passed as properties &amp;&#35;40;Optional&#41;",
                "datatype": {
                  "type": "string",
                  "array": {}
                }
              }
            ]
          }
        },
        {
          "name": "createVCardQRCode",
          "shortdesc": "Create Business Card QR Code on the page item or load on document&apos;s placegun",
          "parameters": {
            "parameter": [
              {
                "name": "firstName",
                "shortdesc": "QR code Business Card First Name &amp;&#35;40;Optional&#41;",
                "datatype": {
                  "type": "string"
                }
              },
              {
                "name": "lastName",
                "shortdesc": "QR code Business Card Last Name &amp;&#35;40;Optional&#41;",
                "datatype": {
                  "type": "string"
                }
              },
              {
                "name": "jobTitle",
                "shortdesc": "QR code Business Card Title &amp;&#35;40;Optional&#41;",
                "datatype": {
                  "type": "string"
                }
              },
              {
                "name": "cellPhone",
                "shortdesc": "QR code Business Card Cell Phone Number &amp;&#35;40;Optional&#41;",
                "datatype": {
                  "type": "string"
                }
              },
              {
                "name": "phone",
                "shortdesc": "QR code Business Card Phone Number &amp;&#35;40;Optional&#41;",
                "datatype": {
                  "type": "string"
                }
              },
              {
                "name": "email",
                "shortdesc": "QR code Business Card Email Address &amp;&#35;40;Optional&#41;",
                "datatype": {
                  "type": "string"
                }
              },
              {
                "name": "organisation",
                "shortdesc": "QR code Business Card Organisation &amp;&#35;40;Optional&#41;",
                "datatype": {
                  "type": "string"
                }
              },
              {
                "name": "streetAddress",
                "shortdesc": "QR code Business Card Street Address &amp;&#35;40;Optional&#41;",
                "datatype": {
                  "type": "string"
                }
              },
              {
                "name": "city",
                "shortdesc": "QR code Business Card City &amp;&#35;40;Optional&#41;",
                "datatype": {
                  "type": "string"
                }
              },
              {
                "name": "country",
                "shortdesc": "QR code Business Card Country &amp;&#35;40;Optional&#41;",
                "datatype": {
                  "type": "string"
                }
              },
              {
                "name": "postalCode",
                "shortdesc": "QR code Business Card Postal Code &amp;&#35;40;Optional&#41;",
                "datatype": {
                  "type": "string"
                }
              },
              {
                "name": "website",
                "shortdesc": "QR code Business Card URL &amp;&#35;40;Optional&#41;",
                "datatype": {
                  "type": "string"
                }
              },
              {
                "name": "qrCodeSwatch",
                "shortdesc": "Swatch to be applied on generated QR Code Graphic . Can accept: Swatch or String. &amp;&#35;40;Optional&#41;",
                "datatype": {
                  "type": "mixed"
                }
              },
              {
                "name": "withProperties",
                "shortdesc": "Initial values for properties of the new GraphicLine. Above parameters can also be passed as properties &amp;&#35;40;Optional&#41;",
                "datatype": {
                  "type": "string",
                  "array": {}
                }
              }
            ]
          }
        },
        {
          "name": "exportFile",
          "shortdesc": "Exports the object&amp;&#35;40;s&#41; to a file.",
          "parameters": {
            "parameter": [
              {
                "name": "format",
                "shortdesc": "The export format, specified as an enumeration value or as an extension that appears in the Save as type or Format menu in the Export dialog. Can accept: ExportFormat enumerator or String.",
                "datatype": {
                  "type": "mixed"
                }
              },
              {
                "name": "to",
                "shortdesc": "The path to the export file.",
                "datatype": {
                  "type": "File"
                }
              },
              {
                "name": "showingOptions",
                "optional": true,
                "shortdesc": "If true, displays the export options dialog. &amp;&#35;40;Optional&#41;",
                "datatype": {
                  "type": "bool",
                  "value": false
                }
              },
              {
                "name": "using",
                "shortdesc": "The export style. &amp;&#35;40;Optional&#41;",
                "datatype": {
                  "type": "PDFExportPreset"
                }
              },
              {
                "name": "versionComments",
                "shortdesc": "The comment for this version. &amp;&#35;40;Optional&#41;",
                "datatype": {
                  "type": "string"
                }
              },
              {
                "name": "forceSave",
                "optional": true,
                "shortdesc": "If true, forcibly saves a version. &amp;&#35;40;Optional&#41;",
                "datatype": {
                  "type": "bool",
                  "value": false
                }
              }
            ]
          }
        },
        {
          "name": "asynchronousExportFile",
          "shortdesc": "asynchronously exports the object&amp;&#35;40;s&#41; to a file.",
          "parameters": {
            "parameter": [
              {
                "name": "format",
                "shortdesc": "The export format, specified as an enumeration value or as an extension that appears in the Save as type or Format menu in the Export dialog. Can accept: ExportFormat enumerator or String.",
                "datatype": {
                  "type": "mixed"
                }
              },
              {
                "name": "to",
                "shortdesc": "The path to the export file.",
                "datatype": {
                  "type": "File"
                }
              },
              {
                "name": "showingOptions",
                "optional": true,
                "shortdesc": "If true, displays the export options dialog. &amp;&#35;40;Optional&#41;",
                "datatype": {
                  "type": "bool",
                  "value": false
                }
              },
              {
                "name": "using",
                "shortdesc": "The export style. &amp;&#35;40;Optional&#41;",
                "datatype": {
                  "type": "PDFExportPreset"
                }
              },
              {
                "name": "versionComments",
                "shortdesc": "The comment for this version. &amp;&#35;40;Optional&#41;",
                "datatype": {
                  "type": "string"
                }
              },
              {
                "name": "forceSave",
                "optional": true,
                "shortdesc": "If true, forcibly saves a version. &amp;&#35;40;Optional&#41;",
                "datatype": {
                  "type": "bool",
                  "value": false
                }
              }
            ]
          },
          "datatype": {
            "type": "BackgroundTask"
          }
        },
        {
          "name": "contentPlace",
          "shortdesc": "Duplicate an object and place it into the target page item.",
          "parameters": {
            "parameter": [
              {
                "name": "pageItems",
                "shortdesc": "One or more page items to place or load",
                "datatype": {
                  "type": "PageItem",
                  "array": {}
                }
              },
              {
                "name": "linkPageItems",
                "optional": true,
                "shortdesc": "Whether to link pageItems in content placer &amp;&#35;40;if true it will override link stories value&#41; (Optional)",
                "datatype": {
                  "type": "bool",
                  "value": false
                }
              },
              {
                "name": "linkStories",
                "optional": true,
                "shortdesc": "Whether to link stories in content placer &amp;&#35;40;only applicable for single story, pageItem links will also be created in case of more than one item&#41; (Optional)",
                "datatype": {
                  "type": "bool",
                  "value": false
                }
              },
              {
                "name": "mapStyles",
                "optional": true,
                "shortdesc": "Whether to map styles in content placer &amp;&#35;40;Optional&#41;",
                "datatype": {
                  "type": "bool",
                  "value": false
                }
              },
              {
                "name": "showingOptions",
                "optional": true,
                "shortdesc": "Whether to display the link options dialog &amp;&#35;40;Optional&#41;",
                "datatype": {
                  "type": "bool",
                  "value": false
                }
              }
            ]
          },
          "datatype": {
            "type": "varies=any",
            "array": {}
          }
        },
        {
          "name": "select",
          "shortdesc": "Selects the object.",
          "parameters": {
            "parameter": [
              {
                "name": "existingSelection",
                "optional": true,
                "shortdesc": "The selection status of the GraphicLine in relation to previously selected objects. &amp;&#35;40;Optional&#41;",
                "datatype": {
                  "type": "SelectionOptions",
                  "value": "SelectionOptions.REPLACE_WITH"
                }
              }
            ]
          }
        },
        {
          "name": "store",
          "shortdesc": "Stores the object in the specified library.",
          "parameters": {
            "parameter": [
              {
                "name": "using",
                "shortdesc": "The library in which to store the object.",
                "datatype": {
                  "type": "Library"
                }
              },
              {
                "name": "withProperties",
                "shortdesc": "Initial values for properties of the new GraphicLine &amp;&#35;40;Optional&#41;",
                "datatype": {
                  "type": "Object"
                }
              }
            ]
          },
          "datatype": {
            "type": "Asset"
          }
        },
        {
          "name": "insertLabel",
          "shortdesc": "Sets the label to the value associated with the specified key.",
          "parameters": {
            "parameter": [
              {
                "name": "key",
                "shortdesc": "The key.",
                "datatype": {
                  "type": "string"
                }
              },
              {
                "name": "value",
                "shortdesc": "The value.",
                "datatype": {
                  "type": "string"
                }
              }
            ]
          }
        },
        {
          "name": "extractLabel",
          "shortdesc": "Gets the label value associated with the specified key.",
          "parameters": {
            "parameter": [
              {
                "name": "key",
                "shortdesc": "The key.",
                "datatype": {
                  "type": "string"
                }
              }
            ]
          },
          "datatype": {
            "type": "string"
          }
        },
        {
          "name": "toSource",
          "shortdesc": "Generates a string which, if executed, will return the GraphicLine.",
          "datatype": {
            "type": "string"
          }
        },
        {
          "name": "getElements",
          "shortdesc": "Resolves the object specifier, creating an array of object references.",
          "datatype": {
            "type": "GraphicLine",
            "array": {}
          }
        },
        {
          "name": "toSpecifier",
          "shortdesc": "Retrieves the object specifier.",
          "datatype": {
            "type": "string"
          }
        },
        {
          "name": "addEventListener",
          "shortdesc": "Adds an event listener.",
          "parameters": {
            "parameter": [
              {
                "name": "eventType",
                "shortdesc": "The event type.",
                "datatype": {
                  "type": "string"
                }
              },
              {
                "name": "handler",
                "shortdesc": "The event handler. Can accept: File or JavaScript Function.",
                "datatype": {
                  "type": "mixed"
                }
              },
              {
                "name": "captures",
                "optional": true,
                "shortdesc": "This parameter is obsolete. &amp;&#35;40;Optional&#41;",
                "datatype": {
                  "type": "bool",
                  "value": false
                }
              }
            ]
          },
          "datatype": {
            "type": "EventListener"
          }
        },
        {
          "name": "removeEventListener",
          "shortdesc": "Removes the event listener.",
          "parameters": {
            "parameter": [
              {
                "name": "eventType",
                "shortdesc": "The registered event type.",
                "datatype": {
                  "type": "string"
                }
              },
              {
                "name": "handler",
                "shortdesc": "The registered event handler. Can accept: File or JavaScript Function.",
                "datatype": {
                  "type": "mixed"
                }
              },
              {
                "name": "captures",
                "optional": true,
                "shortdesc": "This parameter is obsolete. &amp;&#35;40;Optional&#41;",
                "datatype": {
                  "type": "bool",
                  "value": false
                }
              }
            ]
          },
          "datatype": {
            "type": "bool"
          }
        }
      ]
    }
  ]
}