{
  "name": "GridAlignment",
  "enumeration": true,
  "shortdesc": "Alignment options for frame grids or baseline grids.",
  "elements": [
    {
      "type": "class",
      "property": [
        {
          "name": "NONE",
          "rwaccess": "readonly",
          "shortdesc": "Lines are not aligned to the grid.",
          "datatype": {
            "type": "Number",
            "value": 1852796517
          }
        },
        {
          "name": "ALIGN_BASELINE",
          "rwaccess": "readonly",
          "shortdesc": "Aligns the text baseline to the grid.",
          "datatype": {
            "type": "Number",
            "value": 1247896172
          }
        },
        {
          "name": "ALIGN_EM_TOP",
          "rwaccess": "readonly",
          "shortdesc": "Aligns the top of the em box to the grid.",
          "datatype": {
            "type": "Number",
            "value": 1247900784
          }
        },
        {
          "name": "ALIGN_EM_CENTER",
          "rwaccess": "readonly",
          "shortdesc": "Aligns the center of the em box to the grid.",
          "datatype": {
            "type": "Number",
            "value": 1247896436
          }
        },
        {
          "name": "ALIGN_EM_BOTTOM",
          "rwaccess": "readonly",
          "shortdesc": "Aligns the bottom of the em box to the grid.",
          "datatype": {
            "type": "Number",
            "value": 1247896173
          }
        },
        {
          "name": "ALIGN_ICF_TOP",
          "rwaccess": "readonly",
          "shortdesc": "Aligns the top of the ICF box to the grid.",
          "datatype": {
            "type": "Number",
            "value": 1248425072
          }
        },
        {
          "name": "ALIGN_ICF_BOTTOM",
          "rwaccess": "readonly",
          "shortdesc": "Aligns the bottom of the ICF box to the grid.",
          "datatype": {
            "type": "Number",
            "value": 1248420461
          }
        }
      ]
    }
  ]
}