{
  "name": "GridDataInformation",
  "dynamic": true,
  "superclass": {
    "href": "#/Preference",
    "$t": "Preference"
  },
  "shortdesc": "Grid defaults. Note: Applies to named, layout, and frame &amp;&#35;40;story&#41; grids.",
  "elements": [
    {
      "type": "instance",
      "property": [
        {
          "name": "isValid",
          "rwaccess": "readonly",
          "shortdesc": "Returns true if the object specifier resolves to valid objects.",
          "datatype": {
            "type": "Boolean"
          }
        },
        {
          "name": "parent",
          "rwaccess": "readonly",
          "shortdesc": "The parent of the GridDataInformation &#40;a Story, XmlStory, Page, NamedGrid or TextFrame).",
          "datatype": {
            "type": "Mixed"
          }
        },
        {
          "name": "events",
          "rwaccess": "readonly",
          "shortdesc": "A collection of events.",
          "datatype": {
            "type": "Events"
          }
        },
        {
          "name": "eventListeners",
          "rwaccess": "readonly",
          "shortdesc": "A collection of event listeners.",
          "datatype": {
            "type": "EventListeners"
          }
        },
        {
          "name": "appliedFont",
          "shortdesc": "The font applied to the GridDataInformation, specified as either a font object or the name of font family. Can return: Font or String.",
          "datatype": {
            "type": "Mixed"
          }
        },
        {
          "name": "fontStyle",
          "shortdesc": "The name of the font style.",
          "datatype": {
            "type": "String"
          }
        },
        {
          "name": "pointSize",
          "shortdesc": "The text size.",
          "datatype": {
            "type": "Measurement Unit &amp;&#35;40;Number or String&#41;=any"
          }
        },
        {
          "name": "characterAki",
          "shortdesc": "The amount of white space between characters.",
          "datatype": {
            "type": "Number"
          }
        },
        {
          "name": "lineAki",
          "shortdesc": "The amount of white space between lines.",
          "datatype": {
            "type": "Number"
          }
        },
        {
          "name": "horizontalScale",
          "shortdesc": "The horizontal scaling applied to the GridDataInformation.",
          "datatype": {
            "type": "Number"
          }
        },
        {
          "name": "verticalScale",
          "shortdesc": "The vertical scaling applied to the GridDataInformation.",
          "datatype": {
            "type": "Number"
          }
        },
        {
          "name": "lineAlignment",
          "shortdesc": "The line justification.",
          "datatype": {
            "type": "LineAlignment"
          }
        },
        {
          "name": "gridAlignment",
          "shortdesc": "The alignment to the frame grid or baseline grid.",
          "datatype": {
            "type": "GridAlignment"
          }
        },
        {
          "name": "characterAlignment",
          "shortdesc": "The alignment of small characters to the largest character in the line.",
          "datatype": {
            "type": "CharacterAlignment"
          }
        },
        {
          "name": "gridView",
          "shortdesc": "The grid view setting.",
          "datatype": {
            "type": "GridViewSettings"
          }
        },
        {
          "name": "characterCountLocation",
          "shortdesc": "The character count location. Note: Valid when show character count is true.",
          "datatype": {
            "type": "CharacterCountLocation"
          }
        },
        {
          "name": "characterCountSize",
          "shortdesc": "The character size for the character count display.",
          "datatype": {
            "type": "Number"
          }
        },
        {
          "name": "properties",
          "shortdesc": "A property that allows setting of several properties at the same time.",
          "datatype": {
            "type": "Object"
          }
        }
      ],
      "method": [
        {
          "name": "toSource",
          "shortdesc": "Generates a string which, if executed, will return the GridDataInformation.",
          "datatype": {
            "type": "String"
          }
        },
        {
          "name": "getElements",
          "shortdesc": "Resolves the object specifier, creating an array of object references.",
          "datatype": {
            "type": "GridDataInformation",
            "array": true
          }
        },
        {
          "name": "toSpecifier",
          "shortdesc": "Retrieves the object specifier.",
          "datatype": {
            "type": "String"
          }
        },
        {
          "name": "addEventListener",
          "shortdesc": "Adds an event listener.",
          "parameters": [
            {
              "name": "eventType",
              "shortdesc": "The event type.",
              "datatype": {
                "type": "String"
              }
            },
            {
              "name": "handler",
              "shortdesc": "The event handler. Can accept: File or JavaScript Function.",
              "datatype": {
                "type": "Mixed"
              }
            },
            {
              "name": "captures",
              "optional": true,
              "shortdesc": "This parameter is obsolete. &#40;Optional)",
              "datatype": {
                "type": "Boolean",
                "value": false
              }
            }
          ],
          "datatype": {
            "type": "EventListener"
          }
        },
        {
          "name": "removeEventListener",
          "shortdesc": "Removes the event listener.",
          "parameters": [
            {
              "name": "eventType",
              "shortdesc": "The registered event type.",
              "datatype": {
                "type": "String"
              }
            },
            {
              "name": "handler",
              "shortdesc": "The registered event handler. Can accept: File or JavaScript Function.",
              "datatype": {
                "type": "Mixed"
              }
            },
            {
              "name": "captures",
              "optional": true,
              "shortdesc": "This parameter is obsolete. &#40;Optional)",
              "datatype": {
                "type": "Boolean",
                "value": false
              }
            }
          ],
          "datatype": {
            "type": "Boolean"
          }
        }
      ]
    }
  ]
}