{
  "name": "GridViewSettings",
  "enumeration": true,
  "shortdesc": "Grid view options.",
  "elements": [
    {
      "type": "class",
      "property": [
        {
          "name": "GRID_VIEW_ENUM",
          "rwaccess": "readonly",
          "shortdesc": "Grid view.",
          "datatype": {
            "type": "number",
            "value": 1783064438
          }
        },
        {
          "name": "ZN_VIEW_ENUM",
          "rwaccess": "readonly",
          "shortdesc": "ZN view.",
          "datatype": {
            "type": "number",
            "value": 1783069302
          }
        },
        {
          "name": "ALIGN_VIEW_ENUM",
          "rwaccess": "readonly",
          "shortdesc": "Align view.",
          "datatype": {
            "type": "number",
            "value": 1783062902
          }
        },
        {
          "name": "GRID_AND_ZN_VIEW_ENUM",
          "rwaccess": "readonly",
          "shortdesc": "Grid and ZN view.",
          "datatype": {
            "type": "number",
            "value": 1783064442
          }
        }
      ]
    }
  ]
}