{
  "name": "Group",
  "dynamic": true,
  "shortdesc": "A container for other controls within a window.",
  "description": "A group can specify layout options for its child elements. Hiding a group hides all its children. Making it visible makes visible those children that are not individually hidden.",
  "elements": [
    {
      "type": "instance",
      "property": [
        {
          "name": "graphics",
          "rwaccess": "readonly",
          "datatype": {
            "type": "ScriptUIGraphics"
          }
        },
        {
          "name": "visible",
          "shortdesc": "True if this element is shown, false if it is hidden.",
          "description": "When a container is hidden, its children are also hidden, but they retain their own visibility values, and are shown or hidden accordingly when the parent is next shown.",
          "datatype": {
            "type": "Boolean"
          }
        },
        {
          "name": "bounds",
          "shortdesc": "The boundaries of the element, in parent-relative coordinates.",
          "description": "Setting an element's size or location changes its bounds property, and vice-versa.",
          "datatype": {
            "type": "Bounds"
          }
        },
        {
          "name": "location",
          "shortdesc": "The upper left corner of this element relative to its parent.",
          "description": "The location is defined as [bounds.x, bounds.y]. Setting an element's location changes its bounds property, and vice-versa.",
          "datatype": {
            "type": "Point"
          }
        },
        {
          "name": "maximumSize",
          "shortdesc": "The maximum height and width to which the element can be resized.",
          "datatype": {
            "type": "Dimension"
          }
        },
        {
          "name": "minimumSize",
          "shortdesc": "The minimum height and width to which the element can be resized.",
          "datatype": {
            "type": "Dimension"
          }
        },
        {
          "name": "preferredSize",
          "shortdesc": "The preferred size, used by layout managers to determine the best size for each element.",
          "description": "If not explicitly set by a script, value is established by the UI framework in which ScriptUI is employed, and is based on such attributes of the element as its text, font, font size, icon size, and other UI framework-specific attributes.A script can explicitly set this value before the layout manager is invoked in order to establish an element size other than the default.",
          "datatype": {
            "type": "Dimension"
          }
        },
        {
          "name": "size",
          "shortdesc": "The current dimensions of this element.",
          "datatype": {
            "type": "Dimension"
          }
        },
        {
          "name": "windowBounds",
          "rwaccess": "readonly",
          "shortdesc": "The bounds of this element relative to the top-level parent window.",
          "datatype": {
            "type": "Bounds"
          }
        },
        {
          "name": "alignChildren",
          "shortdesc": "Tells the layout manager how unlike-sized children of this container should be aligned within a column or row.",
          "datatype": {
            "type": "String"
          }
        },
        {
          "name": "children",
          "rwaccess": "readonly",
          "shortdesc": "An array of child elements.",
          "datatype": {
            "type": "Object",
            "array": true
          }
        },
        {
          "name": "layout",
          "shortdesc": "The layout manager for this container.",
          "datatype": {
            "type": "LayoutManager"
          }
        },
        {
          "name": "margins",
          "shortdesc": "The number of pixels between the edges of a container and the outermost child elements.",
          "description": "You can specify different margins for each edge of the container. The default value is based on the type of container, and is chosen to match the standard Adobe UI guidelines.",
          "datatype": {
            "type": "Number"
          }
        },
        {
          "name": "orientation",
          "shortdesc": "The layout orientation of children in a container.",
          "datatype": {
            "type": "String"
          }
        },
        {
          "name": "spacing",
          "shortdesc": "The number of pixels separating one child element from its adjacent sibling element.",
          "description": "Because each container holds only a single row or column of children, only a single spacing value is needed for a container. The default value is based on the type of container, and is chosen to match standard Adobe UI guidelines.",
          "datatype": {
            "type": "Number"
          }
        },
        {
          "name": "alignment",
          "datatype": {
            "type": "String"
          }
        },
        {
          "name": "properties",
          "shortdesc": "An object that contains one or more creation properties of the control &#40;properties used only when the element is created).",
          "description": "A Group object has no creation properties.",
          "datatype": {
            "type": "Object"
          }
        },
        {
          "name": "enabled",
          "shortdesc": "True if this element is enabled.",
          "description": "An enabled element can accept input, according to its type. When false, control elements do not accept input, and all types of elements have a dimmed appearance.",
          "datatype": {
            "type": "Boolean"
          }
        },
        {
          "name": "helpTip",
          "shortdesc": "The help text that is displayed when the mouse hovers over the element.",
          "datatype": {
            "type": "String"
          }
        },
        {
          "name": "indent",
          "shortdesc": "The number of pixels to indent the element during automatic layout.",
          "description": "Applies for column orientation and left alignment, or row orientation and top alignment.",
          "datatype": {
            "type": "Number",
            "min": 0
          }
        },
        {
          "name": "parent",
          "rwaccess": "readonly",
          "shortdesc": "The parent element.",
          "datatype": {
            "type": "Object"
          }
        },
        {
          "name": "window",
          "rwaccess": "readonly",
          "shortdesc": "The window that this element belongs to.",
          "datatype": {
            "type": "Window"
          }
        },
        {
          "name": "type",
          "rwaccess": "readonly",
          "shortdesc": "The element type; \"group\".",
          "datatype": {
            "type": "String"
          }
        }
      ],
      "method": [
        {
          "name": "show",
          "shortdesc": "Shows this element.",
          "description": "When a window or container is hidden, its children are also hidden, but when it is shown again, the children retain their own visibility states."
        },
        {
          "name": "hide",
          "shortdesc": "Hides this element."
        },
        {
          "name": "add",
          "shortdesc": "Adds a child element to this container.",
          "description": "Creates and returns a new control or container object and adds it to the children of this group.",
          "parameters": [
            {
              "name": "type",
              "datatype": {
                "type": "String"
              }
            },
            {
              "name": "bounds",
              "optional": true,
              "shortdesc": "A bounds specification that describes the size and position of the new control or container, relative to its parent.",
              "datatype": {
                "type": "Bounds"
              }
            },
            {
              "name": "text",
              "optional": true,
              "shortdesc": "The text or label, a localizable string.",
              "datatype": {
                "type": "String"
              }
            },
            {
              "name": "properties",
              "optional": true,
              "shortdesc": "An object that contains one or more creation properties of the new child &#40;properties used only when the element is created).",
              "datatype": {
                "type": "Object"
              }
            }
          ],
          "datatype": {
            "type": "Object"
          }
        },
        {
          "name": "remove",
          "description": "No error results if the child does not exist.",
          "parameters": [
            {
              "name": "what",
              "datatype": {
                "type": "Mixed"
              }
            }
          ]
        },
        {
          "name": "addEventListener",
          "shortdesc": "Registers an event handler for a particular type of event occuring in this element.",
          "parameters": [
            {
              "name": "eventName",
              "shortdesc": "The name of the event.",
              "datatype": {
                "type": "String"
              }
            },
            {
              "name": "handler",
              "shortdesc": "The function that handles the event.",
              "datatype": {
                "type": "Function"
              }
            },
            {
              "name": "capturePhase",
              "shortdesc": "When true, the handler is called only in the capturing phase of the event propagation.",
              "description": "Default is false, meaning that the handler is called in the bubbling phase if this object is an ancestor of the target, or in the at-target phase if this object is itself the target.",
              "datatype": {
                "type": "Boolean",
                "value": false
              }
            }
          ],
          "datatype": {
            "type": "Boolean"
          }
        },
        {
          "name": "removeEventListener",
          "shortdesc": "Unregisters an event handler for a particular type of event occuring in this element.",
          "description": "All arguments must be identical to those that were used to register the event handler.",
          "parameters": [
            {
              "name": "eventName",
              "shortdesc": "The name of the event.",
              "datatype": {
                "type": "String"
              }
            },
            {
              "name": "handler",
              "shortdesc": "The function that handles the event.",
              "datatype": {
                "type": "Function"
              }
            },
            {
              "name": "capturePhase",
              "shortdesc": "Whether to call the handler only in the capturing phase of the event propagation.",
              "datatype": {
                "type": "Boolean",
                "value": false
              }
            }
          ],
          "datatype": {
            "type": "Boolean"
          }
        },
        {
          "name": "dispatchEvent",
          "shortdesc": "Simulates the occurrence of an event in this target.",
          "datatype": {
            "type": "Event"
          }
        }
      ]
    },
    {
      "type": "event",
      "method": [
        {
          "name": "onDraw",
          "shortdesc": "An event-handler callback function, called when the group is about to be drawn."
        }
      ]
    }
  ]
}