{
  "name": "GuidePreference",
  "dynamic": true,
  "superclass": {
    "href": "#/Preference",
    "$t": "Preference"
  },
  "shortdesc": "Guide preferences.",
  "elements": [
    {
      "type": "instance",
      "property": [
        {
          "name": "isValid",
          "rwaccess": "readonly",
          "shortdesc": "Returns true if the object specifier resolves to valid objects.",
          "datatype": {
            "type": "Boolean"
          }
        },
        {
          "name": "parent",
          "rwaccess": "readonly",
          "shortdesc": "The parent of the GuidePreference &#40;a Application or Document).",
          "datatype": {
            "type": "Mixed"
          }
        },
        {
          "name": "events",
          "rwaccess": "readonly",
          "shortdesc": "A collection of events.",
          "datatype": {
            "type": "Events"
          }
        },
        {
          "name": "eventListeners",
          "rwaccess": "readonly",
          "shortdesc": "A collection of event listeners.",
          "datatype": {
            "type": "EventListeners"
          }
        },
        {
          "name": "guidesInBack",
          "shortdesc": "If true, places guides behind all other objects on the spread.",
          "datatype": {
            "type": "Boolean"
          }
        },
        {
          "name": "guidesShown",
          "shortdesc": "If true, displays the guides.",
          "datatype": {
            "type": "Boolean"
          }
        },
        {
          "name": "guidesLocked",
          "shortdesc": "If true, guides cannot be moved, added, or deleted.",
          "datatype": {
            "type": "Boolean"
          }
        },
        {
          "name": "guidesSnapto",
          "shortdesc": "If true, an object within the specified range snaps to the nearest guide when the object is created, moved, or resized. For range information, see guide snapto zone.",
          "datatype": {
            "type": "Boolean"
          }
        },
        {
          "name": "rulerGuidesViewThreshold",
          "shortdesc": "The magnification &#40;as a percentage) less than which ruler guides do not appear. (Range: 5 to 4000)",
          "datatype": {
            "type": "Number"
          }
        },
        {
          "name": "rulerGuidesColor",
          "shortdesc": "The color of the guide, specified either as an array of three doubles, each in the range 0 to 255 and representing R, G, and B values, or as a UI color. . Can return: Array of 3 Reals &#40;0 - 255) or UIColors enumerator.",
          "datatype": {
            "type": "Mixed"
          }
        },
        {
          "name": "properties",
          "shortdesc": "A property that allows setting of several properties at the same time.",
          "datatype": {
            "type": "Object"
          }
        }
      ],
      "method": [
        {
          "name": "toSource",
          "shortdesc": "Generates a string which, if executed, will return the GuidePreference.",
          "datatype": {
            "type": "String"
          }
        },
        {
          "name": "getElements",
          "shortdesc": "Resolves the object specifier, creating an array of object references.",
          "datatype": {
            "type": "GuidePreference",
            "array": true
          }
        },
        {
          "name": "toSpecifier",
          "shortdesc": "Retrieves the object specifier.",
          "datatype": {
            "type": "String"
          }
        },
        {
          "name": "addEventListener",
          "shortdesc": "Adds an event listener.",
          "parameters": [
            {
              "name": "eventType",
              "shortdesc": "The event type.",
              "datatype": {
                "type": "String"
              }
            },
            {
              "name": "handler",
              "shortdesc": "The event handler. Can accept: File or JavaScript Function.",
              "datatype": {
                "type": "Mixed"
              }
            },
            {
              "name": "captures",
              "optional": true,
              "shortdesc": "This parameter is obsolete. &#40;Optional)",
              "datatype": {
                "type": "Boolean",
                "value": false
              }
            }
          ],
          "datatype": {
            "type": "EventListener"
          }
        },
        {
          "name": "removeEventListener",
          "shortdesc": "Removes the event listener.",
          "parameters": [
            {
              "name": "eventType",
              "shortdesc": "The registered event type.",
              "datatype": {
                "type": "String"
              }
            },
            {
              "name": "handler",
              "shortdesc": "The registered event handler. Can accept: File or JavaScript Function.",
              "datatype": {
                "type": "Mixed"
              }
            },
            {
              "name": "captures",
              "optional": true,
              "shortdesc": "This parameter is obsolete. &#40;Optional)",
              "datatype": {
                "type": "Boolean",
                "value": false
              }
            }
          ],
          "datatype": {
            "type": "Boolean"
          }
        }
      ]
    }
  ]
}