{
  "name": "GuideTypeOptions",
  "enumeration": true,
  "shortdesc": "Guide type options for ruler guides.",
  "elements": [
    {
      "type": "class",
      "property": [
        {
          "name": "RULER",
          "rwaccess": "readonly",
          "shortdesc": "Ruler guide &amp;&#35;40;default&#41;.",
          "datatype": {
            "type": "number",
            "value": 1735618160
          }
        },
        {
          "name": "LIQUID",
          "rwaccess": "readonly",
          "shortdesc": "Liquid guide.",
          "datatype": {
            "type": "number",
            "value": 1735617635
          }
        }
      ]
    }
  ]
}