{
  "name": "HeaderTypes",
  "enumeration": true,
  "shortdesc": "Indexing sort option header types",
  "elements": [
    {
      "type": "class",
      "property": [
        {
          "name": "BASIC_LATIN",
          "rwaccess": "readonly",
          "shortdesc": "Basic Latin",
          "datatype": {
            "type": "number",
            "value": 1213481548
          }
        },
        {
          "name": "FINNISH_SWEDISH",
          "rwaccess": "readonly",
          "shortdesc": "Finnish/Swedish",
          "datatype": {
            "type": "number",
            "value": 1213485894
          }
        },
        {
          "name": "DANISH_NORWEGIAN",
          "rwaccess": "readonly",
          "shortdesc": "Danish/Norwegian",
          "datatype": {
            "type": "number",
            "value": 1213482062
          }
        },
        {
          "name": "SPANISH",
          "rwaccess": "readonly",
          "shortdesc": "Spanish",
          "datatype": {
            "type": "number",
            "value": 1213485936
          }
        },
        {
          "name": "CROATIAN",
          "rwaccess": "readonly",
          "shortdesc": "Croatian",
          "datatype": {
            "type": "number",
            "value": 1213481842
          }
        },
        {
          "name": "CZECH",
          "rwaccess": "readonly",
          "shortdesc": "Czech",
          "datatype": {
            "type": "number",
            "value": 1213481850
          }
        },
        {
          "name": "ESTONIAN",
          "rwaccess": "readonly",
          "shortdesc": "Estonian",
          "datatype": {
            "type": "number",
            "value": 1213482355
          }
        },
        {
          "name": "HUNGARIAN",
          "rwaccess": "readonly",
          "shortdesc": "Hungarian",
          "datatype": {
            "type": "number",
            "value": 1213483125
          }
        },
        {
          "name": "LATVIAN",
          "rwaccess": "readonly",
          "shortdesc": "Latvian",
          "datatype": {
            "type": "number",
            "value": 1213484129
          }
        },
        {
          "name": "LITHUANIAN",
          "rwaccess": "readonly",
          "shortdesc": "Lithuanian",
          "datatype": {
            "type": "number",
            "value": 1213484137
          }
        },
        {
          "name": "POLISH",
          "rwaccess": "readonly",
          "shortdesc": "Polish",
          "datatype": {
            "type": "number",
            "value": 1213485167
          }
        },
        {
          "name": "ROMANIAN",
          "rwaccess": "readonly",
          "shortdesc": "Romanian",
          "datatype": {
            "type": "number",
            "value": 1213485679
          }
        },
        {
          "name": "SLOVAK",
          "rwaccess": "readonly",
          "shortdesc": "Slovak",
          "datatype": {
            "type": "number",
            "value": 1213485931
          }
        },
        {
          "name": "SLOVENIAN",
          "rwaccess": "readonly",
          "shortdesc": "Slovenian",
          "datatype": {
            "type": "number",
            "value": 1213485934
          }
        },
        {
          "name": "TURKISH",
          "rwaccess": "readonly",
          "shortdesc": "Turkish",
          "datatype": {
            "type": "number",
            "value": 1213486197
          }
        },
        {
          "name": "BELARUSIAN",
          "rwaccess": "readonly",
          "shortdesc": "Belarusian",
          "datatype": {
            "type": "number",
            "value": 1213481573
          }
        },
        {
          "name": "BULGARIAN",
          "rwaccess": "readonly",
          "shortdesc": "Bulgarian",
          "datatype": {
            "type": "number",
            "value": 1213481589
          }
        },
        {
          "name": "RUSSIAN",
          "rwaccess": "readonly",
          "shortdesc": "Russian",
          "datatype": {
            "type": "number",
            "value": 1213485685
          }
        },
        {
          "name": "UKRAINIAN",
          "rwaccess": "readonly",
          "shortdesc": "Ukrainian",
          "datatype": {
            "type": "number",
            "value": 1213486443
          }
        },
        {
          "name": "KOREAN_CONSONANT",
          "rwaccess": "readonly",
          "shortdesc": "Korean Consonant",
          "datatype": {
            "type": "number",
            "value": 1213483887
          }
        },
        {
          "name": "KOREAN_CONSONANT_PLUS_VOWEL",
          "rwaccess": "readonly",
          "shortdesc": "Korean Consonant Plus Vowel",
          "datatype": {
            "type": "number",
            "value": 1213483862
          }
        },
        {
          "name": "HIRAGANA_ALL",
          "rwaccess": "readonly",
          "shortdesc": "Hiragana: A, I, U, E, O...",
          "datatype": {
            "type": "number",
            "value": 1213483073
          }
        },
        {
          "name": "HIRAGANA_CONSONANTS_ONLY",
          "rwaccess": "readonly",
          "shortdesc": "Hiragana: A, Ka, Sa, Ta, Na...",
          "datatype": {
            "type": "number",
            "value": 1213483075
          }
        },
        {
          "name": "KATAKANA_ALL",
          "rwaccess": "readonly",
          "shortdesc": "Katakana: A, I, U, E, O...",
          "datatype": {
            "type": "number",
            "value": 1213483841
          }
        },
        {
          "name": "KATAKANA_CONSONANTS_ONLY",
          "rwaccess": "readonly",
          "shortdesc": "Katakana: A, Ka, Sa, Ta, Na...",
          "datatype": {
            "type": "number",
            "value": 1213483843
          }
        },
        {
          "name": "CHINESE_PINYIN",
          "rwaccess": "readonly",
          "shortdesc": "Chinese Pinyin",
          "datatype": {
            "type": "number",
            "value": 1213481808
          }
        },
        {
          "name": "CHINESE_STROKE_COUNT",
          "rwaccess": "readonly",
          "shortdesc": "Chinese Stroke Count",
          "datatype": {
            "type": "number",
            "value": 1213481811
          }
        }
      ]
    }
  ]
}