{
  "name": "HeaderFooterBreakTypes",
  "enumeration": true,
  "shortdesc": "Placement options for header or footer rows.",
  "elements": [
    {
      "type": "class",
      "property": [
        {
          "name": "IN_ALL_TEXT_COLUMNS",
          "rwaccess": "readonly",
          "shortdesc": "Places headers or footers in each text column.",
          "datatype": {
            "type": "Number",
            "value": 1231115363
          }
        },
        {
          "name": "ONCE_PER_TEXT_FRAME",
          "rwaccess": "readonly",
          "shortdesc": "Repeats headers or footers in each text frame.",
          "datatype": {
            "type": "Number",
            "value": 1332761702
          }
        },
        {
          "name": "ONCE_PER_PAGE",
          "rwaccess": "readonly",
          "shortdesc": "Places one instance of headers or footers per page.",
          "datatype": {
            "type": "Number",
            "value": 1332760673
          }
        }
      ]
    }
  ]
}