{
  "name": "HiddenTexts",
  "dynamic": true,
  "shortdesc": "A collection of hidden text objects.",
  "elements": [
    {
      "type": "instance",
      "method": [
        {
          "name": "count",
          "shortdesc": "Displays the number of elements in the HiddenText.",
          "datatype": {
            "type": "Number"
          }
        },
        {
          "name": "item",
          "shortdesc": "Returns the HiddenText with the specified index or name.",
          "parameters": [
            {
              "name": "index",
              "shortdesc": "The index or name. Can accept: Long Integer or String.",
              "datatype": {
                "type": "Mixed"
              }
            }
          ],
          "datatype": {
            "type": "HiddenText"
          }
        },
        {
          "name": "itemByName",
          "shortdesc": "Returns the HiddenText with the specified name.",
          "parameters": [
            {
              "name": "name",
              "shortdesc": "The name.",
              "datatype": {
                "type": "String"
              }
            }
          ],
          "datatype": {
            "type": "HiddenText"
          }
        },
        {
          "name": "itemByID",
          "shortdesc": "Returns the HiddenText with the specified ID.",
          "parameters": [
            {
              "name": "id",
              "shortdesc": "The ID.",
              "datatype": {
                "type": "Number"
              }
            }
          ],
          "datatype": {
            "type": "HiddenText"
          }
        },
        {
          "name": "itemByRange",
          "shortdesc": "Returns the HiddenTexts within the specified range.",
          "parameters": [
            {
              "name": "from",
              "shortdesc": "The HiddenText, index, or name at the beginning of the range. Can accept: HiddenText, Long Integer or String.",
              "datatype": {
                "type": "Mixed"
              }
            },
            {
              "name": "to",
              "shortdesc": "The HiddenText, index, or name at the end of the range. Can accept: HiddenText, Long Integer or String.",
              "datatype": {
                "type": "Mixed"
              }
            }
          ],
          "datatype": {
            "type": "HiddenText",
            "array": true
          }
        },
        {
          "name": "firstItem",
          "shortdesc": "Returns the first HiddenText in the collection.",
          "datatype": {
            "type": "HiddenText"
          }
        },
        {
          "name": "lastItem",
          "shortdesc": "Returns the last HiddenText in the collection.",
          "datatype": {
            "type": "HiddenText"
          }
        },
        {
          "name": "middleItem",
          "shortdesc": "Returns the middle HiddenText in the collection.",
          "datatype": {
            "type": "HiddenText"
          }
        },
        {
          "name": "previousItem",
          "shortdesc": "Returns the HiddenText with the index previous to the specified index.",
          "parameters": [
            {
              "name": "obj",
              "shortdesc": "The index of the HiddenText that follows the desired HiddenText.",
              "datatype": {
                "type": "HiddenText"
              }
            }
          ],
          "datatype": {
            "type": "HiddenText"
          }
        },
        {
          "name": "nextItem",
          "shortdesc": "Returns the HiddenText whose index follows the specified HiddenText in the collection.",
          "parameters": [
            {
              "name": "obj",
              "shortdesc": "The HiddenText whose index comes before the desired HiddenText.",
              "datatype": {
                "type": "HiddenText"
              }
            }
          ],
          "datatype": {
            "type": "HiddenText"
          }
        },
        {
          "name": "anyItem",
          "shortdesc": "Returns any HiddenText in the collection.",
          "datatype": {
            "type": "HiddenText"
          }
        },
        {
          "name": "everyItem",
          "shortdesc": "Returns every HiddenText in the collection.",
          "datatype": {
            "type": "HiddenText",
            "array": true
          }
        },
        {
          "name": "toSource",
          "shortdesc": "Generates a string which, if executed, will return the HiddenText.",
          "datatype": {
            "type": "String"
          }
        },
        {
          "name": "[]",
          "shortdesc": "Returns the HiddenText with the specified index.",
          "parameters": [
            {
              "name": "index",
              "shortdesc": "The index.",
              "datatype": {
                "type": "Number"
              }
            }
          ],
          "datatype": {
            "type": "HiddenText"
          }
        }
      ],
      "property": [
        {
          "name": "length",
          "rwaccess": "readonly",
          "shortdesc": "The number of objects in the collection.",
          "datatype": {
            "type": "Number"
          }
        }
      ]
    }
  ]
}