{
  "name": "HiddenText",
  "dynamic": true,
  "shortdesc": "A hidden text object.",
  "elements": [
    {
      "type": "instance",
      "property": [
        {
          "name": "storyOffset",
          "rwaccess": "readonly",
          "shortdesc": "The insertion point before the table in the story containing the table.",
          "datatype": {
            "type": "InsertionPoint"
          }
        },
        {
          "name": "id",
          "rwaccess": "readonly",
          "shortdesc": "The unique ID of the HiddenText.",
          "datatype": {
            "type": "number"
          }
        },
        {
          "name": "isValid",
          "rwaccess": "readonly",
          "shortdesc": "Returns true if the object specifier resolves to valid objects.",
          "datatype": {
            "type": "bool"
          }
        },
        {
          "name": "parent",
          "rwaccess": "readonly",
          "shortdesc": "The parent of the HiddenText &amp;&#35;40;a Story, XmlStory, TextFrame, InsertionPoint, Note, Cell or Footnote&#41;.",
          "datatype": {
            "type": "mixed"
          }
        },
        {
          "name": "index",
          "rwaccess": "readonly",
          "shortdesc": "The index of the HiddenText within its containing object.",
          "datatype": {
            "type": "number"
          }
        },
        {
          "name": "events",
          "rwaccess": "readonly",
          "shortdesc": "A collection of events.",
          "datatype": {
            "type": "Events"
          }
        },
        {
          "name": "eventListeners",
          "rwaccess": "readonly",
          "shortdesc": "A collection of event listeners.",
          "datatype": {
            "type": "EventListeners"
          }
        },
        {
          "name": "texts",
          "rwaccess": "readonly",
          "shortdesc": "A collection of text objects.",
          "datatype": {
            "type": "Texts"
          }
        },
        {
          "name": "characters",
          "rwaccess": "readonly",
          "shortdesc": "A collection of characters.",
          "datatype": {
            "type": "Characters"
          }
        },
        {
          "name": "words",
          "rwaccess": "readonly",
          "shortdesc": "A collection of words.",
          "datatype": {
            "type": "Words"
          }
        },
        {
          "name": "lines",
          "rwaccess": "readonly",
          "shortdesc": "A collection of lines.",
          "datatype": {
            "type": "Lines"
          }
        },
        {
          "name": "textColumns",
          "rwaccess": "readonly",
          "shortdesc": "A collection of text columns.",
          "datatype": {
            "type": "TextColumns"
          }
        },
        {
          "name": "paragraphs",
          "rwaccess": "readonly",
          "shortdesc": "A collection of paragraphs.",
          "datatype": {
            "type": "Paragraphs"
          }
        },
        {
          "name": "insertionPoints",
          "rwaccess": "readonly",
          "shortdesc": "A collection of insertion points.",
          "datatype": {
            "type": "InsertionPoints"
          }
        },
        {
          "name": "textStyleRanges",
          "rwaccess": "readonly",
          "shortdesc": "A collection of text style ranges.",
          "datatype": {
            "type": "TextStyleRanges"
          }
        },
        {
          "name": "label",
          "shortdesc": "A property that can be set to any string.",
          "datatype": {
            "type": "string"
          }
        },
        {
          "name": "name",
          "shortdesc": "The name of the HiddenText; this is an alias to the HiddenText&apos;s label property.",
          "datatype": {
            "type": "string"
          }
        },
        {
          "name": "properties",
          "shortdesc": "A property that allows setting of several properties at the same time.",
          "datatype": {
            "type": "Object"
          }
        }
      ],
      "method": [
        {
          "name": "insertLabel",
          "shortdesc": "Sets the label to the value associated with the specified key.",
          "parameters": {
            "parameter": [
              {
                "name": "key",
                "shortdesc": "The key.",
                "datatype": {
                  "type": "string"
                }
              },
              {
                "name": "value",
                "shortdesc": "The value.",
                "datatype": {
                  "type": "string"
                }
              }
            ]
          }
        },
        {
          "name": "extractLabel",
          "shortdesc": "Gets the label value associated with the specified key.",
          "parameters": {
            "parameter": [
              {
                "name": "key",
                "shortdesc": "The key.",
                "datatype": {
                  "type": "string"
                }
              }
            ]
          },
          "datatype": {
            "type": "string"
          }
        },
        {
          "name": "toSource",
          "shortdesc": "Generates a string which, if executed, will return the HiddenText.",
          "datatype": {
            "type": "string"
          }
        },
        {
          "name": "getElements",
          "shortdesc": "Resolves the object specifier, creating an array of object references.",
          "datatype": {
            "type": "HiddenText",
            "array": {}
          }
        },
        {
          "name": "toSpecifier",
          "shortdesc": "Retrieves the object specifier.",
          "datatype": {
            "type": "string"
          }
        },
        {
          "name": "addEventListener",
          "shortdesc": "Adds an event listener.",
          "parameters": {
            "parameter": [
              {
                "name": "eventType",
                "shortdesc": "The event type.",
                "datatype": {
                  "type": "string"
                }
              },
              {
                "name": "handler",
                "shortdesc": "The event handler. Can accept: File or JavaScript Function.",
                "datatype": {
                  "type": "mixed"
                }
              },
              {
                "name": "captures",
                "optional": true,
                "shortdesc": "This parameter is obsolete. &amp;&#35;40;Optional&#41;",
                "datatype": {
                  "type": "bool",
                  "value": false
                }
              }
            ]
          },
          "datatype": {
            "type": "EventListener"
          }
        },
        {
          "name": "removeEventListener",
          "shortdesc": "Removes the event listener.",
          "parameters": {
            "parameter": [
              {
                "name": "eventType",
                "shortdesc": "The registered event type.",
                "datatype": {
                  "type": "string"
                }
              },
              {
                "name": "handler",
                "shortdesc": "The registered event handler. Can accept: File or JavaScript Function.",
                "datatype": {
                  "type": "mixed"
                }
              },
              {
                "name": "captures",
                "optional": true,
                "shortdesc": "This parameter is obsolete. &amp;&#35;40;Optional&#41;",
                "datatype": {
                  "type": "bool",
                  "value": false
                }
              }
            ]
          },
          "datatype": {
            "type": "bool"
          }
        }
      ]
    }
  ]
}