{
  "name": "HorizontalAlignment",
  "enumeration": true,
  "shortdesc": "The horizontal alignment of an anchored object. Not valid when anchored position is inline.",
  "elements": [
    {
      "type": "class",
      "property": [
        {
          "name": "RIGHT_ALIGN",
          "rwaccess": "readonly",
          "shortdesc": "Place the anchored object to the right of the reference.",
          "datatype": {
            "type": "Number",
            "value": 1919379572
          }
        },
        {
          "name": "LEFT_ALIGN",
          "rwaccess": "readonly",
          "shortdesc": "Place the anchored object to the left of the reference.",
          "datatype": {
            "type": "Number",
            "value": 1818584692
          }
        },
        {
          "name": "CENTER_ALIGN",
          "rwaccess": "readonly",
          "shortdesc": "Place the anchored object at the center of the reference.",
          "datatype": {
            "type": "Number",
            "value": 1667591796
          }
        },
        {
          "name": "TEXT_ALIGN",
          "rwaccess": "readonly",
          "shortdesc": "Place the anchored object relative to the text alignment.",
          "datatype": {
            "type": "Number",
            "value": 1954046316
          }
        }
      ]
    }
  ]
}