{
  "name": "HorizontalOrVertical",
  "enumeration": true,
  "shortdesc": "Orientation options.",
  "elements": [
    {
      "type": "class",
      "property": [
        {
          "name": "HORIZONTAL",
          "rwaccess": "readonly",
          "shortdesc": "Horizontal orientation.",
          "datatype": {
            "type": "number",
            "value": 1752134266
          }
        },
        {
          "name": "VERTICAL",
          "rwaccess": "readonly",
          "shortdesc": "Vertical orientation.",
          "datatype": {
            "type": "number",
            "value": 1986359924
          }
        }
      ]
    }
  ]
}