{
  "name": "HTMLExportPreference",
  "dynamic": true,
  "superclass": {
    "href": "#/Preference",
    "$t": "Preference"
  },
  "shortdesc": "HTML export preferences.",
  "elements": [
    {
      "type": "instance",
      "property": [
        {
          "name": "isValid",
          "rwaccess": "readonly",
          "shortdesc": "Returns true if the object specifier resolves to valid objects.",
          "datatype": {
            "type": "Boolean"
          }
        },
        {
          "name": "parent",
          "rwaccess": "readonly",
          "shortdesc": "The parent of the HTMLExportPreference &#40;a Document).",
          "datatype": {
            "type": "Document"
          }
        },
        {
          "name": "events",
          "rwaccess": "readonly",
          "shortdesc": "A collection of events.",
          "datatype": {
            "type": "Events"
          }
        },
        {
          "name": "eventListeners",
          "rwaccess": "readonly",
          "shortdesc": "A collection of event listeners.",
          "datatype": {
            "type": "EventListeners"
          }
        },
        {
          "name": "exportSelection",
          "shortdesc": "If true and have selection, export selected content to HTML.",
          "datatype": {
            "type": "Boolean"
          }
        },
        {
          "name": "exportOrder",
          "shortdesc": "The export order.",
          "datatype": {
            "type": "ExportOrder"
          }
        },
        {
          "name": "bulletExportOption",
          "shortdesc": "The bullet export option.",
          "datatype": {
            "type": "BulletListExportOption"
          }
        },
        {
          "name": "numberedListExportOption",
          "shortdesc": "The numbered list export option.",
          "datatype": {
            "type": "NumberedListExportOption"
          }
        },
        {
          "name": "viewDocumentAfterExport",
          "shortdesc": "If true, open docuemnt in viewer after export.",
          "datatype": {
            "type": "Boolean"
          }
        },
        {
          "name": "imageExportOption",
          "shortdesc": "The export order.",
          "datatype": {
            "type": "ImageExportOption"
          }
        },
        {
          "name": "imageExportResolution",
          "shortdesc": "The export resolution",
          "datatype": {
            "type": "ImageResolution"
          }
        },
        {
          "name": "customImageSizeOption",
          "shortdesc": "Allows user to select the image size option for conversion",
          "datatype": {
            "type": "ImageSizeOption"
          }
        },
        {
          "name": "preserveLayoutAppearence",
          "shortdesc": "If true, format image based on layout appearence.",
          "datatype": {
            "type": "Boolean"
          }
        },
        {
          "name": "imageAlignment",
          "shortdesc": "Alignment applied to images",
          "datatype": {
            "type": "ImageAlignmentType"
          }
        },
        {
          "name": "imageSpaceBefore",
          "shortdesc": "Space Before applied to images",
          "datatype": {
            "type": "Number",
            "min": 0,
            "max": 8640
          }
        },
        {
          "name": "imageSpaceAfter",
          "shortdesc": "Space After applied to images",
          "datatype": {
            "type": "Number",
            "min": 0,
            "max": 8640
          }
        },
        {
          "name": "applyImageAlignmentToAnchoredObjectSettings",
          "shortdesc": "apply image alignment to anchored object settings.",
          "datatype": {
            "type": "Boolean"
          }
        },
        {
          "name": "imageConversion",
          "shortdesc": "The file format to use for converted images. Note: Valid only when copy optimized images and/or copy formatted images is true.",
          "datatype": {
            "type": "ImageConversion"
          }
        },
        {
          "name": "gifOptionsPalette",
          "shortdesc": "The color palette for GIF conversion. Note: Not valid when image conversion is JPEG.",
          "datatype": {
            "type": "GIFOptionsPalette"
          }
        },
        {
          "name": "gifOptionsInterlaced",
          "shortdesc": "If true, generates interlaced GIFs. Note: Not valid  when image conversion is JPEG.",
          "datatype": {
            "type": "Boolean"
          }
        },
        {
          "name": "jpegOptionsQuality",
          "shortdesc": "The quality of converted JPEG images. Note: Not valid when image conversion is GIF.",
          "datatype": {
            "type": "JPEGOptionsQuality"
          }
        },
        {
          "name": "jpegOptionsFormat",
          "shortdesc": "The formatting method for converted JPEG images. Note: Not valid  when image conversion is GIF.",
          "datatype": {
            "type": "JPEGOptionsFormat"
          }
        },
        {
          "name": "level",
          "shortdesc": "The PNG compression level.",
          "datatype": {
            "type": "Number"
          }
        },
        {
          "name": "ignoreObjectConversionSettings",
          "shortdesc": "ignore object level image conversion settings.",
          "datatype": {
            "type": "Boolean"
          }
        },
        {
          "name": "serverPath",
          "shortdesc": "The server path for image .",
          "datatype": {
            "type": "String"
          }
        },
        {
          "name": "imageExtension",
          "shortdesc": "The image extension on server.",
          "datatype": {
            "type": "String"
          }
        },
        {
          "name": "preserveLocalOverride",
          "shortdesc": "If true, output local style override.",
          "datatype": {
            "type": "Boolean"
          }
        },
        {
          "name": "externalStyleSheets",
          "shortdesc": "The file path of external cascading style sheets.",
          "datatype": {
            "type": "String",
            "array": true
          }
        },
        {
          "name": "javascripts",
          "shortdesc": "The file path of external javascripts.",
          "datatype": {
            "type": "String",
            "array": true
          }
        },
        {
          "name": "generateCascadeStyleSheet",
          "shortdesc": "If true, InDesign will generate cascade style sheet.",
          "datatype": {
            "type": "Boolean"
          }
        },
        {
          "name": "properties",
          "shortdesc": "A property that allows setting of several properties at the same time.",
          "datatype": {
            "type": "Object"
          }
        }
      ],
      "method": [
        {
          "name": "toSource",
          "shortdesc": "Generates a string which, if executed, will return the HTMLExportPreference.",
          "datatype": {
            "type": "String"
          }
        },
        {
          "name": "getElements",
          "shortdesc": "Resolves the object specifier, creating an array of object references.",
          "datatype": {
            "type": "HTMLExportPreference",
            "array": true
          }
        },
        {
          "name": "toSpecifier",
          "shortdesc": "Retrieves the object specifier.",
          "datatype": {
            "type": "String"
          }
        },
        {
          "name": "addEventListener",
          "shortdesc": "Adds an event listener.",
          "parameters": [
            {
              "name": "eventType",
              "shortdesc": "The event type.",
              "datatype": {
                "type": "String"
              }
            },
            {
              "name": "handler",
              "shortdesc": "The event handler. Can accept: File or JavaScript Function.",
              "datatype": {
                "type": "Mixed"
              }
            },
            {
              "name": "captures",
              "optional": true,
              "shortdesc": "This parameter is obsolete. &#40;Optional)",
              "datatype": {
                "type": "Boolean",
                "value": false
              }
            }
          ],
          "datatype": {
            "type": "EventListener"
          }
        },
        {
          "name": "removeEventListener",
          "shortdesc": "Removes the event listener.",
          "parameters": [
            {
              "name": "eventType",
              "shortdesc": "The registered event type.",
              "datatype": {
                "type": "String"
              }
            },
            {
              "name": "handler",
              "shortdesc": "The registered event handler. Can accept: File or JavaScript Function.",
              "datatype": {
                "type": "Mixed"
              }
            },
            {
              "name": "captures",
              "optional": true,
              "shortdesc": "This parameter is obsolete. &#40;Optional)",
              "datatype": {
                "type": "Boolean",
                "value": false
              }
            }
          ],
          "datatype": {
            "type": "Boolean"
          }
        }
      ]
    }
  ]
}