{
  "name": "HtmlItems",
  "dynamic": true,
  "shortdesc": "A collection of embedded HTML page items.",
  "elements": [
    {
      "type": "instance",
      "method": [
        {
          "name": "add",
          "shortdesc": "Creates a new HtmlItem",
          "parameters": [
            {
              "name": "layer",
              "shortdesc": "The layer on which to create the HtmlItem. &#40;Optional)",
              "datatype": {
                "type": "Layer"
              }
            },
            {
              "name": "at",
              "optional": true,
              "shortdesc": "The location at which to insert the HtmlItem relative to the reference object or within the container object. &#40;Optional)",
              "datatype": {
                "type": "LocationOptions",
                "value": "LocationOptions.UNKNOWN"
              }
            },
            {
              "name": "reference",
              "shortdesc": "The reference object. Note: Required when the at parameter is before or after. Can accept: Document, Spread, MasterSpread, Page, Layer or PageItem. &#40;Optional)",
              "datatype": {
                "type": "Mixed"
              }
            },
            {
              "name": "withProperties",
              "shortdesc": "Initial values for properties of the new HtmlItem &#40;Optional)",
              "datatype": {
                "type": "Object"
              }
            }
          ],
          "datatype": {
            "type": "HtmlItem"
          }
        },
        {
          "name": "count",
          "shortdesc": "Displays the number of elements in the HtmlItem.",
          "datatype": {
            "type": "Number"
          }
        },
        {
          "name": "item",
          "shortdesc": "Returns the HtmlItem with the specified index or name.",
          "parameters": [
            {
              "name": "index",
              "shortdesc": "The index or name. Can accept: Long Integer or String.",
              "datatype": {
                "type": "Mixed"
              }
            }
          ],
          "datatype": {
            "type": "HtmlItem"
          }
        },
        {
          "name": "itemByName",
          "shortdesc": "Returns the HtmlItem with the specified name.",
          "parameters": [
            {
              "name": "name",
              "shortdesc": "The name.",
              "datatype": {
                "type": "String"
              }
            }
          ],
          "datatype": {
            "type": "HtmlItem"
          }
        },
        {
          "name": "itemByID",
          "shortdesc": "Returns the HtmlItem with the specified ID.",
          "parameters": [
            {
              "name": "id",
              "shortdesc": "The ID.",
              "datatype": {
                "type": "Number"
              }
            }
          ],
          "datatype": {
            "type": "HtmlItem"
          }
        },
        {
          "name": "itemByRange",
          "shortdesc": "Returns the HtmlItems within the specified range.",
          "parameters": [
            {
              "name": "from",
              "shortdesc": "The HtmlItem, index, or name at the beginning of the range. Can accept: HtmlItem, Long Integer or String.",
              "datatype": {
                "type": "Mixed"
              }
            },
            {
              "name": "to",
              "shortdesc": "The HtmlItem, index, or name at the end of the range. Can accept: HtmlItem, Long Integer or String.",
              "datatype": {
                "type": "Mixed"
              }
            }
          ],
          "datatype": {
            "type": "HtmlItem",
            "array": true
          }
        },
        {
          "name": "firstItem",
          "shortdesc": "Returns the first HtmlItem in the collection.",
          "datatype": {
            "type": "HtmlItem"
          }
        },
        {
          "name": "lastItem",
          "shortdesc": "Returns the last HtmlItem in the collection.",
          "datatype": {
            "type": "HtmlItem"
          }
        },
        {
          "name": "middleItem",
          "shortdesc": "Returns the middle HtmlItem in the collection.",
          "datatype": {
            "type": "HtmlItem"
          }
        },
        {
          "name": "previousItem",
          "shortdesc": "Returns the HtmlItem with the index previous to the specified index.",
          "parameters": [
            {
              "name": "obj",
              "shortdesc": "The index of the HtmlItem that follows the desired HtmlItem.",
              "datatype": {
                "type": "HtmlItem"
              }
            }
          ],
          "datatype": {
            "type": "HtmlItem"
          }
        },
        {
          "name": "nextItem",
          "shortdesc": "Returns the HtmlItem whose index follows the specified HtmlItem in the collection.",
          "parameters": [
            {
              "name": "obj",
              "shortdesc": "The HtmlItem whose index comes before the desired HtmlItem.",
              "datatype": {
                "type": "HtmlItem"
              }
            }
          ],
          "datatype": {
            "type": "HtmlItem"
          }
        },
        {
          "name": "anyItem",
          "shortdesc": "Returns any HtmlItem in the collection.",
          "datatype": {
            "type": "HtmlItem"
          }
        },
        {
          "name": "everyItem",
          "shortdesc": "Returns every HtmlItem in the collection.",
          "datatype": {
            "type": "HtmlItem",
            "array": true
          }
        },
        {
          "name": "toSource",
          "shortdesc": "Generates a string which, if executed, will return the HtmlItem.",
          "datatype": {
            "type": "String"
          }
        },
        {
          "name": "[]",
          "shortdesc": "Returns the HtmlItem with the specified index.",
          "parameters": [
            {
              "name": "index",
              "shortdesc": "The index.",
              "datatype": {
                "type": "Number"
              }
            }
          ],
          "datatype": {
            "type": "HtmlItem"
          }
        }
      ],
      "property": [
        {
          "name": "length",
          "rwaccess": "readonly",
          "shortdesc": "The number of objects in the collection.",
          "datatype": {
            "type": "Number"
          }
        }
      ]
    }
  ]
}