{
  "name": "HyperlinkAppearanceStyle",
  "enumeration": true,
  "shortdesc": "Hyperlink border style options.",
  "elements": [
    {
      "type": "class",
      "property": [
        {
          "name": "SOLID",
          "rwaccess": "readonly",
          "shortdesc": "Uses a solid stroke.",
          "datatype": {
            "type": "number",
            "value": 1936682084
          }
        },
        {
          "name": "DASHED",
          "rwaccess": "readonly",
          "shortdesc": "Uses a dashed stroke.",
          "datatype": {
            "type": "number",
            "value": 1684108136
          }
        }
      ]
    }
  ]
}