{
  "name": "HyperlinkTextDestinations",
  "dynamic": true,
  "shortdesc": "A collection of hyperlink text destinations.",
  "elements": [
    {
      "type": "instance",
      "method": [
        {
          "name": "add",
          "shortdesc": "Creates a new hyperlink text destination.",
          "parameters": [
            {
              "name": "destination",
              "shortdesc": "The text or insertion point location that the hyperlink points to.",
              "datatype": {
                "type": "Text"
              }
            },
            {
              "name": "withProperties",
              "shortdesc": "Initial values for properties of the new HyperlinkTextDestination &#40;Optional)",
              "datatype": {
                "type": "Object"
              }
            }
          ],
          "datatype": {
            "type": "HyperlinkTextDestination"
          }
        },
        {
          "name": "count",
          "shortdesc": "Displays the number of elements in the HyperlinkTextDestination.",
          "datatype": {
            "type": "Number"
          }
        },
        {
          "name": "item",
          "shortdesc": "Returns the HyperlinkTextDestination with the specified index or name.",
          "parameters": [
            {
              "name": "index",
              "shortdesc": "The index or name. Can accept: Long Integer or String.",
              "datatype": {
                "type": "Mixed"
              }
            }
          ],
          "datatype": {
            "type": "HyperlinkTextDestination"
          }
        },
        {
          "name": "itemByName",
          "shortdesc": "Returns the HyperlinkTextDestination with the specified name.",
          "parameters": [
            {
              "name": "name",
              "shortdesc": "The name.",
              "datatype": {
                "type": "String"
              }
            }
          ],
          "datatype": {
            "type": "HyperlinkTextDestination"
          }
        },
        {
          "name": "itemByID",
          "shortdesc": "Returns the HyperlinkTextDestination with the specified ID.",
          "parameters": [
            {
              "name": "id",
              "shortdesc": "The ID.",
              "datatype": {
                "type": "Number"
              }
            }
          ],
          "datatype": {
            "type": "HyperlinkTextDestination"
          }
        },
        {
          "name": "itemByRange",
          "shortdesc": "Returns the HyperlinkTextDestinations within the specified range.",
          "parameters": [
            {
              "name": "from",
              "shortdesc": "The HyperlinkTextDestination, index, or name at the beginning of the range. Can accept: HyperlinkTextDestination, Long Integer or String.",
              "datatype": {
                "type": "Mixed"
              }
            },
            {
              "name": "to",
              "shortdesc": "The HyperlinkTextDestination, index, or name at the end of the range. Can accept: HyperlinkTextDestination, Long Integer or String.",
              "datatype": {
                "type": "Mixed"
              }
            }
          ],
          "datatype": {
            "type": "HyperlinkTextDestination",
            "array": true
          }
        },
        {
          "name": "firstItem",
          "shortdesc": "Returns the first HyperlinkTextDestination in the collection.",
          "datatype": {
            "type": "HyperlinkTextDestination"
          }
        },
        {
          "name": "lastItem",
          "shortdesc": "Returns the last HyperlinkTextDestination in the collection.",
          "datatype": {
            "type": "HyperlinkTextDestination"
          }
        },
        {
          "name": "middleItem",
          "shortdesc": "Returns the middle HyperlinkTextDestination in the collection.",
          "datatype": {
            "type": "HyperlinkTextDestination"
          }
        },
        {
          "name": "previousItem",
          "shortdesc": "Returns the HyperlinkTextDestination with the index previous to the specified index.",
          "parameters": [
            {
              "name": "obj",
              "shortdesc": "The index of the HyperlinkTextDestination that follows the desired HyperlinkTextDestination.",
              "datatype": {
                "type": "HyperlinkTextDestination"
              }
            }
          ],
          "datatype": {
            "type": "HyperlinkTextDestination"
          }
        },
        {
          "name": "nextItem",
          "shortdesc": "Returns the HyperlinkTextDestination whose index follows the specified HyperlinkTextDestination in the collection.",
          "parameters": [
            {
              "name": "obj",
              "shortdesc": "The HyperlinkTextDestination whose index comes before the desired HyperlinkTextDestination.",
              "datatype": {
                "type": "HyperlinkTextDestination"
              }
            }
          ],
          "datatype": {
            "type": "HyperlinkTextDestination"
          }
        },
        {
          "name": "anyItem",
          "shortdesc": "Returns any HyperlinkTextDestination in the collection.",
          "datatype": {
            "type": "HyperlinkTextDestination"
          }
        },
        {
          "name": "everyItem",
          "shortdesc": "Returns every HyperlinkTextDestination in the collection.",
          "datatype": {
            "type": "HyperlinkTextDestination",
            "array": true
          }
        },
        {
          "name": "toSource",
          "shortdesc": "Generates a string which, if executed, will return the HyperlinkTextDestination.",
          "datatype": {
            "type": "String"
          }
        },
        {
          "name": "[]",
          "shortdesc": "Returns the HyperlinkTextDestination with the specified index.",
          "parameters": [
            {
              "name": "index",
              "shortdesc": "The index.",
              "datatype": {
                "type": "Number"
              }
            }
          ],
          "datatype": {
            "type": "HyperlinkTextDestination"
          }
        }
      ],
      "property": [
        {
          "name": "length",
          "rwaccess": "readonly",
          "shortdesc": "The number of objects in the collection.",
          "datatype": {
            "type": "Number"
          }
        }
      ]
    }
  ]
}