{
  "name": "HyperlinkPageDestination",
  "dynamic": true,
  "shortdesc": "A hyperlink destination that is a document page.",
  "elements": [
    {
      "type": "instance",
      "property": [
        {
          "name": "hidden",
          "rwaccess": "readonly",
          "shortdesc": "If true, the hyperlink is hidden.",
          "datatype": {
            "type": "Boolean"
          }
        },
        {
          "name": "id",
          "rwaccess": "readonly",
          "shortdesc": "The unique ID of the HyperlinkPageDestination.",
          "datatype": {
            "type": "Number"
          }
        },
        {
          "name": "isValid",
          "rwaccess": "readonly",
          "shortdesc": "Returns true if the object specifier resolves to valid objects.",
          "datatype": {
            "type": "Boolean"
          }
        },
        {
          "name": "parent",
          "rwaccess": "readonly",
          "shortdesc": "The parent of the HyperlinkPageDestination &#40;a Document).",
          "datatype": {
            "type": "Document"
          }
        },
        {
          "name": "index",
          "rwaccess": "readonly",
          "shortdesc": "The index of the HyperlinkPageDestination within its containing object.",
          "datatype": {
            "type": "Number"
          }
        },
        {
          "name": "events",
          "rwaccess": "readonly",
          "shortdesc": "A collection of events.",
          "datatype": {
            "type": "Events"
          }
        },
        {
          "name": "eventListeners",
          "rwaccess": "readonly",
          "shortdesc": "A collection of event listeners.",
          "datatype": {
            "type": "EventListeners"
          }
        },
        {
          "name": "name",
          "shortdesc": "The name of the HyperlinkPageDestination.",
          "datatype": {
            "type": "String"
          }
        },
        {
          "name": "nameManually",
          "shortdesc": "If true or unspecified, allows a custom destination name; also does not update the name when the destination is moved to a different page. If false, uses the page number as the page destination name and makes the name property read-only for the destination object; also updates the name when the destination is moved to a different page.",
          "datatype": {
            "type": "Boolean"
          }
        },
        {
          "name": "destinationPage",
          "shortdesc": "The page that the hyperlink points to.",
          "datatype": {
            "type": "Page"
          }
        },
        {
          "name": "viewSetting",
          "shortdesc": "The destination page size when the page is reached by clicking the hyperlink.",
          "datatype": {
            "type": "HyperlinkDestinationPageSetting"
          }
        },
        {
          "name": "viewBounds",
          "shortdesc": "The view rectangle, specified in the format [y1, x1, y2, x2]. Note: Valid only when view setting is fixed. Can return: Ordered array containing top:Unit, left:Unit, bottom:Unit, right:Unit.",
          "datatype": {
            "type": "Mixed"
          }
        },
        {
          "name": "viewPercentage",
          "shortdesc": "The zoom percentage. &#40;Range: 5 to 4000) Note: Valid only when view setting is fixed.",
          "datatype": {
            "type": "Number",
            "min": 5,
            "max": 4000
          }
        },
        {
          "name": "label",
          "shortdesc": "A property that can be set to any string.",
          "datatype": {
            "type": "String"
          }
        },
        {
          "name": "properties",
          "shortdesc": "A property that allows setting of several properties at the same time.",
          "datatype": {
            "type": "Object"
          }
        }
      ],
      "method": [
        {
          "name": "remove",
          "shortdesc": "Deletes the HyperlinkPageDestination."
        },
        {
          "name": "showDestination",
          "shortdesc": "Jumps to the hyperlink destination."
        },
        {
          "name": "insertLabel",
          "shortdesc": "Sets the label to the value associated with the specified key.",
          "parameters": [
            {
              "name": "key",
              "shortdesc": "The key.",
              "datatype": {
                "type": "String"
              }
            },
            {
              "name": "value",
              "shortdesc": "The value.",
              "datatype": {
                "type": "String"
              }
            }
          ]
        },
        {
          "name": "extractLabel",
          "shortdesc": "Gets the label value associated with the specified key.",
          "parameters": [
            {
              "name": "key",
              "shortdesc": "The key.",
              "datatype": {
                "type": "String"
              }
            }
          ],
          "datatype": {
            "type": "String"
          }
        },
        {
          "name": "toSource",
          "shortdesc": "Generates a string which, if executed, will return the HyperlinkPageDestination.",
          "datatype": {
            "type": "String"
          }
        },
        {
          "name": "getElements",
          "shortdesc": "Resolves the object specifier, creating an array of object references.",
          "datatype": {
            "type": "HyperlinkPageDestination",
            "array": true
          }
        },
        {
          "name": "toSpecifier",
          "shortdesc": "Retrieves the object specifier.",
          "datatype": {
            "type": "String"
          }
        },
        {
          "name": "addEventListener",
          "shortdesc": "Adds an event listener.",
          "parameters": [
            {
              "name": "eventType",
              "shortdesc": "The event type.",
              "datatype": {
                "type": "String"
              }
            },
            {
              "name": "handler",
              "shortdesc": "The event handler. Can accept: File or JavaScript Function.",
              "datatype": {
                "type": "Mixed"
              }
            },
            {
              "name": "captures",
              "optional": true,
              "shortdesc": "This parameter is obsolete. &#40;Optional)",
              "datatype": {
                "type": "Boolean",
                "value": false
              }
            }
          ],
          "datatype": {
            "type": "EventListener"
          }
        },
        {
          "name": "removeEventListener",
          "shortdesc": "Removes the event listener.",
          "parameters": [
            {
              "name": "eventType",
              "shortdesc": "The registered event type.",
              "datatype": {
                "type": "String"
              }
            },
            {
              "name": "handler",
              "shortdesc": "The registered event handler. Can accept: File or JavaScript Function.",
              "datatype": {
                "type": "Mixed"
              }
            },
            {
              "name": "captures",
              "optional": true,
              "shortdesc": "This parameter is obsolete. &#40;Optional)",
              "datatype": {
                "type": "Boolean",
                "value": false
              }
            }
          ],
          "datatype": {
            "type": "Boolean"
          }
        }
      ]
    }
  ]
}