{
  "name": "HyperlinkDestinationPageSetting",
  "enumeration": true,
  "shortdesc": "Hyperlink destination page display options.",
  "elements": [
    {
      "type": "class",
      "property": [
        {
          "name": "FIXED",
          "rwaccess": "readonly",
          "shortdesc": "Fits the destination page within the specified rectangle. For information on specifying the rectangle size and position, see the entry for view bounds.",
          "datatype": {
            "type": "Number",
            "value": 1212437350
          }
        },
        {
          "name": "FIT_VIEW",
          "rwaccess": "readonly",
          "shortdesc": "Displays the visible portion of the destination page as the destination.",
          "datatype": {
            "type": "Number",
            "value": 1212437366
          }
        },
        {
          "name": "FIT_WINDOW",
          "rwaccess": "readonly",
          "shortdesc": "Fits the entire destination page in the document window. Note: The magnification changes automatically when the window is resized.",
          "datatype": {
            "type": "Number",
            "value": 1212437367
          }
        },
        {
          "name": "FIT_WIDTH",
          "rwaccess": "readonly",
          "shortdesc": "Fits the destination page to the width of the window; may obscure the lower portion of the page. Note: The magnification changes automatically when the window is resized horizontally.",
          "datatype": {
            "type": "Number",
            "value": 1212437335
          }
        },
        {
          "name": "FIT_HEIGHT",
          "rwaccess": "readonly",
          "shortdesc": "Fits the destination page to the window height; may obscure the right side the page. Note: The magnification changes automatically when the window is resized vertically.",
          "datatype": {
            "type": "Number",
            "value": 1212437352
          }
        },
        {
          "name": "FIT_VISIBLE",
          "rwaccess": "readonly",
          "shortdesc": "Fits the the text area of the destination page to the window width; obscures page margins and may obscure the lower portion of the page. Note: The magnification changes automatically when the window is resized horizontally.",
          "datatype": {
            "type": "Number",
            "value": 1212437334
          }
        },
        {
          "name": "INHERIT_ZOOM",
          "rwaccess": "readonly",
          "shortdesc": "The destination page is displayed at the same zoom percent as the previously displayed page. Note: The magnification changes automatically when the window is resized.",
          "datatype": {
            "type": "Number",
            "value": 1212437370
          }
        }
      ]
    }
  ]
}