{
  "name": "Hyperlink",
  "dynamic": true,
  "shortdesc": "A hyperlink.",
  "elements": [
    {
      "type": "instance",
      "property": [
        {
          "name": "hidden",
          "rwaccess": "readonly",
          "shortdesc": "If true, the hyperlink is hidden.",
          "datatype": {
            "type": "Boolean"
          }
        },
        {
          "name": "id",
          "rwaccess": "readonly",
          "shortdesc": "The unique ID of the Hyperlink.",
          "datatype": {
            "type": "Number"
          }
        },
        {
          "name": "isValid",
          "rwaccess": "readonly",
          "shortdesc": "Returns true if the object specifier resolves to valid objects.",
          "datatype": {
            "type": "Boolean"
          }
        },
        {
          "name": "parent",
          "rwaccess": "readonly",
          "shortdesc": "The parent of the Hyperlink &#40;a Document).",
          "datatype": {
            "type": "Document"
          }
        },
        {
          "name": "index",
          "rwaccess": "readonly",
          "shortdesc": "The index of the Hyperlink within its containing object.",
          "datatype": {
            "type": "Number"
          }
        },
        {
          "name": "events",
          "rwaccess": "readonly",
          "shortdesc": "A collection of events.",
          "datatype": {
            "type": "Events"
          }
        },
        {
          "name": "eventListeners",
          "rwaccess": "readonly",
          "shortdesc": "A collection of event listeners.",
          "datatype": {
            "type": "EventListeners"
          }
        },
        {
          "name": "name",
          "shortdesc": "The name of the Hyperlink.",
          "datatype": {
            "type": "String"
          }
        },
        {
          "name": "source",
          "shortdesc": "The hyperlinked text or page item. Can return: HyperlinkPageItemSource, HyperlinkTextSource or CrossReferenceSource.",
          "datatype": {
            "type": "Mixed"
          }
        },
        {
          "name": "visible",
          "shortdesc": "If true, the Hyperlink is visible.",
          "datatype": {
            "type": "Boolean"
          }
        },
        {
          "name": "highlight",
          "shortdesc": "The hyperlink highlight style.",
          "datatype": {
            "type": "HyperlinkAppearanceHighlight"
          }
        },
        {
          "name": "width",
          "shortdesc": "The stroke weight of the hyperlink border.",
          "datatype": {
            "type": "HyperlinkAppearanceWidth"
          }
        },
        {
          "name": "borderColor",
          "shortdesc": "The hyperlink border color. Can return: Array of 3 Reals &#40;0 - 255) or UIColors enumerator.",
          "datatype": {
            "type": "Mixed"
          }
        },
        {
          "name": "borderStyle",
          "shortdesc": "The hyperlink border style.",
          "datatype": {
            "type": "HyperlinkAppearanceStyle"
          }
        },
        {
          "name": "destination",
          "shortdesc": "The text, page, or URL that the hyperlink points to. Can return: HyperlinkTextDestination, HyperlinkPageDestination, HyperlinkExternalPageDestination, HyperlinkURLDestination or ParagraphDestination.",
          "datatype": {
            "type": "Mixed"
          }
        },
        {
          "name": "label",
          "shortdesc": "A property that can be set to any string.",
          "datatype": {
            "type": "String"
          }
        },
        {
          "name": "properties",
          "shortdesc": "A property that allows setting of several properties at the same time.",
          "datatype": {
            "type": "Object"
          }
        }
      ],
      "method": [
        {
          "name": "remove",
          "shortdesc": "Deletes the Hyperlink."
        },
        {
          "name": "showSource",
          "shortdesc": "Jumps to the hyperlink source."
        },
        {
          "name": "showDestination",
          "shortdesc": "Jumps to the hyperlink destination."
        },
        {
          "name": "insertLabel",
          "shortdesc": "Sets the label to the value associated with the specified key.",
          "parameters": [
            {
              "name": "key",
              "shortdesc": "The key.",
              "datatype": {
                "type": "String"
              }
            },
            {
              "name": "value",
              "shortdesc": "The value.",
              "datatype": {
                "type": "String"
              }
            }
          ]
        },
        {
          "name": "extractLabel",
          "shortdesc": "Gets the label value associated with the specified key.",
          "parameters": [
            {
              "name": "key",
              "shortdesc": "The key.",
              "datatype": {
                "type": "String"
              }
            }
          ],
          "datatype": {
            "type": "String"
          }
        },
        {
          "name": "toSource",
          "shortdesc": "Generates a string which, if executed, will return the Hyperlink.",
          "datatype": {
            "type": "String"
          }
        },
        {
          "name": "getElements",
          "shortdesc": "Resolves the object specifier, creating an array of object references.",
          "datatype": {
            "type": "Hyperlink",
            "array": true
          }
        },
        {
          "name": "toSpecifier",
          "shortdesc": "Retrieves the object specifier.",
          "datatype": {
            "type": "String"
          }
        },
        {
          "name": "addEventListener",
          "shortdesc": "Adds an event listener.",
          "parameters": [
            {
              "name": "eventType",
              "shortdesc": "The event type.",
              "datatype": {
                "type": "String"
              }
            },
            {
              "name": "handler",
              "shortdesc": "The event handler. Can accept: File or JavaScript Function.",
              "datatype": {
                "type": "Mixed"
              }
            },
            {
              "name": "captures",
              "optional": true,
              "shortdesc": "This parameter is obsolete. &#40;Optional)",
              "datatype": {
                "type": "Boolean",
                "value": false
              }
            }
          ],
          "datatype": {
            "type": "EventListener"
          }
        },
        {
          "name": "removeEventListener",
          "shortdesc": "Removes the event listener.",
          "parameters": [
            {
              "name": "eventType",
              "shortdesc": "The registered event type.",
              "datatype": {
                "type": "String"
              }
            },
            {
              "name": "handler",
              "shortdesc": "The registered event handler. Can accept: File or JavaScript Function.",
              "datatype": {
                "type": "Mixed"
              }
            },
            {
              "name": "captures",
              "optional": true,
              "shortdesc": "This parameter is obsolete. &#40;Optional)",
              "datatype": {
                "type": "Boolean",
                "value": false
              }
            }
          ],
          "datatype": {
            "type": "Boolean"
          }
        }
      ]
    }
  ]
}