{
  "name": "HyperlinkAppearanceWidth",
  "enumeration": true,
  "shortdesc": "Hyperlink border weight options.",
  "elements": [
    {
      "type": "class",
      "property": [
        {
          "name": "THIN",
          "rwaccess": "readonly",
          "shortdesc": "Uses a thin border.",
          "datatype": {
            "type": "number",
            "value": 1952999790
          }
        },
        {
          "name": "MEDIUM",
          "rwaccess": "readonly",
          "shortdesc": "Uses a medium border.",
          "datatype": {
            "type": "number",
            "value": 1701727588
          }
        },
        {
          "name": "THICK",
          "rwaccess": "readonly",
          "shortdesc": "Uses a thick border.",
          "datatype": {
            "type": "number",
            "value": 1952999787
          }
        }
      ]
    }
  ]
}