{
  "name": "HyphenationExceptions",
  "dynamic": true,
  "shortdesc": "A collection of hyphenation exceptions lists.",
  "elements": [
    {
      "type": "instance",
      "method": [
        {
          "name": "count",
          "shortdesc": "Displays the number of elements in the HyphenationException.",
          "datatype": {
            "type": "number"
          }
        },
        {
          "name": "item",
          "shortdesc": "Returns the HyphenationException with the specified index or name.",
          "parameters": {
            "parameter": [
              {
                "name": "index",
                "shortdesc": "The index or name. Can accept: Long Integer or String.",
                "datatype": {
                  "type": "mixed"
                }
              }
            ]
          },
          "datatype": {
            "type": "HyphenationException"
          }
        },
        {
          "name": "itemByName",
          "shortdesc": "Returns the HyphenationException with the specified name.",
          "parameters": {
            "parameter": [
              {
                "name": "name",
                "shortdesc": "The name.",
                "datatype": {
                  "type": "string"
                }
              }
            ]
          },
          "datatype": {
            "type": "HyphenationException"
          }
        },
        {
          "name": "itemByRange",
          "shortdesc": "Returns the HyphenationExceptions within the specified range.",
          "parameters": {
            "parameter": [
              {
                "name": "from",
                "shortdesc": "The HyphenationException, index, or name at the beginning of the range. Can accept: HyphenationException, Long Integer or String.",
                "datatype": {
                  "type": "mixed"
                }
              },
              {
                "name": "to",
                "shortdesc": "The HyphenationException, index, or name at the end of the range. Can accept: HyphenationException, Long Integer or String.",
                "datatype": {
                  "type": "mixed"
                }
              }
            ]
          },
          "datatype": {
            "type": "HyphenationException",
            "array": {}
          }
        },
        {
          "name": "firstItem",
          "shortdesc": "Returns the first HyphenationException in the collection.",
          "datatype": {
            "type": "HyphenationException"
          }
        },
        {
          "name": "lastItem",
          "shortdesc": "Returns the last HyphenationException in the collection.",
          "datatype": {
            "type": "HyphenationException"
          }
        },
        {
          "name": "middleItem",
          "shortdesc": "Returns the middle HyphenationException in the collection.",
          "datatype": {
            "type": "HyphenationException"
          }
        },
        {
          "name": "previousItem",
          "shortdesc": "Returns the HyphenationException with the index previous to the specified index.",
          "parameters": {
            "parameter": [
              {
                "name": "obj",
                "shortdesc": "The index of the HyphenationException that follows the desired HyphenationException.",
                "datatype": {
                  "type": "HyphenationException"
                }
              }
            ]
          },
          "datatype": {
            "type": "HyphenationException"
          }
        },
        {
          "name": "nextItem",
          "shortdesc": "Returns the HyphenationException whose index follows the specified HyphenationException in the collection.",
          "parameters": {
            "parameter": [
              {
                "name": "obj",
                "shortdesc": "The HyphenationException whose index comes before the desired HyphenationException.",
                "datatype": {
                  "type": "HyphenationException"
                }
              }
            ]
          },
          "datatype": {
            "type": "HyphenationException"
          }
        },
        {
          "name": "anyItem",
          "shortdesc": "Returns any HyphenationException in the collection.",
          "datatype": {
            "type": "HyphenationException"
          }
        },
        {
          "name": "everyItem",
          "shortdesc": "Returns every HyphenationException in the collection.",
          "datatype": {
            "type": "HyphenationException",
            "array": {}
          }
        },
        {
          "name": "toSource",
          "shortdesc": "Generates a string which, if executed, will return the HyphenationException.",
          "datatype": {
            "type": "string"
          }
        },
        {
          "name": "[]",
          "shortdesc": "Returns the HyphenationException with the specified index.",
          "parameters": {
            "parameter": [
              {
                "name": "index",
                "shortdesc": "The index.",
                "datatype": {
                  "type": "number"
                }
              }
            ]
          },
          "datatype": {
            "type": "HyphenationException"
          }
        }
      ],
      "property": [
        {
          "name": "length",
          "rwaccess": "readonly",
          "shortdesc": "The number of objects in the collection.",
          "datatype": {
            "type": "number"
          }
        }
      ]
    }
  ]
}