{
  "name": "ICCProfiles",
  "enumeration": true,
  "shortdesc": "The ICC profiles to include in the PDF document.",
  "elements": [
    {
      "type": "class",
      "property": [
        {
          "name": "INCLUDE_NONE",
          "rwaccess": "readonly",
          "shortdesc": "Does not include ICC profiles.",
          "datatype": {
            "type": "Number",
            "value": 1229144942
          }
        },
        {
          "name": "INCLUDE_ALL",
          "rwaccess": "readonly",
          "shortdesc": "Includes all ICC profiles.",
          "datatype": {
            "type": "Number",
            "value": 1229144929
          }
        },
        {
          "name": "INCLUDE_TAGGED",
          "rwaccess": "readonly",
          "shortdesc": "Includes tagged source profiles.",
          "datatype": {
            "type": "Number",
            "value": 1229144948
          }
        },
        {
          "name": "INCLUDE_RGB_AND_TAGGED",
          "rwaccess": "readonly",
          "shortdesc": "Includes RGB and tagged source CMYK profiles.",
          "datatype": {
            "type": "Number",
            "value": 1229144946
          }
        }
      ]
    }
  ]
}