{
  "name": "IdleEvent",
  "dynamic": true,
  "superclass": {
    "href": "#/Event",
    "$t": "Event"
  },
  "shortdesc": "An idle event.",
  "elements": [
    {
      "type": "class",
      "property": [
        {
          "name": "ON_IDLE",
          "rwaccess": "readonly",
          "shortdesc": "Dispatched at idle time for this IdleEvent. This event does not bubble. This event is not cancelable.",
          "datatype": {
            "type": "string",
            "value": "onIdle"
          }
        }
      ]
    },
    {
      "type": "instance",
      "property": [
        {
          "name": "timeAllocated",
          "rwaccess": "readonly",
          "shortdesc": "Amount of time allocated to this task at the time the event was dispatched.",
          "datatype": {
            "type": "number"
          }
        },
        {
          "name": "eventType",
          "rwaccess": "readonly",
          "shortdesc": "The name of the event.",
          "datatype": {
            "type": "string"
          }
        },
        {
          "name": "target",
          "rwaccess": "readonly",
          "shortdesc": "The target of the event.",
          "datatype": {
            "type": "Object"
          }
        },
        {
          "name": "currentTarget",
          "rwaccess": "readonly",
          "shortdesc": "The current propagation target of the event.",
          "datatype": {
            "type": "Object"
          }
        },
        {
          "name": "eventPhase",
          "rwaccess": "readonly",
          "shortdesc": "The current propagation phase of the event.",
          "datatype": {
            "type": "EventPhases"
          }
        },
        {
          "name": "bubbles",
          "rwaccess": "readonly",
          "shortdesc": "If true, the event supports the bubbling phase of propagation.",
          "datatype": {
            "type": "bool"
          }
        },
        {
          "name": "cancelable",
          "rwaccess": "readonly",
          "shortdesc": "If true, the default behavior of the event on its target can be canceled.",
          "datatype": {
            "type": "bool"
          }
        },
        {
          "name": "timeStamp",
          "rwaccess": "readonly",
          "shortdesc": "The time the event was initialized.",
          "datatype": {
            "type": "Date"
          }
        },
        {
          "name": "propagationStopped",
          "rwaccess": "readonly",
          "shortdesc": "If true, propagation of the event beyond the current target has been stopped.",
          "datatype": {
            "type": "bool"
          }
        },
        {
          "name": "defaultPrevented",
          "rwaccess": "readonly",
          "shortdesc": "If true, the default behavior of the event on its target has been canceled.",
          "datatype": {
            "type": "bool"
          }
        },
        {
          "name": "id",
          "rwaccess": "readonly",
          "shortdesc": "The unique ID of the IdleEvent.",
          "datatype": {
            "type": "number"
          }
        },
        {
          "name": "isValid",
          "rwaccess": "readonly",
          "shortdesc": "Returns true if the object specifier resolves to valid objects.",
          "datatype": {
            "type": "bool"
          }
        },
        {
          "name": "parent",
          "rwaccess": "readonly",
          "shortdesc": "The parent of the IdleEvent &amp;&#35;40;a IdleTask&#41;.",
          "datatype": {
            "type": "IdleTask"
          }
        },
        {
          "name": "index",
          "rwaccess": "readonly",
          "shortdesc": "The index of the IdleEvent within its containing object.",
          "datatype": {
            "type": "number"
          }
        },
        {
          "name": "properties",
          "shortdesc": "A property that allows setting of several properties at the same time.",
          "datatype": {
            "type": "Object"
          }
        }
      ],
      "method": [
        {
          "name": "stopPropagation",
          "shortdesc": "Stops propagation of the event beyond the current target."
        },
        {
          "name": "preventDefault",
          "shortdesc": "Cancels the default behavior of the event on its target."
        },
        {
          "name": "toSource",
          "shortdesc": "Generates a string which, if executed, will return the IdleEvent.",
          "datatype": {
            "type": "string"
          }
        },
        {
          "name": "getElements",
          "shortdesc": "Resolves the object specifier, creating an array of object references.",
          "datatype": {
            "type": "IdleEvent",
            "array": {}
          }
        },
        {
          "name": "toSpecifier",
          "shortdesc": "Retrieves the object specifier.",
          "datatype": {
            "type": "string"
          }
        }
      ]
    }
  ]
}