{
  "name": "ImageSizeOption",
  "enumeration": true,
  "shortdesc": "Image size option for converted object",
  "elements": [
    {
      "type": "class",
      "property": [
        {
          "name": "SIZE_FIXED",
          "rwaccess": "readonly",
          "shortdesc": "Image size to be used is absolute.",
          "datatype": {
            "type": "Number",
            "value": 1182295162
          }
        },
        {
          "name": "SIZE_RELATIVE_TO_PAGE_WIDTH",
          "rwaccess": "readonly",
          "shortdesc": "Image size to be used is relative to page width.",
          "datatype": {
            "type": "Number",
            "value": 1383485559
          }
        }
      ]
    }
  ]
}