{
  "name": "ImageFormat",
  "enumeration": true,
  "shortdesc": "File format options for converted images",
  "elements": [
    {
      "type": "class",
      "property": [
        {
          "name": "JPEG",
          "rwaccess": "readonly",
          "shortdesc": "Uses JPEG format for selected object.",
          "datatype": {
            "type": "number",
            "value": 1785751398
          }
        },
        {
          "name": "GIF",
          "rwaccess": "readonly",
          "shortdesc": "Uses GIF format for selected object.",
          "datatype": {
            "type": "number",
            "value": 1734960742
          }
        },
        {
          "name": "PNG",
          "rwaccess": "readonly",
          "shortdesc": "Uses PNG format, for selected object.",
          "datatype": {
            "type": "number",
            "value": 1397059687
          }
        }
      ]
    }
  ]
}