{
  "name": "ImageDataTypes",
  "enumeration": true,
  "shortdesc": "Options for sending image data to the printer or file.",
  "elements": [
    {
      "type": "class",
      "property": [
        {
          "name": "ALL_IMAGE_DATA",
          "rwaccess": "readonly",
          "shortdesc": "Sends full-resolution data.",
          "datatype": {
            "type": "Number",
            "value": 1853058416
          }
        },
        {
          "name": "OPTIMIZED_SUBSAMPLING",
          "rwaccess": "readonly",
          "shortdesc": "Sends just enough data to print graphics at the best possible resolution for the output device.",
          "datatype": {
            "type": "Number",
            "value": 1869640563
          }
        },
        {
          "name": "PROXY_IMAGE_DATA",
          "rwaccess": "readonly",
          "shortdesc": "Sends screen-resolution versions &#40;72 dpi) of placed bitmap images.",
          "datatype": {
            "type": "Number",
            "value": 1819243130
          }
        },
        {
          "name": "NONE",
          "rwaccess": "readonly",
          "shortdesc": "Prints graphics frames with crossbars in place of graphics.",
          "datatype": {
            "type": "Number",
            "value": 1852796517
          }
        }
      ]
    }
  ]
}