{
  "name": "ImageAlignmentType",
  "enumeration": true,
  "shortdesc": "Type of Image alignment for objects",
  "elements": [
    {
      "type": "class",
      "property": [
        {
          "name": "ALIGN_LEFT",
          "rwaccess": "readonly",
          "shortdesc": "image will be aligned left",
          "datatype": {
            "type": "number",
            "value": 1097616486
          }
        },
        {
          "name": "ALIGN_CENTER",
          "rwaccess": "readonly",
          "shortdesc": "image will be aligned center",
          "datatype": {
            "type": "number",
            "value": 1097614194
          }
        },
        {
          "name": "ALIGN_RIGHT",
          "rwaccess": "readonly",
          "shortdesc": "image will be aligned right",
          "datatype": {
            "type": "number",
            "value": 1097618036
          }
        }
      ]
    }
  ]
}