{
  "name": "ImageExportOption",
  "enumeration": true,
  "shortdesc": "Choices for export image.",
  "elements": [
    {
      "type": "class",
      "property": [
        {
          "name": "ORIGINAL_IMAGE",
          "rwaccess": "readonly",
          "shortdesc": "original image.",
          "datatype": {
            "type": "number",
            "value": 1700949874
          }
        },
        {
          "name": "OPTIMIZED_IMAGE",
          "rwaccess": "readonly",
          "shortdesc": "optimized image.",
          "datatype": {
            "type": "number",
            "value": 1700949872
          }
        },
        {
          "name": "LINK_TO_SERVER",
          "rwaccess": "readonly",
          "shortdesc": "link to server.",
          "datatype": {
            "type": "number",
            "value": 1700949107
          }
        }
      ]
    }
  ]
}