{
  "name": "Image",
  "dynamic": true,
  "superclass": {
    "href": "#/Graphic",
    "$t": "Graphic"
  },
  "shortdesc": "An imported bitmap image in any bitmap file format &amp;&#35;40;including TIFF, JPEG, or GIF&#41;.",
  "elements": [
    {
      "type": "class",
      "property": [
        {
          "name": "BEFORE_PLACE",
          "rwaccess": "readonly",
          "shortdesc": "Dispatched before a Image is placed. This event bubbles. This event is cancelable.",
          "datatype": {
            "type": "string",
            "value": "beforePlace"
          }
        },
        {
          "name": "AFTER_PLACE",
          "rwaccess": "readonly",
          "shortdesc": "Dispatched after a Image is placed. This event bubbles. This event is not cancelable.",
          "datatype": {
            "type": "string",
            "value": "afterPlace"
          }
        }
      ]
    },
    {
      "type": "instance",
      "property": [
        {
          "name": "transparencySettings",
          "rwaccess": "readonly",
          "shortdesc": "Transparency settings.",
          "datatype": {
            "type": "TransparencySetting"
          }
        },
        {
          "name": "strokeTransparencySettings",
          "rwaccess": "readonly",
          "shortdesc": "Transparency settings for the stroke.",
          "datatype": {
            "type": "StrokeTransparencySetting"
          }
        },
        {
          "name": "fillTransparencySettings",
          "rwaccess": "readonly",
          "shortdesc": "Transparency settings for the fill applied to the Image.",
          "datatype": {
            "type": "FillTransparencySetting"
          }
        },
        {
          "name": "contentTransparencySettings",
          "rwaccess": "readonly",
          "shortdesc": "Transparency settings for the content of the Image.",
          "datatype": {
            "type": "ContentTransparencySetting"
          }
        },
        {
          "name": "textWrapPreferences",
          "rwaccess": "readonly",
          "shortdesc": "The text wrap preference properties that define the default formatting for wrapping text around objects.",
          "datatype": {
            "type": "TextWrapPreference"
          }
        },
        {
          "name": "clippingPath",
          "rwaccess": "readonly",
          "shortdesc": "Clipping path settings.",
          "datatype": {
            "type": "ClippingPathSettings"
          }
        },
        {
          "name": "imageIOPreferences",
          "rwaccess": "readonly",
          "shortdesc": "The image I/O preference properties that define preferences for importing images.",
          "datatype": {
            "type": "ImageIOPreference"
          }
        },
        {
          "name": "graphicLayerOptions",
          "rwaccess": "readonly",
          "shortdesc": "Graphic layer option settings.",
          "datatype": {
            "type": "GraphicLayerOption"
          }
        },
        {
          "name": "space",
          "rwaccess": "readonly",
          "shortdesc": "The color space.",
          "datatype": {
            "type": "string"
          }
        },
        {
          "name": "actualPpi",
          "rwaccess": "readonly",
          "shortdesc": "The native resolution of a placed graphic.",
          "datatype": {
            "type": "number",
            "array": true
          }
        },
        {
          "name": "effectivePpi",
          "rwaccess": "readonly",
          "shortdesc": "The resolution of a graphic after it has been resized.",
          "datatype": {
            "type": "number",
            "array": true
          }
        },
        {
          "name": "profileList",
          "rwaccess": "readonly",
          "shortdesc": "A list of valid RGB profiles.",
          "datatype": {
            "type": "string",
            "array": true
          }
        },
        {
          "name": "associatedXMLElement",
          "rwaccess": "readonly",
          "shortdesc": "The XML element associated with the Image.",
          "datatype": {
            "type": "XMLItem"
          }
        },
        {
          "name": "overridden",
          "rwaccess": "readonly",
          "shortdesc": "If true, the object originated on a master spread and was overridden. If false, the object either originated on a master spread and was not overridden, or the object did not originate on a master page.",
          "datatype": {
            "type": "bool"
          }
        },
        {
          "name": "overriddenMasterPageItem",
          "rwaccess": "readonly",
          "shortdesc": "An object that originated on a master page and has been overridden. Can return: PageItem, Guide, Graphic, Movie or Sound.",
          "datatype": {
            "type": "mixed"
          }
        },
        {
          "name": "itemLink",
          "rwaccess": "readonly",
          "shortdesc": "The source file of the link.",
          "datatype": {
            "type": "Link"
          }
        },
        {
          "name": "imageTypeName",
          "rwaccess": "readonly",
          "shortdesc": "The type of the image.",
          "datatype": {
            "type": "string"
          }
        },
        {
          "name": "animationSettings",
          "rwaccess": "readonly",
          "shortdesc": "The page item animation settings.",
          "datatype": {
            "type": "AnimationSetting"
          }
        },
        {
          "name": "linkedPageItemOptions",
          "rwaccess": "readonly",
          "shortdesc": "Linked Page Item options",
          "datatype": {
            "type": "LinkedPageItemOption"
          }
        },
        {
          "name": "allPageItems",
          "rwaccess": "readonly",
          "shortdesc": "Lists all page items contained by the Image.",
          "datatype": {
            "type": "PageItem",
            "array": true
          }
        },
        {
          "name": "allGraphics",
          "rwaccess": "readonly",
          "shortdesc": "Lists all graphics contained by the Image.",
          "datatype": {
            "type": "Graphic",
            "array": true
          }
        },
        {
          "name": "parentPage",
          "rwaccess": "readonly",
          "shortdesc": "The page on which this page item appears.",
          "datatype": {
            "type": "Page"
          }
        },
        {
          "name": "timingSettings",
          "rwaccess": "readonly",
          "shortdesc": "The object timing settings.",
          "datatype": {
            "type": "TimingSetting"
          }
        },
        {
          "name": "allArticles",
          "rwaccess": "readonly",
          "shortdesc": "The list of all articles this page item is part of",
          "datatype": {
            "type": "Article",
            "array": true
          }
        },
        {
          "name": "id",
          "rwaccess": "readonly",
          "shortdesc": "The unique ID of the Image.",
          "datatype": {
            "type": "number"
          }
        },
        {
          "name": "isValid",
          "rwaccess": "readonly",
          "shortdesc": "Returns true if the object specifier resolves to valid objects.",
          "datatype": {
            "type": "bool"
          }
        },
        {
          "name": "parent",
          "rwaccess": "readonly",
          "shortdesc": "The parent of the Image &amp;&#35;40;a XMLElement, Sound, PlaceGun, Movie, TextBox, SignatureField, ComboBox, ListBox, SplineItem, Polygon, GraphicLine, Rectangle, Oval, State or Snippet&#41;.",
          "datatype": {
            "type": "mixed"
          }
        },
        {
          "name": "index",
          "rwaccess": "readonly",
          "shortdesc": "The index of the Image within its containing object.",
          "datatype": {
            "type": "number"
          }
        },
        {
          "name": "preferences",
          "rwaccess": "readonly",
          "shortdesc": "A collection of preferences objects.",
          "datatype": {
            "type": "Preferences"
          }
        },
        {
          "name": "events",
          "rwaccess": "readonly",
          "shortdesc": "A collection of events.",
          "datatype": {
            "type": "Events"
          }
        },
        {
          "name": "eventListeners",
          "rwaccess": "readonly",
          "shortdesc": "A collection of event listeners.",
          "datatype": {
            "type": "EventListeners"
          }
        },
        {
          "name": "fillColor",
          "shortdesc": "The swatch &amp;&#35;40;color, gradient, tint, or mixed ink&#41; applied to the fill of the Image. . Can also accept: String.",
          "datatype": {
            "type": "Swatch"
          }
        },
        {
          "name": "fillTint",
          "shortdesc": "The percent of tint to use in the Image&apos;s fill color. &amp;&#35;40;To specify a tint percent, use a number in the range of 0 to 100; to use the inherited or overridden value, use -1.&#41;",
          "datatype": {
            "type": "number"
          }
        },
        {
          "name": "overprintFill",
          "shortdesc": "If true, the Image&apos;s fill color overprints any underlying objects. If false, the fill color knocks out the underlying colors.",
          "datatype": {
            "type": "bool"
          }
        },
        {
          "name": "nonprinting",
          "shortdesc": "If true, the Image does not print.",
          "datatype": {
            "type": "bool"
          }
        },
        {
          "name": "profile",
          "shortdesc": "The color profile. Can return: Profile enumerator or String.",
          "datatype": {
            "type": "mixed"
          }
        },
        {
          "name": "imageRenderingIntent",
          "shortdesc": "The rendering intent override applied to the image.",
          "datatype": {
            "type": "RenderingIntent"
          }
        },
        {
          "name": "allowOverrides",
          "shortdesc": "If true, the master page item can be overridden.",
          "datatype": {
            "type": "bool"
          }
        },
        {
          "name": "geometricBounds",
          "shortdesc": "The bounds of the Image excluding the stroke width, in the format [y1, x1, y2, x2], which give the coordinates of the top-left and bottom-right corners of the bounding box.",
          "datatype": {
            "type": "Measurement Unit &amp;&#35;40;Number or String&#41;=any",
            "array": true
          }
        },
        {
          "name": "visibleBounds",
          "shortdesc": "The bounds of the Image including the stroke width, in the format [y1, x1, y2, x2], which give the coordinates of the top-left and bottom-right corners of the bounding box.",
          "datatype": {
            "type": "Measurement Unit &amp;&#35;40;Number or String&#41;=any",
            "array": true
          }
        },
        {
          "name": "localDisplaySetting",
          "shortdesc": "Display performance options for the Image.",
          "datatype": {
            "type": "DisplaySettingOptions"
          }
        },
        {
          "name": "rotationAngle",
          "shortdesc": "The rotatation angle of the Image. &amp;&#35;40;Range: -360 to 360&#41;",
          "datatype": {
            "type": "number"
          }
        },
        {
          "name": "shearAngle",
          "shortdesc": "The skewing angle applied to the Image. &amp;&#35;40;Range: -360 to 360&#41;",
          "datatype": {
            "type": "number"
          }
        },
        {
          "name": "horizontalScale",
          "shortdesc": "The horizontal scaling applied to the Image.",
          "datatype": {
            "type": "number"
          }
        },
        {
          "name": "verticalScale",
          "shortdesc": "The vertical scaling applied to the Image.",
          "datatype": {
            "type": "number"
          }
        },
        {
          "name": "absoluteRotationAngle",
          "shortdesc": "The rotation angle of the Image relative to its containing object. &amp;&#35;40;Range: -360 to 360&#41;",
          "datatype": {
            "type": "number"
          }
        },
        {
          "name": "absoluteShearAngle",
          "shortdesc": "The skewing angle of the Image relative to its containing object. &amp;&#35;40;Range: -360 to 360&#41;",
          "datatype": {
            "type": "number"
          }
        },
        {
          "name": "absoluteHorizontalScale",
          "shortdesc": "The horizontal scale of the Image relative to its containing object.",
          "datatype": {
            "type": "number"
          }
        },
        {
          "name": "absoluteVerticalScale",
          "shortdesc": "The vertical scale of the Image relative to its containing object.",
          "datatype": {
            "type": "number"
          }
        },
        {
          "name": "appliedObjectStyle",
          "shortdesc": "The object style applied to the Image.",
          "datatype": {
            "type": "ObjectStyle"
          }
        },
        {
          "name": "flip",
          "shortdesc": "The direction in which to flip the printed image.",
          "datatype": {
            "type": "Flip"
          }
        },
        {
          "name": "absoluteFlip",
          "shortdesc": "Indicates whether the Image has been flipped independently of its parent object and, if yes, the direction in which the Image was flipped.",
          "datatype": {
            "type": "Flip"
          }
        },
        {
          "name": "horizontalLayoutConstraints",
          "shortdesc": "The left margin, width, and right margin constraints this item is subject to when using the object-based layout rule.",
          "datatype": {
            "type": "DimensionsConstraints",
            "array": true
          }
        },
        {
          "name": "verticalLayoutConstraints",
          "shortdesc": "The top margin, height, and bottom margin constraints this item is subject to when using the object-based layout rule.",
          "datatype": {
            "type": "DimensionsConstraints",
            "array": true
          }
        },
        {
          "name": "strokeWeight",
          "shortdesc": "The weight &amp;&#35;40;in points&#41; to apply to the Image&apos;s stroke.",
          "datatype": {
            "type": "Measurement Unit &amp;&#35;40;Number or String&#41;=any"
          }
        },
        {
          "name": "miterLimit",
          "shortdesc": "The limit of the ratio of stroke width to miter length before a miter &amp;&#35;40;pointed&#41; join becomes a bevel (squared-off) join.",
          "datatype": {
            "type": "number",
            "min": 1,
            "max": 500,
            "value": 4
          }
        },
        {
          "name": "endCap",
          "shortdesc": "The end shape of an open path.",
          "datatype": {
            "type": "EndCap"
          }
        },
        {
          "name": "endJoin",
          "shortdesc": "The corner join applied to the Image.",
          "datatype": {
            "type": "EndJoin"
          }
        },
        {
          "name": "strokeType",
          "shortdesc": "The name of the stroke style to apply. Can also accept: String.",
          "datatype": {
            "type": "StrokeStyle"
          }
        },
        {
          "name": "strokeCornerAdjustment",
          "shortdesc": "The corner adjustment applied to the Image.",
          "datatype": {
            "type": "StrokeCornerAdjustment"
          }
        },
        {
          "name": "strokeDashAndGap",
          "shortdesc": "The dash and gap measurements that define the pattern of a custom dashed line. Define up to six values &amp;&#35;40;in points&#41; in the format [dash1, gap1, dash2, gap2, dash3, gap3].",
          "datatype": {
            "type": "Measurement Unit &amp;&#35;40;Number or String&#41;=any",
            "array": true
          }
        },
        {
          "name": "leftLineEnd",
          "shortdesc": "The arrowhead applied to the start of the path.",
          "datatype": {
            "type": "ArrowHead"
          }
        },
        {
          "name": "rightLineEnd",
          "shortdesc": "The arrowhead applied to the end of the path.",
          "datatype": {
            "type": "ArrowHead"
          }
        },
        {
          "name": "strokeColor",
          "shortdesc": "The swatch &amp;&#35;40;color, gradient, tint, or mixed ink&#41; applied to the stroke of the Image. Can also accept: String.",
          "datatype": {
            "type": "Swatch"
          }
        },
        {
          "name": "strokeTint",
          "shortdesc": "The percent of tint to use in object&apos;s stroke color. &amp;&#35;40;To specify a tint percent, use a number in the range of 0 to 100; to use the inherited or overridden value, use -1.&#41;",
          "datatype": {
            "type": "number"
          }
        },
        {
          "name": "gradientFillStart",
          "shortdesc": "The starting point &amp;&#35;40;in page coordinates&#41; of a gradient applied to the fill of the Image, in the format [x, y].",
          "datatype": {
            "type": "Measurement Unit &amp;&#35;40;Number or String&#41;=any",
            "array": true
          }
        },
        {
          "name": "gradientFillLength",
          "shortdesc": "The length &amp;&#35;40;for a linear gradient&#41; or radius (for a radial gradient) applied to the fill of the Image.",
          "datatype": {
            "type": "Measurement Unit &amp;&#35;40;Number or String&#41;=any"
          }
        },
        {
          "name": "gradientFillAngle",
          "shortdesc": "The angle of a linear gradient applied to the fill of the Image. &amp;&#35;40;Range: -180 to 180&#41;",
          "datatype": {
            "type": "number"
          }
        },
        {
          "name": "gradientStrokeStart",
          "shortdesc": "The starting point &amp;&#35;40;in page coordinates&#41; of a gradient applied to the stroke of the Image, in the format [x, y].",
          "datatype": {
            "type": "Measurement Unit &amp;&#35;40;Number or String&#41;=any",
            "array": true
          }
        },
        {
          "name": "gradientStrokeLength",
          "shortdesc": "The length &amp;&#35;40;for a linear gradient&#41; or radius (for a radial gradient) applied to the stroke of the Image.",
          "datatype": {
            "type": "Measurement Unit &amp;&#35;40;Number or String&#41;=any"
          }
        },
        {
          "name": "gradientStrokeAngle",
          "shortdesc": "The angle of a linear gradient applied to the stroke of the Image. &amp;&#35;40;Range: -180 to 180&#41;",
          "datatype": {
            "type": "number"
          }
        },
        {
          "name": "overprintStroke",
          "shortdesc": "If true, the Image&apos;s stroke color overprints any underlying objects. If false, the stroke color knocks out the  underlying colors.",
          "datatype": {
            "type": "bool"
          }
        },
        {
          "name": "gapColor",
          "shortdesc": "The swatch &amp;&#35;40;color, gradient, tint, or mixed ink&#41; applied to the gap of a dashed, dotted, or striped stroke. For information, see stroke type.",
          "datatype": {
            "type": "Swatch"
          }
        },
        {
          "name": "gapTint",
          "shortdesc": "The tint as a percentage of the gap color. &amp;&#35;40;To specify a tint percent, use a number in the range of 0 to 100; to use the inherited or overridden value, use -1.&#41;",
          "datatype": {
            "type": "number"
          }
        },
        {
          "name": "overprintGap",
          "shortdesc": "If true, the gap color overprints any underlying colors. If false, the gap color knocks out the underlying colors.",
          "datatype": {
            "type": "bool"
          }
        },
        {
          "name": "strokeAlignment",
          "shortdesc": "The stroke alignment applied to the Image.",
          "datatype": {
            "type": "StrokeAlignment"
          }
        },
        {
          "name": "itemLayer",
          "shortdesc": "The layer that the Image is on.",
          "datatype": {
            "type": "Layer"
          }
        },
        {
          "name": "locked",
          "shortdesc": "If true, the Image is locked.",
          "datatype": {
            "type": "bool"
          }
        },
        {
          "name": "visible",
          "shortdesc": "If true, the Image is visible.",
          "datatype": {
            "type": "bool"
          }
        },
        {
          "name": "name",
          "shortdesc": "The name of the Image.",
          "datatype": {
            "type": "string"
          }
        },
        {
          "name": "topLeftCornerOption",
          "shortdesc": "The shape to be applied to the top left corner of rectangular shapes and all corners of non-rectangular shapes.Note: corner option differs from end join in which you can set a radius for a corner option, whereas the rounded or beveled effect of an end join depends on the stroke weight.",
          "datatype": {
            "type": "CornerOptions"
          }
        },
        {
          "name": "topRightCornerOption",
          "shortdesc": "The shape to apply to the top right corner of rectangular shapes",
          "datatype": {
            "type": "CornerOptions"
          }
        },
        {
          "name": "bottomLeftCornerOption",
          "shortdesc": "The shape to apply to the bottom left corner of rectangular shapes.",
          "datatype": {
            "type": "CornerOptions"
          }
        },
        {
          "name": "bottomRightCornerOption",
          "shortdesc": "The shape to apply to the bottom right corner of rectangular shapes.",
          "datatype": {
            "type": "CornerOptions"
          }
        },
        {
          "name": "topLeftCornerRadius",
          "shortdesc": "The radius in measurement units of the corner effect applied to the top left corner of rectangular shapes and all corners of non-rectangular shapes",
          "datatype": {
            "type": "Measurement Unit &amp;&#35;40;Number or String&#41;=any"
          }
        },
        {
          "name": "topRightCornerRadius",
          "shortdesc": "The radius in measurement units of the corner effect applied to the top right corner of rectangular shapes",
          "datatype": {
            "type": "Measurement Unit &amp;&#35;40;Number or String&#41;=any"
          }
        },
        {
          "name": "bottomLeftCornerRadius",
          "shortdesc": "The radius in measurement units of the corner effect applied to the bottom left corner of rectangular shapes",
          "datatype": {
            "type": "Measurement Unit &amp;&#35;40;Number or String&#41;=any"
          }
        },
        {
          "name": "bottomRightCornerRadius",
          "shortdesc": "The radius in measurement units of the corner effect applied to the bottom right corner of rectangular shapes",
          "datatype": {
            "type": "Measurement Unit &amp;&#35;40;Number or String&#41;=any"
          }
        },
        {
          "name": "label",
          "shortdesc": "A property that can be set to any string.",
          "datatype": {
            "type": "string"
          }
        },
        {
          "name": "properties",
          "shortdesc": "A property that allows setting of several properties at the same time.",
          "datatype": {
            "type": "Object"
          }
        }
      ],
      "method": [
        {
          "name": "findObject",
          "shortdesc": "Finds objects that match the find what value.",
          "parameters": {
            "parameter": [
              {
                "name": "reverseOrder",
                "shortdesc": "If true, returns the results in reverse order. &amp;&#35;40;Optional&#41;",
                "datatype": {
                  "type": "bool"
                }
              }
            ]
          },
          "datatype": {
            "type": "PageItem",
            "array": {}
          }
        },
        {
          "name": "changeObject",
          "shortdesc": "Finds objects that match the find what value and replace the objects with the change to value.",
          "parameters": {
            "parameter": [
              {
                "name": "reverseOrder",
                "shortdesc": "If true, returns the results in reverse order. &amp;&#35;40;Optional&#41;",
                "datatype": {
                  "type": "bool"
                }
              }
            ]
          },
          "datatype": {
            "type": "PageItem",
            "array": {}
          }
        },
        {
          "name": "store",
          "shortdesc": "Stores the object in the specified library.",
          "parameters": {
            "parameter": [
              {
                "name": "using",
                "shortdesc": "The library in which to store the object.",
                "datatype": {
                  "type": "Library"
                }
              },
              {
                "name": "withProperties",
                "shortdesc": "Initial values for properties of the new Image &amp;&#35;40;Optional&#41;",
                "datatype": {
                  "type": "Object"
                }
              }
            ]
          },
          "datatype": {
            "type": "Asset"
          }
        },
        {
          "name": "placeXML",
          "shortdesc": "Places XML content into the specified object. Note: Replaces any existing content.",
          "parameters": {
            "parameter": [
              {
                "name": "using",
                "shortdesc": "The XML element whose content you want to place.",
                "datatype": {
                  "type": "XMLElement"
                }
              }
            ]
          }
        },
        {
          "name": "autoTag",
          "shortdesc": "Tag the object or the parent story using default tags defined in XML preference."
        },
        {
          "name": "markup",
          "shortdesc": "Associates the page item with the specified XML element while preserving existing content.",
          "parameters": {
            "parameter": [
              {
                "name": "using",
                "shortdesc": "The XML element.",
                "datatype": {
                  "type": "XMLElement"
                }
              }
            ]
          }
        },
        {
          "name": "exportForWeb",
          "shortdesc": "Exports the Image for the web.",
          "parameters": {
            "parameter": [
              {
                "name": "to",
                "shortdesc": "The full path name of the exported file.",
                "datatype": {
                  "type": "File"
                }
              }
            ]
          },
          "datatype": {
            "type": "string",
            "array": {}
          }
        },
        {
          "name": "place",
          "shortdesc": "Places the file.",
          "parameters": {
            "parameter": [
              {
                "name": "fileName",
                "shortdesc": "The file to place",
                "datatype": {
                  "type": "File"
                }
              },
              {
                "name": "showingOptions",
                "optional": true,
                "shortdesc": "Whether to display the import options dialog &amp;&#35;40;Optional&#41;",
                "datatype": {
                  "type": "bool",
                  "value": false
                }
              },
              {
                "name": "withProperties",
                "shortdesc": "Initial values for properties of the placed object&amp;&#35;40;s&#41; (Optional)",
                "datatype": {
                  "type": "Object"
                }
              }
            ]
          },
          "datatype": {
            "type": "varies=any",
            "array": {}
          }
        },
        {
          "name": "override",
          "shortdesc": "Overrides a master page item and places the item on the document page as a new object.",
          "parameters": {
            "parameter": [
              {
                "name": "destinationPage",
                "shortdesc": "The document page that contains the master page item to override.",
                "datatype": {
                  "type": "Page"
                }
              }
            ]
          },
          "datatype": {
            "type": "varies=any"
          }
        },
        {
          "name": "removeOverride",
          "shortdesc": "Removes the override from a previously overridden master page item."
        },
        {
          "name": "detach",
          "shortdesc": "Detaches an overridden master page item from the master page."
        },
        {
          "name": "remove",
          "shortdesc": "Deletes the Image."
        },
        {
          "name": "fit",
          "shortdesc": "Applies the specified fit option to content in a frame.",
          "parameters": {
            "parameter": [
              {
                "name": "given",
                "shortdesc": "The fit option to use.",
                "datatype": {
                  "type": "FitOptions"
                }
              }
            ]
          }
        },
        {
          "name": "flipItem",
          "shortdesc": "Flips the Image.",
          "parameters": {
            "parameter": [
              {
                "name": "given",
                "shortdesc": "The axis around which to flip the Image.",
                "datatype": {
                  "type": "Flip"
                }
              },
              {
                "name": "around",
                "shortdesc": "The point around which to flip the Image. Can accept: Array of 2 Units or AnchorPoint enumerator. &amp;&#35;40;Optional&#41;",
                "datatype": {
                  "type": "mixed"
                }
              }
            ]
          }
        },
        {
          "name": "duplicate",
          "shortdesc": "Duplicates the Image at the specified location or offset.",
          "parameters": {
            "parameter": [
              {
                "name": "to",
                "shortdesc": "The location of the new Image, specified in coordinates in the format [x, y]. Can accept: Array of 2 Units, Spread, Page or Layer. &amp;&#35;40;Optional&#41;",
                "datatype": {
                  "type": "mixed"
                }
              },
              {
                "name": "by",
                "shortdesc": "Amount by which to offset the new Image from the original Image&apos;s position. &amp;&#35;40;Optional&#41;",
                "datatype": {
                  "type": "Measurement Unit &amp;&#35;40;Number or String&#41;=any",
                  "array": {}
                }
              }
            ]
          },
          "datatype": {
            "type": "PageItem"
          }
        },
        {
          "name": "move",
          "shortdesc": "Moves the Image to a new location. Note: Either the &apos;to' or 'by' parameter is required; if both parameters are defined, only the to value is used.",
          "parameters": {
            "parameter": [
              {
                "name": "to",
                "shortdesc": "The new location of the Image,in the format &amp;&#35;40;x, y&#41;. Can accept: Array of 2 Units, Spread, Page or Layer. (Optional)",
                "datatype": {
                  "type": "mixed"
                }
              },
              {
                "name": "by",
                "shortdesc": "The amount &amp;&#35;40;in measurement units&#41; to move the Image relative to its current position, in the format (x, y). (Optional)",
                "datatype": {
                  "type": "Measurement Unit &amp;&#35;40;Number or String&#41;=any",
                  "array": {}
                }
              }
            ]
          }
        },
        {
          "name": "applyObjectStyle",
          "shortdesc": "Applies the specified object style.",
          "parameters": {
            "parameter": [
              {
                "name": "using",
                "shortdesc": "The object style to apply.",
                "datatype": {
                  "type": "ObjectStyle"
                }
              },
              {
                "name": "clearingOverrides",
                "optional": true,
                "shortdesc": "If true, clears the Image&apos;s existing attributes before applying the style. &amp;&#35;40;Optional&#41;",
                "datatype": {
                  "type": "bool",
                  "value": true
                }
              },
              {
                "name": "clearingOverridesThroughRootObjectStyle",
                "optional": true,
                "shortdesc": "If true, clears attributes and formatting applied to the Image that are not defined in the object style. &amp;&#35;40;Optional&#41;",
                "datatype": {
                  "type": "bool",
                  "value": false
                }
              }
            ]
          }
        },
        {
          "name": "clearObjectStyleOverrides",
          "shortdesc": "Clear overrides for object style"
        },
        {
          "name": "transform",
          "shortdesc": "Transform the page item.",
          "parameters": {
            "parameter": [
              {
                "name": "in",
                "shortdesc": "The coordinate space to use",
                "datatype": {
                  "type": "CoordinateSpaces"
                }
              },
              {
                "name": "from",
                "shortdesc": "The temporary origin during the transformation. Can accept: Array of 2 Reals, AnchorPoint enumerator or Array of Arrays of 2 Reals, CoordinateSpaces enumerators, AnchorPoint enumerators, BoundingBoxLimits enumerators or Long Integers.",
                "datatype": {
                  "type": "mixed"
                }
              },
              {
                "name": "withMatrix",
                "shortdesc": "Transform matrix. Can accept: Array of 6 Reals or TransformationMatrix.",
                "datatype": {
                  "type": "mixed"
                }
              },
              {
                "name": "replacingCurrent",
                "shortdesc": "Transform components to consider; providing this optional parameter causes the target&apos;s existing transform components to be replaced with new values.  Without this parameter, the given matrix is concatenated onto the target's existing transform combining the effect of the two. Can accept: MatrixContent enumerator, Array of MatrixContent enumerators or Long Integer. &amp;&#35;40;Optional&#41;",
                "datatype": {
                  "type": "mixed"
                }
              },
              {
                "name": "consideringRulerUnits",
                "optional": true,
                "shortdesc": "If true then a ruler based origin is interpreted using ruler units rather than points. The default value is false. This parameter has no effect unless the reference point is specified relative to a page. &amp;&#35;40;Optional&#41;",
                "datatype": {
                  "type": "bool",
                  "value": false
                }
              }
            ]
          }
        },
        {
          "name": "transformValuesOf",
          "shortdesc": "Get the transformation values of the page item.",
          "parameters": {
            "parameter": [
              {
                "name": "in",
                "shortdesc": "The coordinate space to use",
                "datatype": {
                  "type": "CoordinateSpaces"
                }
              }
            ]
          },
          "datatype": {
            "type": "TransformationMatrix",
            "array": {}
          }
        },
        {
          "name": "resolve",
          "shortdesc": "Get the coordinates of the given location in the specified coordinate system.",
          "parameters": {
            "parameter": [
              {
                "name": "location",
                "shortdesc": "The location requested. Can accept: Array of 2 Reals, AnchorPoint enumerator or Array of Arrays of 2 Reals, CoordinateSpaces enumerators, AnchorPoint enumerators, BoundingBoxLimits enumerators or Long Integers.",
                "datatype": {
                  "type": "mixed"
                }
              },
              {
                "name": "in",
                "shortdesc": "The coordinate space to use.",
                "datatype": {
                  "type": "CoordinateSpaces"
                }
              },
              {
                "name": "consideringRulerUnits",
                "optional": true,
                "shortdesc": "If true then a ruler location is interpreted using ruler units rather than points. The default value is false. This parameter has no effect unless the reference point is specified relative to a page. &amp;&#35;40;Optional&#41;",
                "datatype": {
                  "type": "bool",
                  "value": false
                }
              }
            ]
          },
          "datatype": {
            "type": "varies=any"
          }
        },
        {
          "name": "redefineScaling",
          "shortdesc": "Apply an item&apos;s scaling to its content if possible.",
          "parameters": {
            "parameter": [
              {
                "name": "to",
                "shortdesc": "The scale factors to be left on the item.  The default is {1.0, 1.0}. &amp;&#35;40;Optional&#41;",
                "datatype": {
                  "type": "number",
                  "array": {}
                }
              }
            ]
          }
        },
        {
          "name": "resize",
          "shortdesc": "Resize the page item.",
          "parameters": {
            "parameter": [
              {
                "name": "in",
                "shortdesc": "The bounding box to resize. Can accept: CoordinateSpaces enumerator, BoundingBoxLimits enumerator or Ordered array containing coordinateSpace:CoordinateSpaces enumerator, boundsKind:BoundingBoxLimits enumerator.",
                "datatype": {
                  "type": "mixed"
                }
              },
              {
                "name": "from",
                "shortdesc": "The transform origin. Legal specifications: relative to bounding box: anchor | {anchor | {x,y}, bounds kind [, coordinate space]}; relative to coordinate space: {x,y} | {{x,y}[, coordinate space]}; relative to layout window ruler: {{x,y}, page index | bounds kind}. Can accept: Array of 2 Reals, AnchorPoint enumerator or Array of Arrays of 2 Reals, CoordinateSpaces enumerators, AnchorPoint enumerators, BoundingBoxLimits enumerators or Long Integers.",
                "datatype": {
                  "type": "mixed"
                }
              },
              {
                "name": "by",
                "shortdesc": "How the current dimensions are affected by the given values",
                "datatype": {
                  "type": "ResizeMethods"
                }
              },
              {
                "name": "values",
                "shortdesc": "The width and height values. Legal dimensions specifications: {x, y [, coordinate space]}, {x, resize constraint [, coordinate space]}, or {resize constraint, y [, coordinate space]}; where x and y are real numbers and coordinate space is used to determine _only_ the unit of length for x and y; coordinate space is ignored for the &apos;current dimensions times' resize method&amp;&#35;41;. Can accept: Array of Reals, ResizeConstraints enumerators or CoordinateSpaces enumerators.",
                "datatype": {
                  "type": "mixed",
                  "array": {}
                }
              },
              {
                "name": "resizeIndividually",
                "optional": true,
                "shortdesc": "If false and multiple page items are targeted, the new dimensions are attained only by moving the individual items rather than resizing them. &amp;&#35;40;Optional&#41;",
                "datatype": {
                  "type": "bool",
                  "value": true
                }
              },
              {
                "name": "consideringRulerUnits",
                "optional": true,
                "shortdesc": "If true then a ruler location is interpreted using ruler units rather than points. The default value is false. This parameter has no effect unless the reference point is specified relative to a page. &amp;&#35;40;Optional&#41;",
                "datatype": {
                  "type": "bool",
                  "value": false
                }
              }
            ]
          }
        },
        {
          "name": "reframe",
          "shortdesc": "Move the bounding box of the page item",
          "parameters": {
            "parameter": [
              {
                "name": "in",
                "shortdesc": "The bounding box to resize. Can accept: CoordinateSpaces enumerator or Ordered array containing coordinateSpace:CoordinateSpaces enumerator, boundsKind:BoundingBoxLimits enumerator.",
                "datatype": {
                  "type": "mixed"
                }
              },
              {
                "name": "opposingCorners",
                "shortdesc": "Opposing corners of new bounding box in the given coordinate space",
                "datatype": {
                  "type": "mixed",
                  "array": {}
                }
              }
            ]
          }
        },
        {
          "name": "transformAgain",
          "shortdesc": "Transforms the Image using the last transformation performed on any object. Transformations include moving, rotating, shearing, scaling, and flipping.",
          "datatype": {
            "type": "string",
            "array": {}
          }
        },
        {
          "name": "transformSequenceAgain",
          "shortdesc": "Transforms the Image using the last sequence of transform operations performed on any single object or performed at the same time on any group of objects. Transformations include moving, rotating, shearing, scaling, and flipping.",
          "datatype": {
            "type": "string",
            "array": {}
          }
        },
        {
          "name": "transformAgainIndividually",
          "shortdesc": "Transforms the Image using the last transformation performed on any Image. Transformations include moving, rotating, shearing, scaling, and flipping.",
          "datatype": {
            "type": "string",
            "array": {}
          }
        },
        {
          "name": "transformSequenceAgainIndividually",
          "shortdesc": "Transforms the Image using the last sequence of transformations performed on any single object or performed at the same time on any group of objects. Transformations include moving, rotating, shearing, scaling, and flipping.",
          "datatype": {
            "type": "string",
            "array": {}
          }
        },
        {
          "name": "createPlainTextQRCode",
          "shortdesc": "Create Plain Text QR Code on the page item",
          "parameters": {
            "parameter": [
              {
                "name": "plainText",
                "shortdesc": "QR code Plain Text  &amp;&#35;40;Optional&#41;",
                "datatype": {
                  "type": "string"
                }
              },
              {
                "name": "qrCodeSwatch",
                "shortdesc": "Swatch to be applied on generated QR Code Graphic . Can accept: Swatch or String. &amp;&#35;40;Optional&#41;",
                "datatype": {
                  "type": "mixed"
                }
              },
              {
                "name": "withProperties",
                "shortdesc": "Initial values for properties of the new Image. Above parameters can also be passed as properties &amp;&#35;40;Optional&#41;",
                "datatype": {
                  "type": "string",
                  "array": {}
                }
              }
            ]
          }
        },
        {
          "name": "createHyperlinkQRCode",
          "shortdesc": "Create Hyperlink QR Code on the page item or document",
          "parameters": {
            "parameter": [
              {
                "name": "urlLink",
                "shortdesc": "QR code Hyperlink URL  &amp;&#35;40;Optional&#41;",
                "datatype": {
                  "type": "string"
                }
              },
              {
                "name": "qrCodeSwatch",
                "shortdesc": "Swatch to be applied on generated QR Code Graphic . Can accept: Swatch or String. &amp;&#35;40;Optional&#41;",
                "datatype": {
                  "type": "mixed"
                }
              },
              {
                "name": "withProperties",
                "shortdesc": "Initial values for properties of the new Image. Above parameters can also be passed as properties &amp;&#35;40;Optional&#41;",
                "datatype": {
                  "type": "string",
                  "array": {}
                }
              }
            ]
          }
        },
        {
          "name": "createTextMsgQRCode",
          "shortdesc": "Create Text Msg QR Code on the page item or document",
          "parameters": {
            "parameter": [
              {
                "name": "cellNumber",
                "shortdesc": "QR code Text Phone Number &amp;&#35;40;Optional&#41;",
                "datatype": {
                  "type": "string"
                }
              },
              {
                "name": "textMessage",
                "shortdesc": "QR code Text Message &amp;&#35;40;Optional&#41;",
                "datatype": {
                  "type": "string"
                }
              },
              {
                "name": "qrCodeSwatch",
                "shortdesc": "Swatch to be applied on generated QR Code Graphic . Can accept: Swatch or String. &amp;&#35;40;Optional&#41;",
                "datatype": {
                  "type": "mixed"
                }
              },
              {
                "name": "withProperties",
                "shortdesc": "Initial values for properties of the new Image. Above parameters can also be passed as properties &amp;&#35;40;Optional&#41;",
                "datatype": {
                  "type": "string",
                  "array": {}
                }
              }
            ]
          }
        },
        {
          "name": "createEmailQRCode",
          "shortdesc": "Create Email QR Code on the page item or document",
          "parameters": {
            "parameter": [
              {
                "name": "emailAddress",
                "shortdesc": "QR code Email Address &amp;&#35;40;Optional&#41;",
                "datatype": {
                  "type": "string"
                }
              },
              {
                "name": "subject",
                "shortdesc": "QR code Email Subject &amp;&#35;40;Optional&#41;",
                "datatype": {
                  "type": "string"
                }
              },
              {
                "name": "body",
                "shortdesc": "QR code Email Body Message &amp;&#35;40;Optional&#41;",
                "datatype": {
                  "type": "string"
                }
              },
              {
                "name": "qrCodeSwatch",
                "shortdesc": "Swatch to be applied on generated QR Code Graphic . Can accept: Swatch or String. &amp;&#35;40;Optional&#41;",
                "datatype": {
                  "type": "mixed"
                }
              },
              {
                "name": "withProperties",
                "shortdesc": "Initial values for properties of the new Image. Above parameters can also be passed as properties &amp;&#35;40;Optional&#41;",
                "datatype": {
                  "type": "string",
                  "array": {}
                }
              }
            ]
          }
        },
        {
          "name": "createVCardQRCode",
          "shortdesc": "Create Business Card QR Code on the page item or load on document&apos;s placegun",
          "parameters": {
            "parameter": [
              {
                "name": "firstName",
                "shortdesc": "QR code Business Card First Name &amp;&#35;40;Optional&#41;",
                "datatype": {
                  "type": "string"
                }
              },
              {
                "name": "lastName",
                "shortdesc": "QR code Business Card Last Name &amp;&#35;40;Optional&#41;",
                "datatype": {
                  "type": "string"
                }
              },
              {
                "name": "jobTitle",
                "shortdesc": "QR code Business Card Title &amp;&#35;40;Optional&#41;",
                "datatype": {
                  "type": "string"
                }
              },
              {
                "name": "cellPhone",
                "shortdesc": "QR code Business Card Cell Phone Number &amp;&#35;40;Optional&#41;",
                "datatype": {
                  "type": "string"
                }
              },
              {
                "name": "phone",
                "shortdesc": "QR code Business Card Phone Number &amp;&#35;40;Optional&#41;",
                "datatype": {
                  "type": "string"
                }
              },
              {
                "name": "email",
                "shortdesc": "QR code Business Card Email Address &amp;&#35;40;Optional&#41;",
                "datatype": {
                  "type": "string"
                }
              },
              {
                "name": "organisation",
                "shortdesc": "QR code Business Card Organisation &amp;&#35;40;Optional&#41;",
                "datatype": {
                  "type": "string"
                }
              },
              {
                "name": "streetAddress",
                "shortdesc": "QR code Business Card Street Address &amp;&#35;40;Optional&#41;",
                "datatype": {
                  "type": "string"
                }
              },
              {
                "name": "city",
                "shortdesc": "QR code Business Card City &amp;&#35;40;Optional&#41;",
                "datatype": {
                  "type": "string"
                }
              },
              {
                "name": "country",
                "shortdesc": "QR code Business Card Country &amp;&#35;40;Optional&#41;",
                "datatype": {
                  "type": "string"
                }
              },
              {
                "name": "postalCode",
                "shortdesc": "QR code Business Card Postal Code &amp;&#35;40;Optional&#41;",
                "datatype": {
                  "type": "string"
                }
              },
              {
                "name": "website",
                "shortdesc": "QR code Business Card URL &amp;&#35;40;Optional&#41;",
                "datatype": {
                  "type": "string"
                }
              },
              {
                "name": "qrCodeSwatch",
                "shortdesc": "Swatch to be applied on generated QR Code Graphic . Can accept: Swatch or String. &amp;&#35;40;Optional&#41;",
                "datatype": {
                  "type": "mixed"
                }
              },
              {
                "name": "withProperties",
                "shortdesc": "Initial values for properties of the new Image. Above parameters can also be passed as properties &amp;&#35;40;Optional&#41;",
                "datatype": {
                  "type": "string",
                  "array": {}
                }
              }
            ]
          }
        },
        {
          "name": "exportFile",
          "shortdesc": "Exports the object&amp;&#35;40;s&#41; to a file.",
          "parameters": {
            "parameter": [
              {
                "name": "format",
                "shortdesc": "The export format, specified as an enumeration value or as an extension that appears in the Save as type or Format menu in the Export dialog. Can accept: ExportFormat enumerator or String.",
                "datatype": {
                  "type": "mixed"
                }
              },
              {
                "name": "to",
                "shortdesc": "The path to the export file.",
                "datatype": {
                  "type": "File"
                }
              },
              {
                "name": "showingOptions",
                "optional": true,
                "shortdesc": "If true, displays the export options dialog. &amp;&#35;40;Optional&#41;",
                "datatype": {
                  "type": "bool",
                  "value": false
                }
              },
              {
                "name": "using",
                "shortdesc": "The export style. &amp;&#35;40;Optional&#41;",
                "datatype": {
                  "type": "PDFExportPreset"
                }
              },
              {
                "name": "versionComments",
                "shortdesc": "The comment for this version. &amp;&#35;40;Optional&#41;",
                "datatype": {
                  "type": "string"
                }
              },
              {
                "name": "forceSave",
                "optional": true,
                "shortdesc": "If true, forcibly saves a version. &amp;&#35;40;Optional&#41;",
                "datatype": {
                  "type": "bool",
                  "value": false
                }
              }
            ]
          }
        },
        {
          "name": "asynchronousExportFile",
          "shortdesc": "asynchronously exports the object&amp;&#35;40;s&#41; to a file.",
          "parameters": {
            "parameter": [
              {
                "name": "format",
                "shortdesc": "The export format, specified as an enumeration value or as an extension that appears in the Save as type or Format menu in the Export dialog. Can accept: ExportFormat enumerator or String.",
                "datatype": {
                  "type": "mixed"
                }
              },
              {
                "name": "to",
                "shortdesc": "The path to the export file.",
                "datatype": {
                  "type": "File"
                }
              },
              {
                "name": "showingOptions",
                "optional": true,
                "shortdesc": "If true, displays the export options dialog. &amp;&#35;40;Optional&#41;",
                "datatype": {
                  "type": "bool",
                  "value": false
                }
              },
              {
                "name": "using",
                "shortdesc": "The export style. &amp;&#35;40;Optional&#41;",
                "datatype": {
                  "type": "PDFExportPreset"
                }
              },
              {
                "name": "versionComments",
                "shortdesc": "The comment for this version. &amp;&#35;40;Optional&#41;",
                "datatype": {
                  "type": "string"
                }
              },
              {
                "name": "forceSave",
                "optional": true,
                "shortdesc": "If true, forcibly saves a version. &amp;&#35;40;Optional&#41;",
                "datatype": {
                  "type": "bool",
                  "value": false
                }
              }
            ]
          },
          "datatype": {
            "type": "BackgroundTask"
          }
        },
        {
          "name": "contentPlace",
          "shortdesc": "Duplicate an object and place it into the target page item.",
          "parameters": {
            "parameter": [
              {
                "name": "pageItems",
                "shortdesc": "One or more page items to place or load",
                "datatype": {
                  "type": "PageItem",
                  "array": {}
                }
              },
              {
                "name": "linkPageItems",
                "optional": true,
                "shortdesc": "Whether to link pageItems in content placer &amp;&#35;40;if true it will override link stories value&#41; (Optional)",
                "datatype": {
                  "type": "bool",
                  "value": false
                }
              },
              {
                "name": "linkStories",
                "optional": true,
                "shortdesc": "Whether to link stories in content placer &amp;&#35;40;only applicable for single story, pageItem links will also be created in case of more than one item&#41; (Optional)",
                "datatype": {
                  "type": "bool",
                  "value": false
                }
              },
              {
                "name": "mapStyles",
                "optional": true,
                "shortdesc": "Whether to map styles in content placer &amp;&#35;40;Optional&#41;",
                "datatype": {
                  "type": "bool",
                  "value": false
                }
              },
              {
                "name": "showingOptions",
                "optional": true,
                "shortdesc": "Whether to display the link options dialog &amp;&#35;40;Optional&#41;",
                "datatype": {
                  "type": "bool",
                  "value": false
                }
              }
            ]
          },
          "datatype": {
            "type": "varies=any",
            "array": {}
          }
        },
        {
          "name": "convertShape",
          "shortdesc": "Converts the Image to a different shape.",
          "parameters": {
            "parameter": [
              {
                "name": "given",
                "shortdesc": "The Image&apos;s new shape.",
                "datatype": {
                  "type": "ConvertShapeOptions"
                }
              },
              {
                "name": "numberOfSides",
                "shortdesc": "The number of sides for the resulting polygon. &amp;&#35;40;Range: 3 to 100&#41; (Optional)",
                "datatype": {
                  "type": "number",
                  "min": 3,
                  "max": 100
                }
              },
              {
                "name": "insetPercentage",
                "shortdesc": "The star inset percentage for the resulting polygon. &amp;&#35;40;Range: 0.0 to 100.0&#41;  (Optional)",
                "datatype": {
                  "type": "number",
                  "min": 0,
                  "max": 100
                }
              },
              {
                "name": "cornerRadius",
                "shortdesc": "The corner radius of the resulting rectangle. &amp;&#35;40;Optional&#41;",
                "datatype": {
                  "type": "Measurement Unit &amp;&#35;40;Number or String&#41;=any",
                  "min": 0,
                  "max": 800
                }
              }
            ]
          }
        },
        {
          "name": "clearTransformations",
          "shortdesc": "Clears transformations from the Image. Transformations include rotation, scaling, flipping, fitting, and shearing."
        },
        {
          "name": "select",
          "shortdesc": "Selects the object.",
          "parameters": {
            "parameter": [
              {
                "name": "existingSelection",
                "optional": true,
                "shortdesc": "The selection status of the Image in relation to previously selected objects. &amp;&#35;40;Optional&#41;",
                "datatype": {
                  "type": "SelectionOptions",
                  "value": "SelectionOptions.REPLACE_WITH"
                }
              }
            ]
          }
        },
        {
          "name": "insertLabel",
          "shortdesc": "Sets the label to the value associated with the specified key.",
          "parameters": {
            "parameter": [
              {
                "name": "key",
                "shortdesc": "The key.",
                "datatype": {
                  "type": "string"
                }
              },
              {
                "name": "value",
                "shortdesc": "The value.",
                "datatype": {
                  "type": "string"
                }
              }
            ]
          }
        },
        {
          "name": "extractLabel",
          "shortdesc": "Gets the label value associated with the specified key.",
          "parameters": {
            "parameter": [
              {
                "name": "key",
                "shortdesc": "The key.",
                "datatype": {
                  "type": "string"
                }
              }
            ]
          },
          "datatype": {
            "type": "string"
          }
        },
        {
          "name": "toSource",
          "shortdesc": "Generates a string which, if executed, will return the Image.",
          "datatype": {
            "type": "string"
          }
        },
        {
          "name": "getElements",
          "shortdesc": "Resolves the object specifier, creating an array of object references.",
          "datatype": {
            "type": "Image",
            "array": {}
          }
        },
        {
          "name": "toSpecifier",
          "shortdesc": "Retrieves the object specifier.",
          "datatype": {
            "type": "string"
          }
        },
        {
          "name": "addEventListener",
          "shortdesc": "Adds an event listener.",
          "parameters": {
            "parameter": [
              {
                "name": "eventType",
                "shortdesc": "The event type.",
                "datatype": {
                  "type": "string"
                }
              },
              {
                "name": "handler",
                "shortdesc": "The event handler. Can accept: File or JavaScript Function.",
                "datatype": {
                  "type": "mixed"
                }
              },
              {
                "name": "captures",
                "optional": true,
                "shortdesc": "This parameter is obsolete. &amp;&#35;40;Optional&#41;",
                "datatype": {
                  "type": "bool",
                  "value": false
                }
              }
            ]
          },
          "datatype": {
            "type": "EventListener"
          }
        },
        {
          "name": "removeEventListener",
          "shortdesc": "Removes the event listener.",
          "parameters": {
            "parameter": [
              {
                "name": "eventType",
                "shortdesc": "The registered event type.",
                "datatype": {
                  "type": "string"
                }
              },
              {
                "name": "handler",
                "shortdesc": "The registered event handler. Can accept: File or JavaScript Function.",
                "datatype": {
                  "type": "mixed"
                }
              },
              {
                "name": "captures",
                "optional": true,
                "shortdesc": "This parameter is obsolete. &amp;&#35;40;Optional&#41;",
                "datatype": {
                  "type": "bool",
                  "value": false
                }
              }
            ]
          },
          "datatype": {
            "type": "bool"
          }
        }
      ]
    }
  ]
}