{
  "name": "ImageConversion",
  "enumeration": true,
  "shortdesc": "File format options for converted images.",
  "elements": [
    {
      "type": "class",
      "property": [
        {
          "name": "AUTOMATIC",
          "rwaccess": "readonly",
          "shortdesc": "Uses the best format based on the image.",
          "datatype": {
            "type": "Number",
            "value": 1768059764
          }
        },
        {
          "name": "JPEG",
          "rwaccess": "readonly",
          "shortdesc": "Uses JPEG format for all images.",
          "datatype": {
            "type": "Number",
            "value": 1785751398
          }
        },
        {
          "name": "GIF",
          "rwaccess": "readonly",
          "shortdesc": "Uses GIF format for all images.",
          "datatype": {
            "type": "Number",
            "value": 1734960742
          }
        },
        {
          "name": "PNG",
          "rwaccess": "readonly",
          "shortdesc": "Uses PNG format for all images.",
          "datatype": {
            "type": "Number",
            "value": 1397059687
          }
        }
      ]
    }
  ]
}