{
  "name": "ImagePageBreakType",
  "enumeration": true,
  "shortdesc": "Image Page Break Options.",
  "elements": [
    {
      "type": "class",
      "property": [
        {
          "name": "PAGE_BREAK_BEFORE",
          "rwaccess": "readonly",
          "shortdesc": "Page break before image.",
          "datatype": {
            "type": "Number",
            "value": 1114792550
          }
        },
        {
          "name": "PAGE_BREAK_AFTER",
          "rwaccess": "readonly",
          "shortdesc": "Page break after image.",
          "datatype": {
            "type": "Number",
            "value": 1114792294
          }
        },
        {
          "name": "PAGE_BREAK_BEFORE_AND_AFTER",
          "rwaccess": "readonly",
          "shortdesc": "Page break before and after image.",
          "datatype": {
            "type": "Number",
            "value": 1114792545
          }
        }
      ]
    }
  ]
}