{
  "name": "ImportPlatform",
  "enumeration": true,
  "shortdesc": "Import platform options.",
  "elements": [
    {
      "type": "class",
      "property": [
        {
          "name": "MACINTOSH",
          "rwaccess": "readonly",
          "shortdesc": "Macintosh.",
          "datatype": {
            "type": "Number",
            "value": 1296130931
          }
        },
        {
          "name": "PC",
          "rwaccess": "readonly",
          "shortdesc": "Windows.",
          "datatype": {
            "type": "Number",
            "value": 1466852474
          }
        }
      ]
    }
  ]
}