{
  "name": "ImportedPages",
  "dynamic": true,
  "shortdesc": "Imported InDesign pages.",
  "elements": [
    {
      "type": "instance",
      "method": [
        {
          "name": "count",
          "shortdesc": "Displays the number of elements in the ImportedPage.",
          "datatype": {
            "type": "Number"
          }
        },
        {
          "name": "add",
          "shortdesc": "Creates a new ImportedPage.",
          "parameters": [
            {
              "name": "withProperties",
              "shortdesc": "Initial values for properties of the new ImportedPage &#40;Optional)",
              "datatype": {
                "type": "Object"
              }
            }
          ],
          "datatype": {
            "type": "ImportedPage"
          }
        },
        {
          "name": "item",
          "shortdesc": "Returns the ImportedPage with the specified index or name.",
          "parameters": [
            {
              "name": "index",
              "shortdesc": "The index or name. Can accept: Long Integer or String.",
              "datatype": {
                "type": "Mixed"
              }
            }
          ],
          "datatype": {
            "type": "ImportedPage"
          }
        },
        {
          "name": "itemByName",
          "shortdesc": "Returns the ImportedPage with the specified name.",
          "parameters": [
            {
              "name": "name",
              "shortdesc": "The name.",
              "datatype": {
                "type": "String"
              }
            }
          ],
          "datatype": {
            "type": "ImportedPage"
          }
        },
        {
          "name": "itemByID",
          "shortdesc": "Returns the ImportedPage with the specified ID.",
          "parameters": [
            {
              "name": "id",
              "shortdesc": "The ID.",
              "datatype": {
                "type": "Number"
              }
            }
          ],
          "datatype": {
            "type": "ImportedPage"
          }
        },
        {
          "name": "itemByRange",
          "shortdesc": "Returns the ImportedPages within the specified range.",
          "parameters": [
            {
              "name": "from",
              "shortdesc": "The ImportedPage, index, or name at the beginning of the range. Can accept: ImportedPage, Long Integer or String.",
              "datatype": {
                "type": "Mixed"
              }
            },
            {
              "name": "to",
              "shortdesc": "The ImportedPage, index, or name at the end of the range. Can accept: ImportedPage, Long Integer or String.",
              "datatype": {
                "type": "Mixed"
              }
            }
          ],
          "datatype": {
            "type": "ImportedPage",
            "array": true
          }
        },
        {
          "name": "firstItem",
          "shortdesc": "Returns the first ImportedPage in the collection.",
          "datatype": {
            "type": "ImportedPage"
          }
        },
        {
          "name": "lastItem",
          "shortdesc": "Returns the last ImportedPage in the collection.",
          "datatype": {
            "type": "ImportedPage"
          }
        },
        {
          "name": "middleItem",
          "shortdesc": "Returns the middle ImportedPage in the collection.",
          "datatype": {
            "type": "ImportedPage"
          }
        },
        {
          "name": "previousItem",
          "shortdesc": "Returns the ImportedPage with the index previous to the specified index.",
          "parameters": [
            {
              "name": "obj",
              "shortdesc": "The index of the ImportedPage that follows the desired ImportedPage.",
              "datatype": {
                "type": "ImportedPage"
              }
            }
          ],
          "datatype": {
            "type": "ImportedPage"
          }
        },
        {
          "name": "nextItem",
          "shortdesc": "Returns the ImportedPage whose index follows the specified ImportedPage in the collection.",
          "parameters": [
            {
              "name": "obj",
              "shortdesc": "The ImportedPage whose index comes before the desired ImportedPage.",
              "datatype": {
                "type": "ImportedPage"
              }
            }
          ],
          "datatype": {
            "type": "ImportedPage"
          }
        },
        {
          "name": "anyItem",
          "shortdesc": "Returns any ImportedPage in the collection.",
          "datatype": {
            "type": "ImportedPage"
          }
        },
        {
          "name": "everyItem",
          "shortdesc": "Returns every ImportedPage in the collection.",
          "datatype": {
            "type": "ImportedPage",
            "array": true
          }
        },
        {
          "name": "toSource",
          "shortdesc": "Generates a string which, if executed, will return the ImportedPage.",
          "datatype": {
            "type": "String"
          }
        },
        {
          "name": "[]",
          "shortdesc": "Returns the ImportedPage with the specified index.",
          "parameters": [
            {
              "name": "index",
              "shortdesc": "The index.",
              "datatype": {
                "type": "Number"
              }
            }
          ],
          "datatype": {
            "type": "ImportedPage"
          }
        }
      ],
      "property": [
        {
          "name": "length",
          "rwaccess": "readonly",
          "shortdesc": "The number of objects in the collection.",
          "datatype": {
            "type": "Number"
          }
        }
      ]
    }
  ]
}