{
  "name": "ImportExportEvent",
  "dynamic": true,
  "superclass": {
    "href": "#/Event",
    "$t": "Event"
  },
  "shortdesc": "An import or export event.",
  "elements": [
    {
      "type": "class",
      "property": [
        {
          "name": "BEFORE_EXPORT",
          "rwaccess": "readonly",
          "shortdesc": "Dispatched before a ImportExportEvent is exported. This event bubbles. This event is cancelable.",
          "datatype": {
            "type": "String",
            "value": "beforeExport"
          }
        },
        {
          "name": "AFTER_EXPORT",
          "rwaccess": "readonly",
          "shortdesc": "Dispatched after a ImportExportEvent is exported. This event bubbles. This event is not cancelable.",
          "datatype": {
            "type": "String",
            "value": "afterExport"
          }
        },
        {
          "name": "BEFORE_IMPORT",
          "rwaccess": "readonly",
          "shortdesc": "Dispatched before importing a file into a ImportExportEvent. This event bubbles. This event is cancelable.",
          "datatype": {
            "type": "String",
            "value": "beforeImport"
          }
        },
        {
          "name": "AFTER_IMPORT",
          "rwaccess": "readonly",
          "shortdesc": "Dispatched after importing a file into a ImportExportEvent. This event bubbles. This event is not cancelable.",
          "datatype": {
            "type": "String",
            "value": "afterImport"
          }
        },
        {
          "name": "FAILED_EXPORT",
          "rwaccess": "readonly",
          "shortdesc": "Dispatched after a ImportExportEvent export is canceled or fails. This event bubbles. This event is not cancelable.",
          "datatype": {
            "type": "String",
            "value": "failedExport"
          }
        }
      ]
    },
    {
      "type": "instance",
      "property": [
        {
          "name": "fullName",
          "rwaccess": "readonly",
          "shortdesc": "The full path to the ImportExportEvent, including the name of the ImportExportEvent.",
          "datatype": {
            "type": "File"
          }
        },
        {
          "name": "format",
          "rwaccess": "readonly",
          "shortdesc": "The import/export file format.",
          "datatype": {
            "type": "String"
          }
        },
        {
          "name": "eventType",
          "rwaccess": "readonly",
          "shortdesc": "The name of the event.",
          "datatype": {
            "type": "String"
          }
        },
        {
          "name": "target",
          "rwaccess": "readonly",
          "shortdesc": "The target of the event.",
          "datatype": {
            "type": "Object"
          }
        },
        {
          "name": "currentTarget",
          "rwaccess": "readonly",
          "shortdesc": "The current propagation target of the event.",
          "datatype": {
            "type": "Object"
          }
        },
        {
          "name": "eventPhase",
          "rwaccess": "readonly",
          "shortdesc": "The current propagation phase of the event.",
          "datatype": {
            "type": "EventPhases"
          }
        },
        {
          "name": "bubbles",
          "rwaccess": "readonly",
          "shortdesc": "If true, the event supports the bubbling phase of propagation.",
          "datatype": {
            "type": "Boolean"
          }
        },
        {
          "name": "cancelable",
          "rwaccess": "readonly",
          "shortdesc": "If true, the default behavior of the event on its target can be canceled.",
          "datatype": {
            "type": "Boolean"
          }
        },
        {
          "name": "timeStamp",
          "rwaccess": "readonly",
          "shortdesc": "The time the event was initialized.",
          "datatype": {
            "type": "Date"
          }
        },
        {
          "name": "propagationStopped",
          "rwaccess": "readonly",
          "shortdesc": "If true, propagation of the event beyond the current target has been stopped.",
          "datatype": {
            "type": "Boolean"
          }
        },
        {
          "name": "defaultPrevented",
          "rwaccess": "readonly",
          "shortdesc": "If true, the default behavior of the event on its target has been canceled.",
          "datatype": {
            "type": "Boolean"
          }
        },
        {
          "name": "id",
          "rwaccess": "readonly",
          "shortdesc": "The unique ID of the ImportExportEvent.",
          "datatype": {
            "type": "Number"
          }
        },
        {
          "name": "isValid",
          "rwaccess": "readonly",
          "shortdesc": "Returns true if the object specifier resolves to valid objects.",
          "datatype": {
            "type": "Boolean"
          }
        },
        {
          "name": "parent",
          "rwaccess": "readonly",
          "shortdesc": "The parent of the ImportExportEvent &#40;a Application or Document).",
          "datatype": {
            "type": "Mixed"
          }
        },
        {
          "name": "index",
          "rwaccess": "readonly",
          "shortdesc": "The index of the ImportExportEvent within its containing object.",
          "datatype": {
            "type": "Number"
          }
        },
        {
          "name": "userInteractionLevel",
          "shortdesc": "Controls the display of dialogs and alerts during script processing.",
          "datatype": {
            "type": "UserInteractionLevels"
          }
        },
        {
          "name": "properties",
          "shortdesc": "A property that allows setting of several properties at the same time.",
          "datatype": {
            "type": "Object"
          }
        }
      ],
      "method": [
        {
          "name": "stopPropagation",
          "shortdesc": "Stops propagation of the event beyond the current target."
        },
        {
          "name": "preventDefault",
          "shortdesc": "Cancels the default behavior of the event on its target."
        },
        {
          "name": "toSource",
          "shortdesc": "Generates a string which, if executed, will return the ImportExportEvent.",
          "datatype": {
            "type": "String"
          }
        },
        {
          "name": "getElements",
          "shortdesc": "Resolves the object specifier, creating an array of object references.",
          "datatype": {
            "type": "ImportExportEvent",
            "array": true
          }
        },
        {
          "name": "toSpecifier",
          "shortdesc": "Retrieves the object specifier.",
          "datatype": {
            "type": "String"
          }
        }
      ]
    }
  ]
}