{
  "name": "ImportFormat",
  "enumeration": true,
  "shortdesc": "Style import options.",
  "elements": [
    {
      "type": "class",
      "property": [
        {
          "name": "CHARACTER_STYLES_FORMAT",
          "rwaccess": "readonly",
          "shortdesc": "Imports character styles.",
          "datatype": {
            "type": "number",
            "value": 1131565940
          }
        },
        {
          "name": "PARAGRAPH_STYLES_FORMAT",
          "rwaccess": "readonly",
          "shortdesc": "Imports paragraph styles.",
          "datatype": {
            "type": "number",
            "value": 1885885300
          }
        },
        {
          "name": "TEXT_STYLES_FORMAT",
          "rwaccess": "readonly",
          "shortdesc": "Imports character and paragraph styles.",
          "datatype": {
            "type": "number",
            "value": 1668305780
          }
        },
        {
          "name": "TOC_STYLES_FORMAT",
          "rwaccess": "readonly",
          "shortdesc": "Imports table of contents styles.",
          "datatype": {
            "type": "number",
            "value": 1415795572
          }
        },
        {
          "name": "OBJECT_STYLES_FORMAT",
          "rwaccess": "readonly",
          "shortdesc": "Imports object styles.",
          "datatype": {
            "type": "number",
            "value": 1332368244
          }
        },
        {
          "name": "STROKE_STYLES_FORMAT",
          "rwaccess": "readonly",
          "shortdesc": "Imports stroke styles.",
          "datatype": {
            "type": "number",
            "value": 1817408620
          }
        },
        {
          "name": "TABLE_STYLES_FORMAT",
          "rwaccess": "readonly",
          "shortdesc": "Imports table styles.",
          "datatype": {
            "type": "number",
            "value": 1700033396
          }
        },
        {
          "name": "CELL_STYLES_FORMAT",
          "rwaccess": "readonly",
          "shortdesc": "Imports cell styles.",
          "datatype": {
            "type": "number",
            "value": 1698919284
          }
        },
        {
          "name": "TABLE_AND_CELL_STYLES_FORMAT",
          "rwaccess": "readonly",
          "shortdesc": "Imports table and cell styles.",
          "datatype": {
            "type": "number",
            "value": 1700021107
          }
        }
      ]
    }
  ]
}