{
  "name": "ImportedPageCropOptions",
  "enumeration": true,
  "shortdesc": "The cropping option of an imported InDesign page.",
  "elements": [
    {
      "type": "class",
      "property": [
        {
          "name": "CROP_CONTENT",
          "rwaccess": "readonly",
          "shortdesc": "Places the page&apos;s bounding box.",
          "datatype": {
            "type": "number",
            "value": 1131573315
          }
        },
        {
          "name": "CROP_BLEED",
          "rwaccess": "readonly",
          "shortdesc": "Places the page&apos;s bleed area.",
          "datatype": {
            "type": "number",
            "value": 1131573314
          }
        },
        {
          "name": "CROP_SLUG",
          "rwaccess": "readonly",
          "shortdesc": "Places the page&apos;s slug area.",
          "datatype": {
            "type": "number",
            "value": 1131565932
          }
        }
      ]
    }
  ]
}