{
  "name": "InCopyUIColors",
  "enumeration": true,
  "shortdesc": "InCopy UI colors.",
  "elements": [
    {
      "type": "class",
      "property": [
        {
          "name": "CANARY",
          "rwaccess": "readonly",
          "shortdesc": "Canary.",
          "datatype": {
            "type": "Number",
            "value": 1766026873
          }
        },
        {
          "name": "LEMON",
          "rwaccess": "readonly",
          "shortdesc": "Lemon.",
          "datatype": {
            "type": "Number",
            "value": 1766616430
          }
        },
        {
          "name": "ELECTROLYTE",
          "rwaccess": "readonly",
          "shortdesc": "Electrolyte.",
          "datatype": {
            "type": "Number",
            "value": 1766157411
          }
        },
        {
          "name": "LIME",
          "rwaccess": "readonly",
          "shortdesc": "Lime.",
          "datatype": {
            "type": "Number",
            "value": 1766615405
          }
        },
        {
          "name": "FOREST",
          "rwaccess": "readonly",
          "shortdesc": "Forest.",
          "datatype": {
            "type": "Number",
            "value": 1766224756
          }
        },
        {
          "name": "LICHEN",
          "rwaccess": "readonly",
          "shortdesc": "Lichen.",
          "datatype": {
            "type": "Number",
            "value": 1766615395
          }
        },
        {
          "name": "JADE",
          "rwaccess": "readonly",
          "shortdesc": "Jade.",
          "datatype": {
            "type": "Number",
            "value": 1766482276
          }
        },
        {
          "name": "AQUA",
          "rwaccess": "readonly",
          "shortdesc": "Aqua.",
          "datatype": {
            "type": "Number",
            "value": 1765896545
          }
        },
        {
          "name": "CIRRUS",
          "rwaccess": "readonly",
          "shortdesc": "Cirrus.",
          "datatype": {
            "type": "Number",
            "value": 1766025586
          }
        },
        {
          "name": "ETHER",
          "rwaccess": "readonly",
          "shortdesc": "Ether.",
          "datatype": {
            "type": "Number",
            "value": 1766159464
          }
        },
        {
          "name": "SLATE",
          "rwaccess": "readonly",
          "shortdesc": "Slate.",
          "datatype": {
            "type": "Number",
            "value": 1767074932
          }
        },
        {
          "name": "ULTRAMARINE",
          "rwaccess": "readonly",
          "shortdesc": "Ultramarine.",
          "datatype": {
            "type": "Number",
            "value": 1767205997
          }
        },
        {
          "name": "MIDNIGHT",
          "rwaccess": "readonly",
          "shortdesc": "Midnight.",
          "datatype": {
            "type": "Number",
            "value": 1766680932
          }
        },
        {
          "name": "BLUEBERRY",
          "rwaccess": "readonly",
          "shortdesc": "Blueberry.",
          "datatype": {
            "type": "Number",
            "value": 1765960802
          }
        },
        {
          "name": "EGGPLANT",
          "rwaccess": "readonly",
          "shortdesc": "Eggplant.",
          "datatype": {
            "type": "Number",
            "value": 1766156135
          }
        },
        {
          "name": "GRAPE",
          "rwaccess": "readonly",
          "shortdesc": "Grape.",
          "datatype": {
            "type": "Number",
            "value": 1766290032
          }
        },
        {
          "name": "FUCHSIA",
          "rwaccess": "readonly",
          "shortdesc": "Fuchsia.",
          "datatype": {
            "type": "Number",
            "value": 1766225267
          }
        },
        {
          "name": "IRIS",
          "rwaccess": "readonly",
          "shortdesc": "Iris.",
          "datatype": {
            "type": "Number",
            "value": 1766421107
          }
        },
        {
          "name": "CARNATION",
          "rwaccess": "readonly",
          "shortdesc": "Carnation.",
          "datatype": {
            "type": "Number",
            "value": 1766023538
          }
        },
        {
          "name": "MOCHA",
          "rwaccess": "readonly",
          "shortdesc": "Mocha.",
          "datatype": {
            "type": "Number",
            "value": 1766682467
          }
        },
        {
          "name": "WHEAT",
          "rwaccess": "readonly",
          "shortdesc": "Wheat.",
          "datatype": {
            "type": "Number",
            "value": 1767336037
          }
        },
        {
          "name": "MUSTARD",
          "rwaccess": "readonly",
          "shortdesc": "Mustard.",
          "datatype": {
            "type": "Number",
            "value": 1766684019
          }
        },
        {
          "name": "AMBER",
          "rwaccess": "readonly",
          "shortdesc": "Amber.",
          "datatype": {
            "type": "Number",
            "value": 1765895522
          }
        },
        {
          "name": "CORNSTARCH",
          "rwaccess": "readonly",
          "shortdesc": "Cornstarch.",
          "datatype": {
            "type": "Number",
            "value": 1766027886
          }
        },
        {
          "name": "POWDER",
          "rwaccess": "readonly",
          "shortdesc": "Powder.",
          "datatype": {
            "type": "Number",
            "value": 1766879095
          }
        },
        {
          "name": "SMOKE",
          "rwaccess": "readonly",
          "shortdesc": "Smoke.",
          "datatype": {
            "type": "Number",
            "value": 1767075179
          }
        },
        {
          "name": "GRAPHITE",
          "rwaccess": "readonly",
          "shortdesc": "Graphite.",
          "datatype": {
            "type": "Number",
            "value": 1766289512
          }
        },
        {
          "name": "GUNMETAL",
          "rwaccess": "readonly",
          "shortdesc": "Gunmetal.",
          "datatype": {
            "type": "Number",
            "value": 1766290798
          }
        },
        {
          "name": "LIGHT_BLUE",
          "rwaccess": "readonly",
          "shortdesc": "Light blue.",
          "datatype": {
            "type": "Number",
            "value": 1766613612
          }
        },
        {
          "name": "RED",
          "rwaccess": "readonly",
          "shortdesc": "Red.",
          "datatype": {
            "type": "Number",
            "value": 1767007588
          }
        },
        {
          "name": "GREEN",
          "rwaccess": "readonly",
          "shortdesc": "Green.",
          "datatype": {
            "type": "Number",
            "value": 1766290030
          }
        },
        {
          "name": "BLUE",
          "rwaccess": "readonly",
          "shortdesc": "Blue.",
          "datatype": {
            "type": "Number",
            "value": 1765960821
          }
        },
        {
          "name": "YELLOW",
          "rwaccess": "readonly",
          "shortdesc": "Yellow.",
          "datatype": {
            "type": "Number",
            "value": 1767468151
          }
        },
        {
          "name": "MAGENTA",
          "rwaccess": "readonly",
          "shortdesc": "Magenta.",
          "datatype": {
            "type": "Number",
            "value": 1766680430
          }
        },
        {
          "name": "CYAN",
          "rwaccess": "readonly",
          "shortdesc": "Cyan.",
          "datatype": {
            "type": "Number",
            "value": 1766029678
          }
        },
        {
          "name": "GRAY",
          "rwaccess": "readonly",
          "shortdesc": "Gray.",
          "datatype": {
            "type": "Number",
            "value": 1766290041
          }
        },
        {
          "name": "BLACK",
          "rwaccess": "readonly",
          "shortdesc": "Black.",
          "datatype": {
            "type": "Number",
            "value": 1765960811
          }
        },
        {
          "name": "ORANGE",
          "rwaccess": "readonly",
          "shortdesc": "Orange.",
          "datatype": {
            "type": "Number",
            "value": 1766814318
          }
        },
        {
          "name": "DARK_GREEN",
          "rwaccess": "readonly",
          "shortdesc": "Dark green.",
          "datatype": {
            "type": "Number",
            "value": 1766090610
          }
        },
        {
          "name": "TEAL",
          "rwaccess": "readonly",
          "shortdesc": "Teal.",
          "datatype": {
            "type": "Number",
            "value": 1767138668
          }
        },
        {
          "name": "TAN",
          "rwaccess": "readonly",
          "shortdesc": "Tan.",
          "datatype": {
            "type": "Number",
            "value": 1767137646
          }
        },
        {
          "name": "BROWN",
          "rwaccess": "readonly",
          "shortdesc": "Brown.",
          "datatype": {
            "type": "Number",
            "value": 1765962350
          }
        },
        {
          "name": "VIOLET",
          "rwaccess": "readonly",
          "shortdesc": "Violet.",
          "datatype": {
            "type": "Number",
            "value": 1767271540
          }
        },
        {
          "name": "GOLD",
          "rwaccess": "readonly",
          "shortdesc": "Gold.",
          "datatype": {
            "type": "Number",
            "value": 1766288484
          }
        },
        {
          "name": "DARK_BLUE",
          "rwaccess": "readonly",
          "shortdesc": "Dark blue.",
          "datatype": {
            "type": "Number",
            "value": 1766089324
          }
        },
        {
          "name": "PINK",
          "rwaccess": "readonly",
          "shortdesc": "Pink.",
          "datatype": {
            "type": "Number",
            "value": 1766878827
          }
        },
        {
          "name": "LAVENDER",
          "rwaccess": "readonly",
          "shortdesc": "Lavender.",
          "datatype": {
            "type": "Number",
            "value": 1766618734
          }
        },
        {
          "name": "BRICK_RED",
          "rwaccess": "readonly",
          "shortdesc": "Brick red.",
          "datatype": {
            "type": "Number",
            "value": 1765962340
          }
        },
        {
          "name": "OLIVE_GREEN",
          "rwaccess": "readonly",
          "shortdesc": "Olive green.",
          "datatype": {
            "type": "Number",
            "value": 1766812790
          }
        },
        {
          "name": "PEACH",
          "rwaccess": "readonly",
          "shortdesc": "Peach.",
          "datatype": {
            "type": "Number",
            "value": 1766876008
          }
        },
        {
          "name": "BURGUNDY",
          "rwaccess": "readonly",
          "shortdesc": "Burgundy.",
          "datatype": {
            "type": "Number",
            "value": 1765962343
          }
        },
        {
          "name": "GRASS_GREEN",
          "rwaccess": "readonly",
          "shortdesc": "Grass green.",
          "datatype": {
            "type": "Number",
            "value": 1766287218
          }
        },
        {
          "name": "OCHRE",
          "rwaccess": "readonly",
          "shortdesc": "Ochre.",
          "datatype": {
            "type": "Number",
            "value": 1766810482
          }
        },
        {
          "name": "PURPLE",
          "rwaccess": "readonly",
          "shortdesc": "Purple.",
          "datatype": {
            "type": "Number",
            "value": 1766879856
          }
        },
        {
          "name": "LIGHT_GRAY",
          "rwaccess": "readonly",
          "shortdesc": "Light gray.",
          "datatype": {
            "type": "Number",
            "value": 1766614898
          }
        },
        {
          "name": "CHARCOAL",
          "rwaccess": "readonly",
          "shortdesc": "Charcoal.",
          "datatype": {
            "type": "Number",
            "value": 1766025324
          }
        },
        {
          "name": "GRID_BLUE",
          "rwaccess": "readonly",
          "shortdesc": "Grid blue.",
          "datatype": {
            "type": "Number",
            "value": 1766285932
          }
        },
        {
          "name": "GRID_ORANGE",
          "rwaccess": "readonly",
          "shortdesc": "Grid orange.",
          "datatype": {
            "type": "Number",
            "value": 1766289266
          }
        },
        {
          "name": "FIESTA",
          "rwaccess": "readonly",
          "shortdesc": "Fiesta.",
          "datatype": {
            "type": "Number",
            "value": 1766222181
          }
        },
        {
          "name": "LIGHT_OLIVE",
          "rwaccess": "readonly",
          "shortdesc": "Light olive.",
          "datatype": {
            "type": "Number",
            "value": 1766616940
          }
        },
        {
          "name": "LIPSTICK",
          "rwaccess": "readonly",
          "shortdesc": "Lipstick.",
          "datatype": {
            "type": "Number",
            "value": 1766615408
          }
        },
        {
          "name": "CUTE_TEAL",
          "rwaccess": "readonly",
          "shortdesc": "Cute teal.",
          "datatype": {
            "type": "Number",
            "value": 1766028396
          }
        },
        {
          "name": "SULPHUR",
          "rwaccess": "readonly",
          "shortdesc": "Sulphur.",
          "datatype": {
            "type": "Number",
            "value": 1767077228
          }
        },
        {
          "name": "GRID_GREEN",
          "rwaccess": "readonly",
          "shortdesc": "Grid green.",
          "datatype": {
            "type": "Number",
            "value": 1766286439
          }
        },
        {
          "name": "WHITE",
          "rwaccess": "readonly",
          "shortdesc": "White.",
          "datatype": {
            "type": "Number",
            "value": 1767336052
          }
        }
      ]
    }
  ]
}