{
  "name": "IndexCapitalizationOptions",
  "enumeration": true,
  "shortdesc": "Index entry capitalization options.",
  "elements": [
    {
      "type": "class",
      "property": [
        {
          "name": "SELECTED_ENTRY",
          "rwaccess": "readonly",
          "shortdesc": "Capitalizes the specified topic but does not capitalize its nested topics. Valid only as parameter of the topic capitalize method; cannot be used as a parameter of the index capitalize method. Note: Must occur after the specified topic and its nested topics are created.",
          "datatype": {
            "type": "Number",
            "value": 1398042725
          }
        },
        {
          "name": "INCLUDE_SUBENTRIES",
          "rwaccess": "readonly",
          "shortdesc": "Capitalizes the specified topic and its nested topics. Valid only as parameter of the topic capitalize method; cannot be used as a parameter of the index capitalize method. Note: Must occur after the selected topic and its nested subtopics are created.",
          "datatype": {
            "type": "Number",
            "value": 1767072325
          }
        },
        {
          "name": "ALL_LEVEL_1_ENTRIES",
          "rwaccess": "readonly",
          "shortdesc": "Capitalizes all level 1 entries. Note: Capitalizes only topics created before the capitalization statement appears in the script.",
          "datatype": {
            "type": "Number",
            "value": 1095517556
          }
        },
        {
          "name": "ALL_ENTRIES",
          "rwaccess": "readonly",
          "shortdesc": "Capitalizes all index entries. Note: Capitalizes only topics created before the capitalization statement appears in the script.",
          "datatype": {
            "type": "Number",
            "value": 1097624645
          }
        }
      ]
    }
  ]
}