{
  "name": "Indexes",
  "dynamic": true,
  "shortdesc": "A collection of indexes.",
  "elements": [
    {
      "type": "instance",
      "method": [
        {
          "name": "add",
          "shortdesc": "Creates a new Index.",
          "parameters": [
            {
              "name": "withProperties",
              "shortdesc": "Initial values for properties of the new Index &#40;Optional)",
              "datatype": {
                "type": "Object"
              }
            }
          ],
          "datatype": {
            "type": "Index"
          }
        },
        {
          "name": "count",
          "shortdesc": "Displays the number of elements in the Index.",
          "datatype": {
            "type": "Number"
          }
        },
        {
          "name": "item",
          "shortdesc": "Returns the Index with the specified index or name.",
          "parameters": [
            {
              "name": "index",
              "shortdesc": "The index or name. Can accept: Long Integer or String.",
              "datatype": {
                "type": "Mixed"
              }
            }
          ],
          "datatype": {
            "type": "Index"
          }
        },
        {
          "name": "itemByName",
          "shortdesc": "Returns the Index with the specified name.",
          "parameters": [
            {
              "name": "name",
              "shortdesc": "The name.",
              "datatype": {
                "type": "String"
              }
            }
          ],
          "datatype": {
            "type": "Index"
          }
        },
        {
          "name": "itemByID",
          "shortdesc": "Returns the Index with the specified ID.",
          "parameters": [
            {
              "name": "id",
              "shortdesc": "The ID.",
              "datatype": {
                "type": "Number"
              }
            }
          ],
          "datatype": {
            "type": "Index"
          }
        },
        {
          "name": "itemByRange",
          "shortdesc": "Returns the Indexes within the specified range.",
          "parameters": [
            {
              "name": "from",
              "shortdesc": "The Index, index, or name at the beginning of the range. Can accept: Index, Long Integer or String.",
              "datatype": {
                "type": "Mixed"
              }
            },
            {
              "name": "to",
              "shortdesc": "The Index, index, or name at the end of the range. Can accept: Index, Long Integer or String.",
              "datatype": {
                "type": "Mixed"
              }
            }
          ],
          "datatype": {
            "type": "Index",
            "array": true
          }
        },
        {
          "name": "firstItem",
          "shortdesc": "Returns the first Index in the collection.",
          "datatype": {
            "type": "Index"
          }
        },
        {
          "name": "lastItem",
          "shortdesc": "Returns the last Index in the collection.",
          "datatype": {
            "type": "Index"
          }
        },
        {
          "name": "middleItem",
          "shortdesc": "Returns the middle Index in the collection.",
          "datatype": {
            "type": "Index"
          }
        },
        {
          "name": "previousItem",
          "shortdesc": "Returns the Index with the index previous to the specified index.",
          "parameters": [
            {
              "name": "obj",
              "shortdesc": "The index of the Index that follows the desired Index.",
              "datatype": {
                "type": "Index"
              }
            }
          ],
          "datatype": {
            "type": "Index"
          }
        },
        {
          "name": "nextItem",
          "shortdesc": "Returns the Index whose index follows the specified Index in the collection.",
          "parameters": [
            {
              "name": "obj",
              "shortdesc": "The Index whose index comes before the desired Index.",
              "datatype": {
                "type": "Index"
              }
            }
          ],
          "datatype": {
            "type": "Index"
          }
        },
        {
          "name": "anyItem",
          "shortdesc": "Returns any Index in the collection.",
          "datatype": {
            "type": "Index"
          }
        },
        {
          "name": "everyItem",
          "shortdesc": "Returns every Index in the collection.",
          "datatype": {
            "type": "Index",
            "array": true
          }
        },
        {
          "name": "toSource",
          "shortdesc": "Generates a string which, if executed, will return the Index.",
          "datatype": {
            "type": "String"
          }
        },
        {
          "name": "[]",
          "shortdesc": "Returns the Index with the specified index.",
          "parameters": [
            {
              "name": "index",
              "shortdesc": "The index.",
              "datatype": {
                "type": "Number"
              }
            }
          ],
          "datatype": {
            "type": "Index"
          }
        }
      ],
      "property": [
        {
          "name": "length",
          "rwaccess": "readonly",
          "shortdesc": "The number of objects in the collection.",
          "datatype": {
            "type": "Number"
          }
        }
      ]
    }
  ]
}