{
  "name": "Indexes",
  "dynamic": true,
  "shortdesc": "A collection of indexes.",
  "elements": [
    {
      "type": "instance",
      "method": [
        {
          "name": "add",
          "shortdesc": "Creates a new Index.",
          "parameters": {
            "parameter": [
              {
                "name": "withProperties",
                "shortdesc": "Initial values for properties of the new Index &amp;&#35;40;Optional&#41;",
                "datatype": {
                  "type": "Object"
                }
              }
            ]
          },
          "datatype": {
            "type": "Index"
          }
        },
        {
          "name": "count",
          "shortdesc": "Displays the number of elements in the Index.",
          "datatype": {
            "type": "number"
          }
        },
        {
          "name": "item",
          "shortdesc": "Returns the Index with the specified index or name.",
          "parameters": {
            "parameter": [
              {
                "name": "index",
                "shortdesc": "The index or name. Can accept: Long Integer or String.",
                "datatype": {
                  "type": "mixed"
                }
              }
            ]
          },
          "datatype": {
            "type": "Index"
          }
        },
        {
          "name": "itemByName",
          "shortdesc": "Returns the Index with the specified name.",
          "parameters": {
            "parameter": [
              {
                "name": "name",
                "shortdesc": "The name.",
                "datatype": {
                  "type": "string"
                }
              }
            ]
          },
          "datatype": {
            "type": "Index"
          }
        },
        {
          "name": "itemByID",
          "shortdesc": "Returns the Index with the specified ID.",
          "parameters": {
            "parameter": [
              {
                "name": "id",
                "shortdesc": "The ID.",
                "datatype": {
                  "type": "number"
                }
              }
            ]
          },
          "datatype": {
            "type": "Index"
          }
        },
        {
          "name": "itemByRange",
          "shortdesc": "Returns the Indexes within the specified range.",
          "parameters": {
            "parameter": [
              {
                "name": "from",
                "shortdesc": "The Index, index, or name at the beginning of the range. Can accept: Index, Long Integer or String.",
                "datatype": {
                  "type": "mixed"
                }
              },
              {
                "name": "to",
                "shortdesc": "The Index, index, or name at the end of the range. Can accept: Index, Long Integer or String.",
                "datatype": {
                  "type": "mixed"
                }
              }
            ]
          },
          "datatype": {
            "type": "Index",
            "array": {}
          }
        },
        {
          "name": "firstItem",
          "shortdesc": "Returns the first Index in the collection.",
          "datatype": {
            "type": "Index"
          }
        },
        {
          "name": "lastItem",
          "shortdesc": "Returns the last Index in the collection.",
          "datatype": {
            "type": "Index"
          }
        },
        {
          "name": "middleItem",
          "shortdesc": "Returns the middle Index in the collection.",
          "datatype": {
            "type": "Index"
          }
        },
        {
          "name": "previousItem",
          "shortdesc": "Returns the Index with the index previous to the specified index.",
          "parameters": {
            "parameter": [
              {
                "name": "obj",
                "shortdesc": "The index of the Index that follows the desired Index.",
                "datatype": {
                  "type": "Index"
                }
              }
            ]
          },
          "datatype": {
            "type": "Index"
          }
        },
        {
          "name": "nextItem",
          "shortdesc": "Returns the Index whose index follows the specified Index in the collection.",
          "parameters": {
            "parameter": [
              {
                "name": "obj",
                "shortdesc": "The Index whose index comes before the desired Index.",
                "datatype": {
                  "type": "Index"
                }
              }
            ]
          },
          "datatype": {
            "type": "Index"
          }
        },
        {
          "name": "anyItem",
          "shortdesc": "Returns any Index in the collection.",
          "datatype": {
            "type": "Index"
          }
        },
        {
          "name": "everyItem",
          "shortdesc": "Returns every Index in the collection.",
          "datatype": {
            "type": "Index",
            "array": {}
          }
        },
        {
          "name": "toSource",
          "shortdesc": "Generates a string which, if executed, will return the Index.",
          "datatype": {
            "type": "string"
          }
        },
        {
          "name": "[]",
          "shortdesc": "Returns the Index with the specified index.",
          "parameters": {
            "parameter": [
              {
                "name": "index",
                "shortdesc": "The index.",
                "datatype": {
                  "type": "number"
                }
              }
            ]
          },
          "datatype": {
            "type": "Index"
          }
        }
      ],
      "property": [
        {
          "name": "length",
          "rwaccess": "readonly",
          "shortdesc": "The number of objects in the collection.",
          "datatype": {
            "type": "number"
          }
        }
      ]
    }
  ]
}