{
  "name": "IndexSections",
  "dynamic": true,
  "shortdesc": "A collection of index sections.",
  "elements": [
    {
      "type": "instance",
      "method": [
        {
          "name": "count",
          "shortdesc": "Displays the number of elements in the IndexSection.",
          "datatype": {
            "type": "number"
          }
        },
        {
          "name": "item",
          "shortdesc": "Returns the IndexSection with the specified index or name.",
          "parameters": {
            "parameter": [
              {
                "name": "index",
                "shortdesc": "The index or name. Can accept: Long Integer or String.",
                "datatype": {
                  "type": "mixed"
                }
              }
            ]
          },
          "datatype": {
            "type": "IndexSection"
          }
        },
        {
          "name": "itemByName",
          "shortdesc": "Returns the IndexSection with the specified name.",
          "parameters": {
            "parameter": [
              {
                "name": "name",
                "shortdesc": "The name.",
                "datatype": {
                  "type": "string"
                }
              }
            ]
          },
          "datatype": {
            "type": "IndexSection"
          }
        },
        {
          "name": "itemByID",
          "shortdesc": "Returns the IndexSection with the specified ID.",
          "parameters": {
            "parameter": [
              {
                "name": "id",
                "shortdesc": "The ID.",
                "datatype": {
                  "type": "number"
                }
              }
            ]
          },
          "datatype": {
            "type": "IndexSection"
          }
        },
        {
          "name": "itemByRange",
          "shortdesc": "Returns the IndexSections within the specified range.",
          "parameters": {
            "parameter": [
              {
                "name": "from",
                "shortdesc": "The IndexSection, index, or name at the beginning of the range. Can accept: IndexSection, Long Integer or String.",
                "datatype": {
                  "type": "mixed"
                }
              },
              {
                "name": "to",
                "shortdesc": "The IndexSection, index, or name at the end of the range. Can accept: IndexSection, Long Integer or String.",
                "datatype": {
                  "type": "mixed"
                }
              }
            ]
          },
          "datatype": {
            "type": "IndexSection",
            "array": {}
          }
        },
        {
          "name": "firstItem",
          "shortdesc": "Returns the first IndexSection in the collection.",
          "datatype": {
            "type": "IndexSection"
          }
        },
        {
          "name": "lastItem",
          "shortdesc": "Returns the last IndexSection in the collection.",
          "datatype": {
            "type": "IndexSection"
          }
        },
        {
          "name": "middleItem",
          "shortdesc": "Returns the middle IndexSection in the collection.",
          "datatype": {
            "type": "IndexSection"
          }
        },
        {
          "name": "previousItem",
          "shortdesc": "Returns the IndexSection with the index previous to the specified index.",
          "parameters": {
            "parameter": [
              {
                "name": "obj",
                "shortdesc": "The index of the IndexSection that follows the desired IndexSection.",
                "datatype": {
                  "type": "IndexSection"
                }
              }
            ]
          },
          "datatype": {
            "type": "IndexSection"
          }
        },
        {
          "name": "nextItem",
          "shortdesc": "Returns the IndexSection whose index follows the specified IndexSection in the collection.",
          "parameters": {
            "parameter": [
              {
                "name": "obj",
                "shortdesc": "The IndexSection whose index comes before the desired IndexSection.",
                "datatype": {
                  "type": "IndexSection"
                }
              }
            ]
          },
          "datatype": {
            "type": "IndexSection"
          }
        },
        {
          "name": "anyItem",
          "shortdesc": "Returns any IndexSection in the collection.",
          "datatype": {
            "type": "IndexSection"
          }
        },
        {
          "name": "everyItem",
          "shortdesc": "Returns every IndexSection in the collection.",
          "datatype": {
            "type": "IndexSection",
            "array": {}
          }
        },
        {
          "name": "toSource",
          "shortdesc": "Generates a string which, if executed, will return the IndexSection.",
          "datatype": {
            "type": "string"
          }
        },
        {
          "name": "[]",
          "shortdesc": "Returns the IndexSection with the specified index.",
          "parameters": {
            "parameter": [
              {
                "name": "index",
                "shortdesc": "The index.",
                "datatype": {
                  "type": "number"
                }
              }
            ]
          },
          "datatype": {
            "type": "IndexSection"
          }
        }
      ],
      "property": [
        {
          "name": "length",
          "rwaccess": "readonly",
          "shortdesc": "The number of objects in the collection.",
          "datatype": {
            "type": "number"
          }
        }
      ]
    }
  ]
}