{
  "name": "IndexFormat",
  "enumeration": true,
  "shortdesc": "Options for formatting level 2 and lower index topics.",
  "elements": [
    {
      "type": "class",
      "property": [
        {
          "name": "RUNIN_FORMAT",
          "rwaccess": "readonly",
          "shortdesc": "Places nested topics on the same line as their parent topic, separated by the specified separator.",
          "datatype": {
            "type": "number",
            "value": 1382631782
          }
        },
        {
          "name": "NESTED_FORMAT",
          "rwaccess": "readonly",
          "shortdesc": "Places nested topics on the line below and indented from the parent topic.",
          "datatype": {
            "type": "number",
            "value": 1316243814
          }
        }
      ]
    }
  ]
}