{
  "name": "IndexingSortOptions",
  "dynamic": true,
  "shortdesc": "A collection of indexing sort options.",
  "elements": [
    {
      "type": "instance",
      "method": [
        {
          "name": "count",
          "shortdesc": "Displays the number of elements in the IndexingSortOption.",
          "datatype": {
            "type": "number"
          }
        },
        {
          "name": "item",
          "shortdesc": "Returns the IndexingSortOption with the specified index or name.",
          "parameters": {
            "parameter": [
              {
                "name": "index",
                "shortdesc": "The index or name. Can accept: Long Integer or String.",
                "datatype": {
                  "type": "mixed"
                }
              }
            ]
          },
          "datatype": {
            "type": "IndexingSortOption"
          }
        },
        {
          "name": "itemByName",
          "shortdesc": "Returns the IndexingSortOption with the specified name.",
          "parameters": {
            "parameter": [
              {
                "name": "name",
                "shortdesc": "The name.",
                "datatype": {
                  "type": "string"
                }
              }
            ]
          },
          "datatype": {
            "type": "IndexingSortOption"
          }
        },
        {
          "name": "itemByRange",
          "shortdesc": "Returns the IndexingSortOptions within the specified range.",
          "parameters": {
            "parameter": [
              {
                "name": "from",
                "shortdesc": "The IndexingSortOption, index, or name at the beginning of the range. Can accept: IndexingSortOption, Long Integer or String.",
                "datatype": {
                  "type": "mixed"
                }
              },
              {
                "name": "to",
                "shortdesc": "The IndexingSortOption, index, or name at the end of the range. Can accept: IndexingSortOption, Long Integer or String.",
                "datatype": {
                  "type": "mixed"
                }
              }
            ]
          },
          "datatype": {
            "type": "IndexingSortOption",
            "array": {}
          }
        },
        {
          "name": "firstItem",
          "shortdesc": "Returns the first IndexingSortOption in the collection.",
          "datatype": {
            "type": "IndexingSortOption"
          }
        },
        {
          "name": "lastItem",
          "shortdesc": "Returns the last IndexingSortOption in the collection.",
          "datatype": {
            "type": "IndexingSortOption"
          }
        },
        {
          "name": "middleItem",
          "shortdesc": "Returns the middle IndexingSortOption in the collection.",
          "datatype": {
            "type": "IndexingSortOption"
          }
        },
        {
          "name": "previousItem",
          "shortdesc": "Returns the IndexingSortOption with the index previous to the specified index.",
          "parameters": {
            "parameter": [
              {
                "name": "obj",
                "shortdesc": "The index of the IndexingSortOption that follows the desired IndexingSortOption.",
                "datatype": {
                  "type": "IndexingSortOption"
                }
              }
            ]
          },
          "datatype": {
            "type": "IndexingSortOption"
          }
        },
        {
          "name": "nextItem",
          "shortdesc": "Returns the IndexingSortOption whose index follows the specified IndexingSortOption in the collection.",
          "parameters": {
            "parameter": [
              {
                "name": "obj",
                "shortdesc": "The IndexingSortOption whose index comes before the desired IndexingSortOption.",
                "datatype": {
                  "type": "IndexingSortOption"
                }
              }
            ]
          },
          "datatype": {
            "type": "IndexingSortOption"
          }
        },
        {
          "name": "anyItem",
          "shortdesc": "Returns any IndexingSortOption in the collection.",
          "datatype": {
            "type": "IndexingSortOption"
          }
        },
        {
          "name": "everyItem",
          "shortdesc": "Returns every IndexingSortOption in the collection.",
          "datatype": {
            "type": "IndexingSortOption",
            "array": {}
          }
        },
        {
          "name": "toSource",
          "shortdesc": "Generates a string which, if executed, will return the IndexingSortOption.",
          "datatype": {
            "type": "string"
          }
        },
        {
          "name": "[]",
          "shortdesc": "Returns the IndexingSortOption with the specified index.",
          "parameters": {
            "parameter": [
              {
                "name": "index",
                "shortdesc": "The index.",
                "datatype": {
                  "type": "number"
                }
              }
            ]
          },
          "datatype": {
            "type": "IndexingSortOption"
          }
        }
      ],
      "property": [
        {
          "name": "length",
          "rwaccess": "readonly",
          "shortdesc": "The number of objects in the collection.",
          "datatype": {
            "type": "number"
          }
        }
      ]
    }
  ]
}