{
  "name": "Ink",
  "dynamic": true,
  "shortdesc": "An ink.",
  "elements": [
    {
      "type": "instance",
      "property": [
        {
          "name": "isProcessInk",
          "rwaccess": "readonly",
          "shortdesc": "If true, the ink is a process ink.",
          "datatype": {
            "type": "bool"
          }
        },
        {
          "name": "name",
          "rwaccess": "readonly",
          "shortdesc": "The name of the Ink.",
          "datatype": {
            "type": "string"
          }
        },
        {
          "name": "solidity",
          "rwaccess": "readonly",
          "shortdesc": "The solidity value of the ink. &amp;&#35;40;Range: 0.0 to 1.0&#41;",
          "datatype": {
            "type": "number",
            "min": 0,
            "max": 1
          }
        },
        {
          "name": "id",
          "rwaccess": "readonly",
          "shortdesc": "The unique ID of the Ink.",
          "datatype": {
            "type": "number"
          }
        },
        {
          "name": "isValid",
          "rwaccess": "readonly",
          "shortdesc": "Returns true if the object specifier resolves to valid objects.",
          "datatype": {
            "type": "bool"
          }
        },
        {
          "name": "parent",
          "rwaccess": "readonly",
          "shortdesc": "The parent of the Ink &amp;&#35;40;a Application or Document&#41;.",
          "datatype": {
            "type": "mixed"
          }
        },
        {
          "name": "index",
          "rwaccess": "readonly",
          "shortdesc": "The index of the Ink within its containing object.",
          "datatype": {
            "type": "number"
          }
        },
        {
          "name": "events",
          "rwaccess": "readonly",
          "shortdesc": "A collection of events.",
          "datatype": {
            "type": "Events"
          }
        },
        {
          "name": "eventListeners",
          "rwaccess": "readonly",
          "shortdesc": "A collection of event listeners.",
          "datatype": {
            "type": "EventListeners"
          }
        },
        {
          "name": "aliasInkName",
          "shortdesc": "The ink object to map this ink to.",
          "datatype": {
            "type": "string"
          }
        },
        {
          "name": "angle",
          "shortdesc": "The angle of the ink. &amp;&#35;40;Range: 0 to 360&#41;",
          "datatype": {
            "type": "number",
            "min": 0,
            "max": 360
          }
        },
        {
          "name": "convertToProcess",
          "shortdesc": "Converts spot inks to process inks.",
          "datatype": {
            "type": "bool"
          }
        },
        {
          "name": "frequency",
          "shortdesc": "The frequency of the ink. &amp;&#35;40;Range: 1 to 500&#41;",
          "datatype": {
            "type": "number",
            "min": 1,
            "max": 500
          }
        },
        {
          "name": "neutralDensity",
          "shortdesc": "The neutral density of the ink. &amp;&#35;40;Range: 0.001 to 10.0&#41;",
          "datatype": {
            "type": "number",
            "min": 0.001,
            "max": 10
          }
        },
        {
          "name": "printInk",
          "shortdesc": "If true, prints the ink. Only valid when printing separations.",
          "datatype": {
            "type": "bool"
          }
        },
        {
          "name": "trapOrder",
          "shortdesc": "The place of the ink in the trapping sequence.",
          "datatype": {
            "type": "number"
          }
        },
        {
          "name": "inkType",
          "shortdesc": "The trapping type of the ink.",
          "datatype": {
            "type": "InkTypes"
          }
        },
        {
          "name": "label",
          "shortdesc": "A property that can be set to any string.",
          "datatype": {
            "type": "string"
          }
        },
        {
          "name": "properties",
          "shortdesc": "A property that allows setting of several properties at the same time.",
          "datatype": {
            "type": "Object"
          }
        }
      ],
      "method": [
        {
          "name": "insertLabel",
          "shortdesc": "Sets the label to the value associated with the specified key.",
          "parameters": {
            "parameter": [
              {
                "name": "key",
                "shortdesc": "The key.",
                "datatype": {
                  "type": "string"
                }
              },
              {
                "name": "value",
                "shortdesc": "The value.",
                "datatype": {
                  "type": "string"
                }
              }
            ]
          }
        },
        {
          "name": "extractLabel",
          "shortdesc": "Gets the label value associated with the specified key.",
          "parameters": {
            "parameter": [
              {
                "name": "key",
                "shortdesc": "The key.",
                "datatype": {
                  "type": "string"
                }
              }
            ]
          },
          "datatype": {
            "type": "string"
          }
        },
        {
          "name": "toSource",
          "shortdesc": "Generates a string which, if executed, will return the Ink.",
          "datatype": {
            "type": "string"
          }
        },
        {
          "name": "getElements",
          "shortdesc": "Resolves the object specifier, creating an array of object references.",
          "datatype": {
            "type": "Ink",
            "array": {}
          }
        },
        {
          "name": "toSpecifier",
          "shortdesc": "Retrieves the object specifier.",
          "datatype": {
            "type": "string"
          }
        },
        {
          "name": "addEventListener",
          "shortdesc": "Adds an event listener.",
          "parameters": {
            "parameter": [
              {
                "name": "eventType",
                "shortdesc": "The event type.",
                "datatype": {
                  "type": "string"
                }
              },
              {
                "name": "handler",
                "shortdesc": "The event handler. Can accept: File or JavaScript Function.",
                "datatype": {
                  "type": "mixed"
                }
              },
              {
                "name": "captures",
                "optional": true,
                "shortdesc": "This parameter is obsolete. &amp;&#35;40;Optional&#41;",
                "datatype": {
                  "type": "bool",
                  "value": false
                }
              }
            ]
          },
          "datatype": {
            "type": "EventListener"
          }
        },
        {
          "name": "removeEventListener",
          "shortdesc": "Removes the event listener.",
          "parameters": {
            "parameter": [
              {
                "name": "eventType",
                "shortdesc": "The registered event type.",
                "datatype": {
                  "type": "string"
                }
              },
              {
                "name": "handler",
                "shortdesc": "The registered event handler. Can accept: File or JavaScript Function.",
                "datatype": {
                  "type": "mixed"
                }
              },
              {
                "name": "captures",
                "optional": true,
                "shortdesc": "This parameter is obsolete. &amp;&#35;40;Optional&#41;",
                "datatype": {
                  "type": "bool",
                  "value": false
                }
              }
            ]
          },
          "datatype": {
            "type": "bool"
          }
        }
      ]
    }
  ]
}