{
  "name": "Inks",
  "dynamic": true,
  "shortdesc": "A collection of inks.",
  "elements": [
    {
      "type": "instance",
      "method": [
        {
          "name": "count",
          "shortdesc": "Displays the number of elements in the Ink.",
          "datatype": {
            "type": "number"
          }
        },
        {
          "name": "item",
          "shortdesc": "Returns the Ink with the specified index or name.",
          "parameters": {
            "parameter": [
              {
                "name": "index",
                "shortdesc": "The index or name. Can accept: Long Integer or String.",
                "datatype": {
                  "type": "mixed"
                }
              }
            ]
          },
          "datatype": {
            "type": "Ink"
          }
        },
        {
          "name": "itemByName",
          "shortdesc": "Returns the Ink with the specified name.",
          "parameters": {
            "parameter": [
              {
                "name": "name",
                "shortdesc": "The name.",
                "datatype": {
                  "type": "string"
                }
              }
            ]
          },
          "datatype": {
            "type": "Ink"
          }
        },
        {
          "name": "itemByID",
          "shortdesc": "Returns the Ink with the specified ID.",
          "parameters": {
            "parameter": [
              {
                "name": "id",
                "shortdesc": "The ID.",
                "datatype": {
                  "type": "number"
                }
              }
            ]
          },
          "datatype": {
            "type": "Ink"
          }
        },
        {
          "name": "itemByRange",
          "shortdesc": "Returns the Inks within the specified range.",
          "parameters": {
            "parameter": [
              {
                "name": "from",
                "shortdesc": "The Ink, index, or name at the beginning of the range. Can accept: Ink, Long Integer or String.",
                "datatype": {
                  "type": "mixed"
                }
              },
              {
                "name": "to",
                "shortdesc": "The Ink, index, or name at the end of the range. Can accept: Ink, Long Integer or String.",
                "datatype": {
                  "type": "mixed"
                }
              }
            ]
          },
          "datatype": {
            "type": "Ink",
            "array": {}
          }
        },
        {
          "name": "firstItem",
          "shortdesc": "Returns the first Ink in the collection.",
          "datatype": {
            "type": "Ink"
          }
        },
        {
          "name": "lastItem",
          "shortdesc": "Returns the last Ink in the collection.",
          "datatype": {
            "type": "Ink"
          }
        },
        {
          "name": "middleItem",
          "shortdesc": "Returns the middle Ink in the collection.",
          "datatype": {
            "type": "Ink"
          }
        },
        {
          "name": "previousItem",
          "shortdesc": "Returns the Ink with the index previous to the specified index.",
          "parameters": {
            "parameter": [
              {
                "name": "obj",
                "shortdesc": "The index of the Ink that follows the desired Ink.",
                "datatype": {
                  "type": "Ink"
                }
              }
            ]
          },
          "datatype": {
            "type": "Ink"
          }
        },
        {
          "name": "nextItem",
          "shortdesc": "Returns the Ink whose index follows the specified Ink in the collection.",
          "parameters": {
            "parameter": [
              {
                "name": "obj",
                "shortdesc": "The Ink whose index comes before the desired Ink.",
                "datatype": {
                  "type": "Ink"
                }
              }
            ]
          },
          "datatype": {
            "type": "Ink"
          }
        },
        {
          "name": "anyItem",
          "shortdesc": "Returns any Ink in the collection.",
          "datatype": {
            "type": "Ink"
          }
        },
        {
          "name": "everyItem",
          "shortdesc": "Returns every Ink in the collection.",
          "datatype": {
            "type": "Ink",
            "array": {}
          }
        },
        {
          "name": "toSource",
          "shortdesc": "Generates a string which, if executed, will return the Ink.",
          "datatype": {
            "type": "string"
          }
        },
        {
          "name": "[]",
          "shortdesc": "Returns the Ink with the specified index.",
          "parameters": {
            "parameter": [
              {
                "name": "index",
                "shortdesc": "The index.",
                "datatype": {
                  "type": "number"
                }
              }
            ]
          },
          "datatype": {
            "type": "Ink"
          }
        }
      ],
      "property": [
        {
          "name": "length",
          "rwaccess": "readonly",
          "shortdesc": "The number of objects in the collection.",
          "datatype": {
            "type": "number"
          }
        }
      ]
    }
  ]
}