{
  "name": "InkTypes",
  "enumeration": true,
  "shortdesc": "Ink trapping type options.",
  "elements": [
    {
      "type": "class",
      "property": [
        {
          "name": "NORMAL",
          "rwaccess": "readonly",
          "shortdesc": "Uses traditional process inks and most spot inks.",
          "datatype": {
            "type": "Number",
            "value": 1852797549
          }
        },
        {
          "name": "OPAQUE",
          "rwaccess": "readonly",
          "shortdesc": "Uses heavy, nontransparent inks to prevent trapping of underlying colors but allow for trapping along the edges of the ink. Best for metallic inks.",
          "datatype": {
            "type": "Number",
            "value": 1769230192
          }
        },
        {
          "name": "TRANSPARENT",
          "rwaccess": "readonly",
          "shortdesc": "Uses clear inks to ensure that underlying items trap. Best for varnishes and dieline inks.",
          "datatype": {
            "type": "Number",
            "value": 1769231474
          }
        },
        {
          "name": "OPAQUE_IGNORE",
          "rwaccess": "readonly",
          "shortdesc": "Uses heavy, nontransparent inks to prevent trapping of underlying colors but allow for trapping along the edges of the ink. Best for inks that have undesirable interactions with other inks.",
          "datatype": {
            "type": "Number",
            "value": 1769228647
          }
        }
      ]
    }
  ]
}