{
  "name": "InnerGlowSource",
  "enumeration": true,
  "shortdesc": "Inner glow source options.",
  "elements": [
    {
      "type": "class",
      "property": [
        {
          "name": "CENTER_SOURCED",
          "rwaccess": "readonly",
          "shortdesc": "The glow radiates from the object's center.",
          "datatype": {
            "type": "Number",
            "value": 2020618593
          }
        },
        {
          "name": "EDGE_SOURCED",
          "rwaccess": "readonly",
          "shortdesc": "The glow radiates from the edge of the object.",
          "datatype": {
            "type": "Number",
            "value": 2020618594
          }
        }
      ]
    }
  ]
}