{
  "name": "InnerGlowSetting",
  "dynamic": true,
  "superclass": {
    "href": "#/Preference",
    "$t": "Preference"
  },
  "shortdesc": "Inner glow effect settings.",
  "elements": [
    {
      "type": "instance",
      "property": [
        {
          "name": "isValid",
          "rwaccess": "readonly",
          "shortdesc": "Returns true if the object specifier resolves to valid objects.",
          "datatype": {
            "type": "Boolean"
          }
        },
        {
          "name": "parent",
          "rwaccess": "readonly",
          "shortdesc": "The parent of the InnerGlowSetting &#40;a TransparencySetting, StrokeTransparencySetting, FillTransparencySetting or ContentTransparencySetting).",
          "datatype": {
            "type": "Mixed"
          }
        },
        {
          "name": "events",
          "rwaccess": "readonly",
          "shortdesc": "A collection of events.",
          "datatype": {
            "type": "Events"
          }
        },
        {
          "name": "eventListeners",
          "rwaccess": "readonly",
          "shortdesc": "A collection of event listeners.",
          "datatype": {
            "type": "EventListeners"
          }
        },
        {
          "name": "applied",
          "shortdesc": "If true, the inner glow effect is applied.",
          "datatype": {
            "type": "Boolean"
          }
        },
        {
          "name": "blendMode",
          "shortdesc": "The blending mode for the inner glow effect.",
          "datatype": {
            "type": "BlendMode"
          }
        },
        {
          "name": "opacity",
          "shortdesc": "The opacity of the inner glow &#40;as a percentage). (Range: 0 to 100)",
          "datatype": {
            "type": "Number",
            "min": 0,
            "max": 100
          }
        },
        {
          "name": "noise",
          "shortdesc": "The amount &#40;as a percentage) of noise applied to the inner glow. (Range: 0 to 100)",
          "datatype": {
            "type": "Number",
            "min": 0,
            "max": 100
          }
        },
        {
          "name": "effectColor",
          "shortdesc": "The color applied to the inner glow, specified as a swatch &#40;color, gradient, tint, or mixed ink), or as an array of color values. The color mode dictates the array values: for RGB, specify three values, each in the range 0 to 255, in the format [R,G,B]; for CMYK, specify four values, each as a percentage and each in the range 0 to 100, in the format [C,M,Y,K]; for LAB, specify three values in the format [L,A,B], with L in the range 0 to 100 and A and B in the range -128 to 127.",
          "datatype": {
            "type": "Swatch"
          }
        },
        {
          "name": "technique",
          "shortdesc": "The technique used for the inner glow.",
          "datatype": {
            "type": "GlowTechnique"
          }
        },
        {
          "name": "spread",
          "shortdesc": "The amount of spread &#40;as a percentage of the inner glow size). (Range: 0 to 100)",
          "datatype": {
            "type": "Number",
            "min": 0,
            "max": 100
          }
        },
        {
          "name": "size",
          "shortdesc": "The size of the inner glow.",
          "datatype": {
            "type": "Measurement Unit &amp;&#35;40;Number or String&#41;=any",
            "min": 0,
            "max": 144
          }
        },
        {
          "name": "source",
          "shortdesc": "The light source of the inner glow effect.",
          "datatype": {
            "type": "InnerGlowSource"
          }
        },
        {
          "name": "properties",
          "shortdesc": "A property that allows setting of several properties at the same time.",
          "datatype": {
            "type": "Object"
          }
        }
      ],
      "method": [
        {
          "name": "toSource",
          "shortdesc": "Generates a string which, if executed, will return the InnerGlowSetting.",
          "datatype": {
            "type": "String"
          }
        },
        {
          "name": "getElements",
          "shortdesc": "Resolves the object specifier, creating an array of object references.",
          "datatype": {
            "type": "InnerGlowSetting",
            "array": true
          }
        },
        {
          "name": "toSpecifier",
          "shortdesc": "Retrieves the object specifier.",
          "datatype": {
            "type": "String"
          }
        },
        {
          "name": "addEventListener",
          "shortdesc": "Adds an event listener.",
          "parameters": [
            {
              "name": "eventType",
              "shortdesc": "The event type.",
              "datatype": {
                "type": "String"
              }
            },
            {
              "name": "handler",
              "shortdesc": "The event handler. Can accept: File or JavaScript Function.",
              "datatype": {
                "type": "Mixed"
              }
            },
            {
              "name": "captures",
              "optional": true,
              "shortdesc": "This parameter is obsolete. &#40;Optional)",
              "datatype": {
                "type": "Boolean",
                "value": false
              }
            }
          ],
          "datatype": {
            "type": "EventListener"
          }
        },
        {
          "name": "removeEventListener",
          "shortdesc": "Removes the event listener.",
          "parameters": [
            {
              "name": "eventType",
              "shortdesc": "The registered event type.",
              "datatype": {
                "type": "String"
              }
            },
            {
              "name": "handler",
              "shortdesc": "The registered event handler. Can accept: File or JavaScript Function.",
              "datatype": {
                "type": "Mixed"
              }
            },
            {
              "name": "captures",
              "optional": true,
              "shortdesc": "This parameter is obsolete. &#40;Optional)",
              "datatype": {
                "type": "Boolean",
                "value": false
              }
            }
          ],
          "datatype": {
            "type": "Boolean"
          }
        }
      ]
    }
  ]
}