{
  "name": "InnerShadowSetting",
  "dynamic": true,
  "superclass": {
    "href": "#/Preference",
    "$t": "Preference"
  },
  "shortdesc": "Inner shadow effect settings.",
  "elements": [
    {
      "type": "instance",
      "property": [
        {
          "name": "isValid",
          "rwaccess": "readonly",
          "shortdesc": "Returns true if the object specifier resolves to valid objects.",
          "datatype": {
            "type": "Boolean"
          }
        },
        {
          "name": "parent",
          "rwaccess": "readonly",
          "shortdesc": "The parent of the InnerShadowSetting &#40;a TransparencySetting, StrokeTransparencySetting, FillTransparencySetting or ContentTransparencySetting).",
          "datatype": {
            "type": "Mixed"
          }
        },
        {
          "name": "events",
          "rwaccess": "readonly",
          "shortdesc": "A collection of events.",
          "datatype": {
            "type": "Events"
          }
        },
        {
          "name": "eventListeners",
          "rwaccess": "readonly",
          "shortdesc": "A collection of event listeners.",
          "datatype": {
            "type": "EventListeners"
          }
        },
        {
          "name": "xOffset",
          "shortdesc": "The horizontal offset of the shadow",
          "datatype": {
            "type": "Measurement Unit &amp;&#35;40;Number or String&#41;=any",
            "min": -1000,
            "max": 1000
          }
        },
        {
          "name": "yOffset",
          "shortdesc": "The vertical offset of the shadow",
          "datatype": {
            "type": "Measurement Unit &amp;&#35;40;Number or String&#41;=any",
            "min": -1000,
            "max": 1000
          }
        },
        {
          "name": "applied",
          "shortdesc": "If true, the inner shadow effect is applied.",
          "datatype": {
            "type": "Boolean"
          }
        },
        {
          "name": "effectColor",
          "shortdesc": "The color applied to the inner shadow, specified as a swatch &#40;color, gradient, tint, or mixed ink), or as an array of color values. The color mode dictates the array values: for RGB, specify three values, each in the range 0 to 255, in the format [R,G,B]; for CMYK, specify four values, each as a percentage and each in the range 0 to 100, in the format [C,M,Y,K]; for LAB, specify three values in the format [L,A,B], with L in the range 0 to 100 and A and B in the range -128 to 127.",
          "datatype": {
            "type": "Swatch"
          }
        },
        {
          "name": "blendMode",
          "shortdesc": "The blending mode for the inner shadow effect.",
          "datatype": {
            "type": "BlendMode"
          }
        },
        {
          "name": "opacity",
          "shortdesc": "The opacity &#40;as a percentage) of the inner shadow. (Range: 0 to 100)",
          "datatype": {
            "type": "Number",
            "min": 0,
            "max": 100
          }
        },
        {
          "name": "angle",
          "shortdesc": "The angle at which the inner shadow is thrown. &#40;Range: -360 to 360)",
          "datatype": {
            "type": "Number",
            "min": -180,
            "max": 180
          }
        },
        {
          "name": "distance",
          "shortdesc": "The distance between the InnerShadowSetting and the shadow.",
          "datatype": {
            "type": "Measurement Unit &amp;&#35;40;Number or String&#41;=any",
            "min": 0,
            "max": 1000
          }
        },
        {
          "name": "useGlobalLight",
          "shortdesc": "If true, the global light angle is used.",
          "datatype": {
            "type": "Boolean"
          }
        },
        {
          "name": "chokeAmount",
          "shortdesc": "The amount to choke the inner shadow &#40;as a percentage of shadow size). (Range: 0 to 100)",
          "datatype": {
            "type": "Number",
            "min": 0,
            "max": 100
          }
        },
        {
          "name": "size",
          "shortdesc": "The size of the inner shadow.",
          "datatype": {
            "type": "Measurement Unit &amp;&#35;40;Number or String&#41;=any",
            "min": 0,
            "max": 144
          }
        },
        {
          "name": "noise",
          "shortdesc": "The amount &#40;as a percentage) of noise to add to the shadow. (Range: 0 to 100)",
          "datatype": {
            "type": "Number",
            "min": 0,
            "max": 100
          }
        },
        {
          "name": "properties",
          "shortdesc": "A property that allows setting of several properties at the same time.",
          "datatype": {
            "type": "Object"
          }
        }
      ],
      "method": [
        {
          "name": "toSource",
          "shortdesc": "Generates a string which, if executed, will return the InnerShadowSetting.",
          "datatype": {
            "type": "String"
          }
        },
        {
          "name": "getElements",
          "shortdesc": "Resolves the object specifier, creating an array of object references.",
          "datatype": {
            "type": "InnerShadowSetting",
            "array": true
          }
        },
        {
          "name": "toSpecifier",
          "shortdesc": "Retrieves the object specifier.",
          "datatype": {
            "type": "String"
          }
        },
        {
          "name": "addEventListener",
          "shortdesc": "Adds an event listener.",
          "parameters": [
            {
              "name": "eventType",
              "shortdesc": "The event type.",
              "datatype": {
                "type": "String"
              }
            },
            {
              "name": "handler",
              "shortdesc": "The event handler. Can accept: File or JavaScript Function.",
              "datatype": {
                "type": "Mixed"
              }
            },
            {
              "name": "captures",
              "optional": true,
              "shortdesc": "This parameter is obsolete. &#40;Optional)",
              "datatype": {
                "type": "Boolean",
                "value": false
              }
            }
          ],
          "datatype": {
            "type": "EventListener"
          }
        },
        {
          "name": "removeEventListener",
          "shortdesc": "Removes the event listener.",
          "parameters": [
            {
              "name": "eventType",
              "shortdesc": "The registered event type.",
              "datatype": {
                "type": "String"
              }
            },
            {
              "name": "handler",
              "shortdesc": "The registered event handler. Can accept: File or JavaScript Function.",
              "datatype": {
                "type": "Mixed"
              }
            },
            {
              "name": "captures",
              "optional": true,
              "shortdesc": "This parameter is obsolete. &#40;Optional)",
              "datatype": {
                "type": "Boolean",
                "value": false
              }
            }
          ],
          "datatype": {
            "type": "Boolean"
          }
        }
      ]
    }
  ]
}