{
  "name": "InsertionPoints",
  "dynamic": true,
  "shortdesc": "A collection of insertion points.",
  "elements": [
    {
      "type": "instance",
      "method": [
        {
          "name": "count",
          "shortdesc": "Displays the number of elements in the InsertionPoint.",
          "datatype": {
            "type": "Number"
          }
        },
        {
          "name": "item",
          "shortdesc": "Returns the InsertionPoint with the specified index or name.",
          "parameters": [
            {
              "name": "index",
              "shortdesc": "The index or name. Can accept: Long Integer or String.",
              "datatype": {
                "type": "Mixed"
              }
            }
          ],
          "datatype": {
            "type": "InsertionPoint"
          }
        },
        {
          "name": "itemByRange",
          "shortdesc": "Returns the InsertionPoints within the specified range.",
          "parameters": [
            {
              "name": "from",
              "shortdesc": "The InsertionPoint, index, or name at the beginning of the range. Can accept: InsertionPoint, Long Integer or String.",
              "datatype": {
                "type": "Mixed"
              }
            },
            {
              "name": "to",
              "shortdesc": "The InsertionPoint, index, or name at the end of the range. Can accept: InsertionPoint, Long Integer or String.",
              "datatype": {
                "type": "Mixed"
              }
            }
          ],
          "datatype": {
            "type": "InsertionPoint",
            "array": true
          }
        },
        {
          "name": "firstItem",
          "shortdesc": "Returns the first InsertionPoint in the collection.",
          "datatype": {
            "type": "InsertionPoint"
          }
        },
        {
          "name": "lastItem",
          "shortdesc": "Returns the last InsertionPoint in the collection.",
          "datatype": {
            "type": "InsertionPoint"
          }
        },
        {
          "name": "middleItem",
          "shortdesc": "Returns the middle InsertionPoint in the collection.",
          "datatype": {
            "type": "InsertionPoint"
          }
        },
        {
          "name": "previousItem",
          "shortdesc": "Returns the InsertionPoint with the index previous to the specified index.",
          "parameters": [
            {
              "name": "obj",
              "shortdesc": "The index of the InsertionPoint that follows the desired InsertionPoint.",
              "datatype": {
                "type": "InsertionPoint"
              }
            }
          ],
          "datatype": {
            "type": "InsertionPoint"
          }
        },
        {
          "name": "nextItem",
          "shortdesc": "Returns the InsertionPoint whose index follows the specified InsertionPoint in the collection.",
          "parameters": [
            {
              "name": "obj",
              "shortdesc": "The InsertionPoint whose index comes before the desired InsertionPoint.",
              "datatype": {
                "type": "InsertionPoint"
              }
            }
          ],
          "datatype": {
            "type": "InsertionPoint"
          }
        },
        {
          "name": "anyItem",
          "shortdesc": "Returns any InsertionPoint in the collection.",
          "datatype": {
            "type": "InsertionPoint"
          }
        },
        {
          "name": "everyItem",
          "shortdesc": "Returns every InsertionPoint in the collection.",
          "datatype": {
            "type": "InsertionPoint",
            "array": true
          }
        },
        {
          "name": "toSource",
          "shortdesc": "Generates a string which, if executed, will return the InsertionPoint.",
          "datatype": {
            "type": "String"
          }
        },
        {
          "name": "[]",
          "shortdesc": "Returns the InsertionPoint with the specified index.",
          "parameters": [
            {
              "name": "index",
              "shortdesc": "The index.",
              "datatype": {
                "type": "Number"
              }
            }
          ],
          "datatype": {
            "type": "InsertionPoint"
          }
        }
      ],
      "property": [
        {
          "name": "length",
          "rwaccess": "readonly",
          "shortdesc": "The number of objects in the collection.",
          "datatype": {
            "type": "Number"
          }
        }
      ]
    }
  ]
}