{
  "name": "InteractiveElementsOptions",
  "enumeration": true,
  "shortdesc": "Options for how to draw interactive elements.",
  "elements": [
    {
      "type": "class",
      "property": [
        {
          "name": "DO_NOT_INCLUDE",
          "rwaccess": "readonly",
          "shortdesc": "Do not include interactive elements.",
          "datatype": {
            "type": "number",
            "value": 1145981283
          }
        },
        {
          "name": "APPEARANCE_ONLY",
          "rwaccess": "readonly",
          "shortdesc": "Draw interactive elements appearance only.",
          "datatype": {
            "type": "number",
            "value": 1097887823
          }
        }
      ]
    }
  ]
}