{
  "name": "IntegerComboboxes",
  "dynamic": true,
  "shortdesc": "A collection of integer comboboxes.",
  "elements": [
    {
      "type": "instance",
      "method": [
        {
          "name": "add",
          "shortdesc": "Creates a new IntegerCombobox.",
          "parameters": [
            {
              "name": "withProperties",
              "shortdesc": "Initial values for properties of the new IntegerCombobox &#40;Optional)",
              "datatype": {
                "type": "Object"
              }
            }
          ],
          "datatype": {
            "type": "IntegerCombobox"
          }
        },
        {
          "name": "count",
          "shortdesc": "Displays the number of elements in the IntegerCombobox.",
          "datatype": {
            "type": "Number"
          }
        },
        {
          "name": "item",
          "shortdesc": "Returns the IntegerCombobox with the specified index or name.",
          "parameters": [
            {
              "name": "index",
              "shortdesc": "The index or name. Can accept: Long Integer or String.",
              "datatype": {
                "type": "Mixed"
              }
            }
          ],
          "datatype": {
            "type": "IntegerCombobox"
          }
        },
        {
          "name": "itemByID",
          "shortdesc": "Returns the IntegerCombobox with the specified ID.",
          "parameters": [
            {
              "name": "id",
              "shortdesc": "The ID.",
              "datatype": {
                "type": "Number"
              }
            }
          ],
          "datatype": {
            "type": "IntegerCombobox"
          }
        },
        {
          "name": "itemByRange",
          "shortdesc": "Returns the IntegerComboboxes within the specified range.",
          "parameters": [
            {
              "name": "from",
              "shortdesc": "The IntegerCombobox, index, or name at the beginning of the range. Can accept: IntegerCombobox, Long Integer or String.",
              "datatype": {
                "type": "Mixed"
              }
            },
            {
              "name": "to",
              "shortdesc": "The IntegerCombobox, index, or name at the end of the range. Can accept: IntegerCombobox, Long Integer or String.",
              "datatype": {
                "type": "Mixed"
              }
            }
          ],
          "datatype": {
            "type": "IntegerCombobox",
            "array": true
          }
        },
        {
          "name": "firstItem",
          "shortdesc": "Returns the first IntegerCombobox in the collection.",
          "datatype": {
            "type": "IntegerCombobox"
          }
        },
        {
          "name": "lastItem",
          "shortdesc": "Returns the last IntegerCombobox in the collection.",
          "datatype": {
            "type": "IntegerCombobox"
          }
        },
        {
          "name": "middleItem",
          "shortdesc": "Returns the middle IntegerCombobox in the collection.",
          "datatype": {
            "type": "IntegerCombobox"
          }
        },
        {
          "name": "previousItem",
          "shortdesc": "Returns the IntegerCombobox with the index previous to the specified index.",
          "parameters": [
            {
              "name": "obj",
              "shortdesc": "The index of the IntegerCombobox that follows the desired IntegerCombobox.",
              "datatype": {
                "type": "IntegerCombobox"
              }
            }
          ],
          "datatype": {
            "type": "IntegerCombobox"
          }
        },
        {
          "name": "nextItem",
          "shortdesc": "Returns the IntegerCombobox whose index follows the specified IntegerCombobox in the collection.",
          "parameters": [
            {
              "name": "obj",
              "shortdesc": "The IntegerCombobox whose index comes before the desired IntegerCombobox.",
              "datatype": {
                "type": "IntegerCombobox"
              }
            }
          ],
          "datatype": {
            "type": "IntegerCombobox"
          }
        },
        {
          "name": "anyItem",
          "shortdesc": "Returns any IntegerCombobox in the collection.",
          "datatype": {
            "type": "IntegerCombobox"
          }
        },
        {
          "name": "everyItem",
          "shortdesc": "Returns every IntegerCombobox in the collection.",
          "datatype": {
            "type": "IntegerCombobox",
            "array": true
          }
        },
        {
          "name": "toSource",
          "shortdesc": "Generates a string which, if executed, will return the IntegerCombobox.",
          "datatype": {
            "type": "String"
          }
        },
        {
          "name": "[]",
          "shortdesc": "Returns the IntegerCombobox with the specified index.",
          "parameters": [
            {
              "name": "index",
              "shortdesc": "The index.",
              "datatype": {
                "type": "Number"
              }
            }
          ],
          "datatype": {
            "type": "IntegerCombobox"
          }
        }
      ],
      "property": [
        {
          "name": "length",
          "rwaccess": "readonly",
          "shortdesc": "The number of objects in the collection.",
          "datatype": {
            "type": "Number"
          }
        }
      ]
    }
  ]
}