{
  "name": "InteractivePDFExportPreference",
  "dynamic": true,
  "superclass": {
    "href": "#/Preference",
    "$t": "Preference"
  },
  "shortdesc": "Interactive PDF export settings for the application object.",
  "elements": [
    {
      "type": "instance",
      "property": [
        {
          "name": "isValid",
          "rwaccess": "readonly",
          "shortdesc": "Returns true if the object specifier resolves to valid objects.",
          "datatype": {
            "type": "Boolean"
          }
        },
        {
          "name": "parent",
          "rwaccess": "readonly",
          "shortdesc": "The parent of the InteractivePDFExportPreference &#40;a Application).",
          "datatype": {
            "type": "Application"
          }
        },
        {
          "name": "events",
          "rwaccess": "readonly",
          "shortdesc": "A collection of events.",
          "datatype": {
            "type": "Events"
          }
        },
        {
          "name": "eventListeners",
          "rwaccess": "readonly",
          "shortdesc": "A collection of event listeners.",
          "datatype": {
            "type": "EventListeners"
          }
        },
        {
          "name": "pageRange",
          "shortdesc": "The pages to print, specified either as an enumeration or a string. To specify a range, separate page numbers in the string with a hyphen &#40;-). To specify separate pages, separate page numbers in the string with a comma (,). Can return: PageRange enumerator or String.",
          "datatype": {
            "type": "Mixed"
          }
        },
        {
          "name": "exportReaderSpreads",
          "shortdesc": "If true, each spread in the exported document is combined into a single page that has spread's original width.",
          "datatype": {
            "type": "Boolean"
          }
        },
        {
          "name": "viewPDF",
          "shortdesc": "If true, automatically opens the PDF file after exporting.",
          "datatype": {
            "type": "Boolean"
          }
        },
        {
          "name": "generateThumbnails",
          "shortdesc": "If true, generates thumbnail images for each page or spread.",
          "datatype": {
            "type": "Boolean"
          }
        },
        {
          "name": "exportLayers",
          "shortdesc": "If true, saves each layer as an Acrobat layer within the PDF document.",
          "datatype": {
            "type": "Boolean"
          }
        },
        {
          "name": "includeStructure",
          "shortdesc": "If true, creates a tagged PDF file. Note: If acrobat compatibility is acrobat 6 or higher, tags are visible only when the PDF is opened in Acrobat 6 or higher.",
          "datatype": {
            "type": "Boolean"
          }
        },
        {
          "name": "pdfMagnification",
          "shortdesc": "The export PDF magnification options.",
          "datatype": {
            "type": "PdfMagnificationOptions"
          }
        },
        {
          "name": "pdfPageLayout",
          "shortdesc": "The export PDF page layout.",
          "datatype": {
            "type": "PageLayoutOptions"
          }
        },
        {
          "name": "openInFullScreen",
          "shortdesc": "Open PDF in full screen mode.",
          "datatype": {
            "type": "Boolean"
          }
        },
        {
          "name": "flipPages",
          "shortdesc": "Automatically flip pages in the exported PDF.",
          "datatype": {
            "type": "Boolean"
          }
        },
        {
          "name": "flipPagesSpeed",
          "shortdesc": "The speed that the pages flip.",
          "datatype": {
            "type": "Number",
            "min": 0,
            "max": 32767
          }
        },
        {
          "name": "pageTransitionOverride",
          "shortdesc": "The name of the page transition to use for all pages.",
          "datatype": {
            "type": "PageTransitionOverrideOptions"
          }
        },
        {
          "name": "interactivePDFInteractiveElementsOption",
          "shortdesc": "How to draw interactive elements.",
          "datatype": {
            "type": "InteractivePDFInteractiveElementsOptions"
          }
        },
        {
          "name": "pdfRasterCompression",
          "shortdesc": "The PDF raster compression options.",
          "datatype": {
            "type": "PDFRasterCompressionOptions"
          }
        },
        {
          "name": "pdfJPEGQuality",
          "shortdesc": "The PDF JPEG quality options.",
          "datatype": {
            "type": "PDFJPEGQualityOptions"
          }
        },
        {
          "name": "rasterResolution",
          "shortdesc": "The raster resolution. Can return: RasterResolutionOptions enumerator or Long Integer &#40;72 - 300).",
          "datatype": {
            "type": "Mixed"
          }
        },
        {
          "name": "usePDFStructureForTabOrder",
          "shortdesc": "Use tagged PDF structure for interactive elements tab order.",
          "datatype": {
            "type": "Boolean"
          }
        },
        {
          "name": "properties",
          "shortdesc": "A property that allows setting of several properties at the same time.",
          "datatype": {
            "type": "Object"
          }
        }
      ],
      "method": [
        {
          "name": "toSource",
          "shortdesc": "Generates a string which, if executed, will return the InteractivePDFExportPreference.",
          "datatype": {
            "type": "String"
          }
        },
        {
          "name": "getElements",
          "shortdesc": "Resolves the object specifier, creating an array of object references.",
          "datatype": {
            "type": "InteractivePDFExportPreference",
            "array": true
          }
        },
        {
          "name": "toSpecifier",
          "shortdesc": "Retrieves the object specifier.",
          "datatype": {
            "type": "String"
          }
        },
        {
          "name": "addEventListener",
          "shortdesc": "Adds an event listener.",
          "parameters": [
            {
              "name": "eventType",
              "shortdesc": "The event type.",
              "datatype": {
                "type": "String"
              }
            },
            {
              "name": "handler",
              "shortdesc": "The event handler. Can accept: File or JavaScript Function.",
              "datatype": {
                "type": "Mixed"
              }
            },
            {
              "name": "captures",
              "optional": true,
              "shortdesc": "This parameter is obsolete. &#40;Optional)",
              "datatype": {
                "type": "Boolean",
                "value": false
              }
            }
          ],
          "datatype": {
            "type": "EventListener"
          }
        },
        {
          "name": "removeEventListener",
          "shortdesc": "Removes the event listener.",
          "parameters": [
            {
              "name": "eventType",
              "shortdesc": "The registered event type.",
              "datatype": {
                "type": "String"
              }
            },
            {
              "name": "handler",
              "shortdesc": "The registered event handler. Can accept: File or JavaScript Function.",
              "datatype": {
                "type": "Mixed"
              }
            },
            {
              "name": "captures",
              "optional": true,
              "shortdesc": "This parameter is obsolete. &#40;Optional)",
              "datatype": {
                "type": "Boolean",
                "value": false
              }
            }
          ],
          "datatype": {
            "type": "Boolean"
          }
        }
      ]
    }
  ]
}