{
  "name": "JoinOptions",
  "enumeration": true,
  "shortdesc": "Options for joining two path points.",
  "elements": [
    {
      "type": "class",
      "property": [
        {
          "name": "CONNECT",
          "rwaccess": "readonly",
          "shortdesc": "Connect two end points &amp;&#35;40;default&#41;.",
          "datatype": {
            "type": "number",
            "value": 1668178804
          }
        },
        {
          "name": "COMBINE",
          "rwaccess": "readonly",
          "shortdesc": "Combine two end points and replace with an single averaged point.",
          "datatype": {
            "type": "number",
            "value": 1668113006
          }
        }
      ]
    }
  ]
}