{
  "name": "JpegColorSpaceEnum",
  "enumeration": true,
  "shortdesc": "Color space options for representing color in the exported JPEG.",
  "elements": [
    {
      "type": "class",
      "property": [
        {
          "name": "RGB",
          "rwaccess": "readonly",
          "shortdesc": "Represents all color values using the RGB color space. Best suited for documents that will be viewed on-screen.",
          "datatype": {
            "type": "Number",
            "value": 1666336578
          }
        },
        {
          "name": "CMYK",
          "rwaccess": "readonly",
          "shortdesc": "Represents all color values using the CMYK color space.",
          "datatype": {
            "type": "Number",
            "value": 1129142603
          }
        },
        {
          "name": "GRAY",
          "rwaccess": "readonly",
          "shortdesc": "Converts all color values to high-quality black-and-white images. Gray levels of the converted objects represent the luminosity of the original objects.",
          "datatype": {
            "type": "Number",
            "value": 1766290041
          }
        }
      ]
    }
  ]
}