{
  "name": "JPEGExportPreference",
  "dynamic": true,
  "superclass": {
    "href": "#/Preference",
    "$t": "Preference"
  },
  "shortdesc": "JPEG export preferences.",
  "elements": [
    {
      "type": "instance",
      "property": [
        {
          "name": "isValid",
          "rwaccess": "readonly",
          "shortdesc": "Returns true if the object specifier resolves to valid objects.",
          "datatype": {
            "type": "Boolean"
          }
        },
        {
          "name": "parent",
          "rwaccess": "readonly",
          "shortdesc": "The parent of the JPEGExportPreference &#40;a Application).",
          "datatype": {
            "type": "Application"
          }
        },
        {
          "name": "events",
          "rwaccess": "readonly",
          "shortdesc": "A collection of events.",
          "datatype": {
            "type": "Events"
          }
        },
        {
          "name": "eventListeners",
          "rwaccess": "readonly",
          "shortdesc": "A collection of event listeners.",
          "datatype": {
            "type": "EventListeners"
          }
        },
        {
          "name": "exportingSpread",
          "shortdesc": "If true, exports each spread as a single JPEG file. If false, exports facing pages as separate files and appends sequential numbers to each file name.",
          "datatype": {
            "type": "Boolean"
          }
        },
        {
          "name": "jpegQuality",
          "shortdesc": "The compression quality.",
          "datatype": {
            "type": "JPEGOptionsQuality"
          }
        },
        {
          "name": "pageString",
          "shortdesc": "The page&#40;s) to export, specified as a page number or an array of page numbers. Note: Valid when JPEG export range is not all.",
          "datatype": {
            "type": "String"
          }
        },
        {
          "name": "jpegRenderingStyle",
          "shortdesc": "The rendering style.",
          "datatype": {
            "type": "JPEGOptionsFormat"
          }
        },
        {
          "name": "jpegExportRange",
          "shortdesc": "The page range to export.",
          "datatype": {
            "type": "ExportRangeOrAllPages"
          }
        },
        {
          "name": "embedColorProfile",
          "shortdesc": "True to embed the color profile, false otherwise.",
          "datatype": {
            "type": "Boolean"
          }
        },
        {
          "name": "jpegColorSpace",
          "shortdesc": "One of RGB, CMYK or Gray",
          "datatype": {
            "type": "JpegColorSpaceEnum"
          }
        },
        {
          "name": "useDocumentBleeds",
          "shortdesc": "If true, uses the document's bleed settings in the exported JPEG.",
          "datatype": {
            "type": "Boolean"
          }
        },
        {
          "name": "antiAlias",
          "shortdesc": "If true, use anti-aliasing for text and vectors during export.",
          "datatype": {
            "type": "Boolean"
          }
        },
        {
          "name": "simulateOverprint",
          "shortdesc": "If true, simulates the effects of overprinting spot and process colors in the same way they would occur when printing.",
          "datatype": {
            "type": "Boolean"
          }
        },
        {
          "name": "exportResolution",
          "shortdesc": "The export\tresolution expressed as a real number instead of an integer. &#40;Range: 1.0 to 2400.0)",
          "datatype": {
            "type": "Number",
            "min": 1,
            "max": 2400
          }
        },
        {
          "name": "properties",
          "shortdesc": "A property that allows setting of several properties at the same time.",
          "datatype": {
            "type": "Object"
          }
        }
      ],
      "method": [
        {
          "name": "toSource",
          "shortdesc": "Generates a string which, if executed, will return the JPEGExportPreference.",
          "datatype": {
            "type": "String"
          }
        },
        {
          "name": "getElements",
          "shortdesc": "Resolves the object specifier, creating an array of object references.",
          "datatype": {
            "type": "JPEGExportPreference",
            "array": true
          }
        },
        {
          "name": "toSpecifier",
          "shortdesc": "Retrieves the object specifier.",
          "datatype": {
            "type": "String"
          }
        },
        {
          "name": "addEventListener",
          "shortdesc": "Adds an event listener.",
          "parameters": [
            {
              "name": "eventType",
              "shortdesc": "The event type.",
              "datatype": {
                "type": "String"
              }
            },
            {
              "name": "handler",
              "shortdesc": "The event handler. Can accept: File or JavaScript Function.",
              "datatype": {
                "type": "Mixed"
              }
            },
            {
              "name": "captures",
              "optional": true,
              "shortdesc": "This parameter is obsolete. &#40;Optional)",
              "datatype": {
                "type": "Boolean",
                "value": false
              }
            }
          ],
          "datatype": {
            "type": "EventListener"
          }
        },
        {
          "name": "removeEventListener",
          "shortdesc": "Removes the event listener.",
          "parameters": [
            {
              "name": "eventType",
              "shortdesc": "The registered event type.",
              "datatype": {
                "type": "String"
              }
            },
            {
              "name": "handler",
              "shortdesc": "The registered event handler. Can accept: File or JavaScript Function.",
              "datatype": {
                "type": "Mixed"
              }
            },
            {
              "name": "captures",
              "optional": true,
              "shortdesc": "This parameter is obsolete. &#40;Optional)",
              "datatype": {
                "type": "Boolean",
                "value": false
              }
            }
          ],
          "datatype": {
            "type": "Boolean"
          }
        }
      ]
    }
  ]
}