{
  "name": "JPEGOptionsQuality",
  "enumeration": true,
  "shortdesc": "Quality options for converted JPEG images.",
  "elements": [
    {
      "type": "class",
      "property": [
        {
          "name": "LOW",
          "rwaccess": "readonly",
          "shortdesc": "Low quality.",
          "datatype": {
            "type": "number",
            "value": 1701727351
          }
        },
        {
          "name": "MEDIUM",
          "rwaccess": "readonly",
          "shortdesc": "Medium quality.",
          "datatype": {
            "type": "number",
            "value": 1701727588
          }
        },
        {
          "name": "HIGH",
          "rwaccess": "readonly",
          "shortdesc": "High quality.",
          "datatype": {
            "type": "number",
            "value": 1701726313
          }
        },
        {
          "name": "MAXIMUM",
          "rwaccess": "readonly",
          "shortdesc": "Maximum quality.",
          "datatype": {
            "type": "number",
            "value": 1701727608
          }
        }
      ]
    }
  ]
}