{
  "name": "JPEGOptionsFormat",
  "enumeration": true,
  "shortdesc": "Formatting options for converted JPEG images.",
  "elements": [
    {
      "type": "class",
      "property": [
        {
          "name": "BASELINE_ENCODING",
          "rwaccess": "readonly",
          "shortdesc": "Uses baseline encoding to download the image in one pass.",
          "datatype": {
            "type": "Number",
            "value": 1785751394
          }
        },
        {
          "name": "PROGRESSIVE_ENCODING",
          "rwaccess": "readonly",
          "shortdesc": "Uses progressive encoding to download the image in a series of passes, with the first pass at low resolution and each successive pass adding resolution to the image.",
          "datatype": {
            "type": "Number",
            "value": 1785751408
          }
        }
      ]
    }
  ]
}