{
  "name": "JPEGExportPreference",
  "dynamic": true,
  "superclass": {
    "href": "#/Preference",
    "$t": "Preference"
  },
  "shortdesc": "JPEG export preferences.",
  "elements": [
    {
      "type": "instance",
      "property": [
        {
          "name": "isValid",
          "rwaccess": "readonly",
          "shortdesc": "Returns true if the object specifier resolves to valid objects.",
          "datatype": {
            "type": "bool"
          }
        },
        {
          "name": "parent",
          "rwaccess": "readonly",
          "shortdesc": "The parent of the JPEGExportPreference &amp;&#35;40;a Application&#41;.",
          "datatype": {
            "type": "Application"
          }
        },
        {
          "name": "events",
          "rwaccess": "readonly",
          "shortdesc": "A collection of events.",
          "datatype": {
            "type": "Events"
          }
        },
        {
          "name": "eventListeners",
          "rwaccess": "readonly",
          "shortdesc": "A collection of event listeners.",
          "datatype": {
            "type": "EventListeners"
          }
        },
        {
          "name": "exportingSpread",
          "shortdesc": "If true, exports each spread as a single JPEG file. If false, exports facing pages as separate files and appends sequential numbers to each file name.",
          "datatype": {
            "type": "bool"
          }
        },
        {
          "name": "jpegQuality",
          "shortdesc": "The compression quality.",
          "datatype": {
            "type": "JPEGOptionsQuality"
          }
        },
        {
          "name": "pageString",
          "shortdesc": "The page&amp;&#35;40;s&#41; to export, specified as a page number or an array of page numbers. Note: Valid when JPEG export range is not all.",
          "datatype": {
            "type": "string"
          }
        },
        {
          "name": "jpegRenderingStyle",
          "shortdesc": "The rendering style.",
          "datatype": {
            "type": "JPEGOptionsFormat"
          }
        },
        {
          "name": "jpegExportRange",
          "shortdesc": "The page range to export.",
          "datatype": {
            "type": "ExportRangeOrAllPages"
          }
        },
        {
          "name": "embedColorProfile",
          "shortdesc": "True to embed the color profile, false otherwise.",
          "datatype": {
            "type": "bool"
          }
        },
        {
          "name": "jpegColorSpace",
          "shortdesc": "One of RGB, CMYK or Gray",
          "datatype": {
            "type": "JpegColorSpaceEnum"
          }
        },
        {
          "name": "useDocumentBleeds",
          "shortdesc": "If true, uses the document&apos;s bleed settings in the exported JPEG.",
          "datatype": {
            "type": "bool"
          }
        },
        {
          "name": "antiAlias",
          "shortdesc": "If true, use anti-aliasing for text and vectors during export.",
          "datatype": {
            "type": "bool"
          }
        },
        {
          "name": "simulateOverprint",
          "shortdesc": "If true, simulates the effects of overprinting spot and process colors in the same way they would occur when printing.",
          "datatype": {
            "type": "bool"
          }
        },
        {
          "name": "exportResolution",
          "shortdesc": "The export\tresolution expressed as a real number instead of an integer. &amp;&#35;40;Range: 1.0 to 2400.0&#41;",
          "datatype": {
            "type": "number",
            "min": 1,
            "max": 2400
          }
        },
        {
          "name": "properties",
          "shortdesc": "A property that allows setting of several properties at the same time.",
          "datatype": {
            "type": "Object"
          }
        }
      ],
      "method": [
        {
          "name": "toSource",
          "shortdesc": "Generates a string which, if executed, will return the JPEGExportPreference.",
          "datatype": {
            "type": "string"
          }
        },
        {
          "name": "getElements",
          "shortdesc": "Resolves the object specifier, creating an array of object references.",
          "datatype": {
            "type": "JPEGExportPreference",
            "array": {}
          }
        },
        {
          "name": "toSpecifier",
          "shortdesc": "Retrieves the object specifier.",
          "datatype": {
            "type": "string"
          }
        },
        {
          "name": "addEventListener",
          "shortdesc": "Adds an event listener.",
          "parameters": {
            "parameter": [
              {
                "name": "eventType",
                "shortdesc": "The event type.",
                "datatype": {
                  "type": "string"
                }
              },
              {
                "name": "handler",
                "shortdesc": "The event handler. Can accept: File or JavaScript Function.",
                "datatype": {
                  "type": "mixed"
                }
              },
              {
                "name": "captures",
                "optional": true,
                "shortdesc": "This parameter is obsolete. &amp;&#35;40;Optional&#41;",
                "datatype": {
                  "type": "bool",
                  "value": false
                }
              }
            ]
          },
          "datatype": {
            "type": "EventListener"
          }
        },
        {
          "name": "removeEventListener",
          "shortdesc": "Removes the event listener.",
          "parameters": {
            "parameter": [
              {
                "name": "eventType",
                "shortdesc": "The registered event type.",
                "datatype": {
                  "type": "string"
                }
              },
              {
                "name": "handler",
                "shortdesc": "The registered event handler. Can accept: File or JavaScript Function.",
                "datatype": {
                  "type": "mixed"
                }
              },
              {
                "name": "captures",
                "optional": true,
                "shortdesc": "This parameter is obsolete. &amp;&#35;40;Optional&#41;",
                "datatype": {
                  "type": "bool",
                  "value": false
                }
              }
            ]
          },
          "datatype": {
            "type": "bool"
          }
        }
      ]
    }
  ]
}