{
  "name": "Justification",
  "enumeration": true,
  "shortdesc": "Text alignment options.",
  "elements": [
    {
      "type": "class",
      "property": [
        {
          "name": "LEFT_ALIGN",
          "rwaccess": "readonly",
          "shortdesc": "Left aligns the text.",
          "datatype": {
            "type": "number",
            "value": 1818584692
          }
        },
        {
          "name": "CENTER_ALIGN",
          "rwaccess": "readonly",
          "shortdesc": "Center aligns the text.",
          "datatype": {
            "type": "number",
            "value": 1667591796
          }
        },
        {
          "name": "RIGHT_ALIGN",
          "rwaccess": "readonly",
          "shortdesc": "Right aligns the text.",
          "datatype": {
            "type": "number",
            "value": 1919379572
          }
        },
        {
          "name": "LEFT_JUSTIFIED",
          "rwaccess": "readonly",
          "shortdesc": "Justifies the text and left aligns the last line in the paragraph.",
          "datatype": {
            "type": "number",
            "value": 1818915700
          }
        },
        {
          "name": "RIGHT_JUSTIFIED",
          "rwaccess": "readonly",
          "shortdesc": "Justifies the text and right aligns the last line in the paragraph.",
          "datatype": {
            "type": "number",
            "value": 1919578996
          }
        },
        {
          "name": "CENTER_JUSTIFIED",
          "rwaccess": "readonly",
          "shortdesc": "Justifies text text and center aligns the last line in the paragraph.",
          "datatype": {
            "type": "number",
            "value": 1667920756
          }
        },
        {
          "name": "FULLY_JUSTIFIED",
          "rwaccess": "readonly",
          "shortdesc": "Justifies the text, including the last line in the paragraph.",
          "datatype": {
            "type": "number",
            "value": 1718971500
          }
        },
        {
          "name": "TO_BINDING_SIDE",
          "rwaccess": "readonly",
          "shortdesc": "Aligns text to the binding spine of the page or spread.",
          "datatype": {
            "type": "number",
            "value": 1630691955
          }
        },
        {
          "name": "AWAY_FROM_BINDING_SIDE",
          "rwaccess": "readonly",
          "shortdesc": "Aligns text to the side opposite the binding spine of the page.",
          "datatype": {
            "type": "number",
            "value": 1633772147
          }
        }
      ]
    }
  ]
}