{
  "name": "KentenAlignment",
  "enumeration": true,
  "shortdesc": "Options for aligning kenten characters relative to the parent characters.",
  "elements": [
    {
      "type": "class",
      "property": [
        {
          "name": "ALIGN_KENTEN_LEFT",
          "rwaccess": "readonly",
          "shortdesc": "Aligns kenten with the left of parent characters.",
          "datatype": {
            "type": "number",
            "value": 1248554604
          }
        },
        {
          "name": "ALIGN_KENTEN_CENTER",
          "rwaccess": "readonly",
          "shortdesc": "Aligns kenten with the center of parent charactrers.",
          "datatype": {
            "type": "number",
            "value": 1248554595
          }
        }
      ]
    }
  ]
}