{
  "name": "KentenCharacterSet",
  "enumeration": true,
  "shortdesc": "Kenten character set options.",
  "elements": [
    {
      "type": "class",
      "property": [
        {
          "name": "CHARACTER_INPUT",
          "rwaccess": "readonly",
          "shortdesc": "Character input.",
          "datatype": {
            "type": "Number",
            "value": 1248028777
          }
        },
        {
          "name": "SHIFT_JIS",
          "rwaccess": "readonly",
          "shortdesc": "Shift JIS.",
          "datatype": {
            "type": "Number",
            "value": 1249077875
          }
        },
        {
          "name": "JIS",
          "rwaccess": "readonly",
          "shortdesc": "JIS.",
          "datatype": {
            "type": "Number",
            "value": 1246382419
          }
        },
        {
          "name": "KUTEN",
          "rwaccess": "readonly",
          "shortdesc": "Kuten.",
          "datatype": {
            "type": "Number",
            "value": 1248556404
          }
        },
        {
          "name": "UNICODE",
          "rwaccess": "readonly",
          "shortdesc": "Unicode.",
          "datatype": {
            "type": "Number",
            "value": 1249209961
          }
        }
      ]
    }
  ]
}