{
  "name": "AlternateGlyphsForm",
  "enumeration": true,
  "shortdesc": "The alternate glyphs form of text.",
  "elements": [
    {
      "type": "class",
      "property": [
        {
          "name": "DEFAULTFORM",
          "rwaccess": "readonly",
          "datatype": {
            "type": "int",
            "value": 0
          }
        },
        {
          "name": "TRADITIONAL",
          "rwaccess": "readonly",
          "datatype": {
            "type": "int",
            "value": 1
          }
        },
        {
          "name": "EXPERT",
          "rwaccess": "readonly",
          "datatype": {
            "type": "int",
            "value": 2
          }
        },
        {
          "name": "JIS78FORM",
          "rwaccess": "readonly",
          "datatype": {
            "type": "int",
            "value": 3
          }
        },
        {
          "name": "JIS83FORM",
          "rwaccess": "readonly",
          "datatype": {
            "type": "int",
            "value": 4
          }
        },
        {
          "name": "HALFWIDTH",
          "rwaccess": "readonly",
          "datatype": {
            "type": "int",
            "value": 5
          }
        },
        {
          "name": "THIRDWIDTH",
          "rwaccess": "readonly",
          "datatype": {
            "type": "int",
            "value": 6
          }
        },
        {
          "name": "QUARTERWIDTH",
          "rwaccess": "readonly",
          "datatype": {
            "type": "int",
            "value": 7
          }
        },
        {
          "name": "FULLWIDTH",
          "rwaccess": "readonly",
          "datatype": {
            "type": "int",
            "value": 8
          }
        },
        {
          "name": "PROPORTIONALWIDTH",
          "rwaccess": "readonly",
          "datatype": {
            "type": "int",
            "value": 9
          }
        },
        {
          "name": "JIS90FORM",
          "rwaccess": "readonly",
          "datatype": {
            "type": "int",
            "value": 10
          }
        },
        {
          "name": "JIS04FORM",
          "rwaccess": "readonly",
          "datatype": {
            "type": "int",
            "value": 11
          }
        }
      ]
    }
  ]
}