{
  "name": "AntiAliasingMethod",
  "enumeration": true,
  "shortdesc": "Controls the type of antialiasing method used in the rasterization.",
  "elements": [
    {
      "type": "class",
      "property": [
        {
          "name": "None",
          "rwaccess": "readonly",
          "shortdesc": "No anti-aliasing allowed.",
          "datatype": {
            "type": "int",
            "value": 0
          }
        },
        {
          "name": "ARTOPTIMIZED",
          "rwaccess": "readonly",
          "shortdesc": "Optimize for the art object.",
          "datatype": {
            "type": "int",
            "value": 1
          }
        },
        {
          "name": "TYPEOPTIMIZED",
          "rwaccess": "readonly",
          "shortdesc": "Optimize for the type object.",
          "datatype": {
            "type": "int",
            "value": 2
          }
        }
      ]
    }
  ]
}