{
  "name": "Artboard",
  "dynamic": true,
  "shortdesc": "An artboard object.",
  "elements": [
    {
      "type": "instance",
      "property": [
        {
          "name": "parent",
          "rwaccess": "readonly",
          "shortdesc": "The object's container.",
          "datatype": {
            "type": "Object"
          }
        },
        {
          "name": "typename",
          "rwaccess": "readonly",
          "shortdesc": "The class name of the object.",
          "datatype": {
            "type": "String"
          }
        },
        {
          "name": "artboardRect",
          "shortdesc": "Size and position of artboard.",
          "datatype": {
            "type": "Rectangle"
          }
        },
        {
          "name": "rulerPAR",
          "shortdesc": "Pixel aspect ratio, used in ruler visualization if the units are pixels.",
          "datatype": {
            "type": "Number",
            "min": 0.1,
            "max": 10
          }
        },
        {
          "name": "showCenter",
          "shortdesc": "Show center mark.",
          "datatype": {
            "type": "Boolean"
          }
        },
        {
          "name": "showCrossHairs",
          "shortdesc": "Show cross hairs.",
          "datatype": {
            "type": "Boolean"
          }
        },
        {
          "name": "showSafeAreas",
          "shortdesc": "Show title and action safe areas (for video)",
          "datatype": {
            "type": "Boolean"
          }
        },
        {
          "name": "rulerOrigin",
          "shortdesc": "Ruler origin of artboard.It is relative to left-bottom corner of the Artboard.",
          "datatype": {
            "type": "Point"
          }
        },
        {
          "name": "name",
          "shortdesc": "The name of the artboard.",
          "datatype": {
            "type": "String"
          }
        }
      ],
      "method": [
        {
          "name": "remove",
          "shortdesc": "Deletes this object."
        },
        {
          "name": "removeAll",
          "shortdesc": "Deletes all elements."
        }
      ]
    }
  ]
}