{
  "name": "ArtClippingOption",
  "enumeration": true,
  "shortdesc": "How the arts should be clipped.",
  "elements": [
    {
      "type": "class",
      "property": [
        {
          "name": "OUTPUTARTBOUNDS",
          "rwaccess": "readonly",
          "shortdesc": "Output size is the size of the artwork.",
          "datatype": {
            "type": "int",
            "value": 1
          }
        },
        {
          "name": "OUTPUTARTBOARDBOUNDS",
          "rwaccess": "readonly",
          "shortdesc": "Output size is the size of the artboard.",
          "datatype": {
            "type": "int",
            "value": 2
          }
        },
        {
          "name": "OUTPUTCROPRECTBOUNDS",
          "rwaccess": "readonly",
          "shortdesc": "Output size is the size of the crop area.",
          "datatype": {
            "type": "int",
            "value": 3
          }
        }
      ]
    }
  ]
}