{
  "name": "ArtStyle",
  "dynamic": true,
  "shortdesc": "An art style.",
  "elements": [
    {
      "type": "instance",
      "property": [
        {
          "name": "parent",
          "rwaccess": "readonly",
          "shortdesc": "The object's container.",
          "datatype": {
            "type": "Object"
          }
        },
        {
          "name": "typename",
          "rwaccess": "readonly",
          "shortdesc": "The class name of the object.",
          "datatype": {
            "type": "String"
          }
        },
        {
          "name": "name",
          "shortdesc": "The art style's name.",
          "datatype": {
            "type": "String"
          }
        }
      ],
      "method": [
        {
          "name": "remove",
          "shortdesc": "Deletes this object."
        },
        {
          "name": "removeAll",
          "shortdesc": "Deletes all elements."
        },
        {
          "name": "applyTo",
          "shortdesc": "Apply a brush or art style to object(s)",
          "parameters": [
            {
              "name": "artItem",
              "shortdesc": "The page item(s) to apply to.",
              "datatype": {
                "type": "any"
              }
            }
          ]
        },
        {
          "name": "mergeTo",
          "shortdesc": "Merge an art style to object(s) current style(s)",
          "parameters": [
            {
              "name": "artItem",
              "shortdesc": "The page item(s) to merge to.",
              "datatype": {
                "type": "any"
              }
            }
          ]
        }
      ]
    }
  ]
}