{
  "name": "AutoCADExportOption",
  "enumeration": true,
  "elements": [
    {
      "type": "class",
      "property": [
        {
          "name": "PreserveAppearance",
          "rwaccess": "readonly",
          "datatype": {
            "type": "int",
            "value": 0
          }
        },
        {
          "name": "MaximumEditability",
          "rwaccess": "readonly",
          "datatype": {
            "type": "int",
            "value": 1
          }
        }
      ]
    }
  ]
}