{
  "name": "AutoLeadingType",
  "enumeration": true,
  "shortdesc": "The auto leading type.",
  "elements": [
    {
      "type": "class",
      "property": [
        {
          "name": "BOTTOMTOBOTTOM",
          "rwaccess": "readonly",
          "shortdesc": "Roman leading type.",
          "datatype": {
            "type": "int",
            "value": 0
          }
        },
        {
          "name": "TOPTOTOP",
          "rwaccess": "readonly",
          "shortdesc": "Japanese leading type.",
          "datatype": {
            "type": "int",
            "value": 1
          }
        }
      ]
    }
  ]
}