{
  "name": "AutoCADCompatibility",
  "enumeration": true,
  "elements": [
    {
      "type": "class",
      "property": [
        {
          "name": "AutoCADRelease13",
          "rwaccess": "readonly",
          "datatype": {
            "type": "int",
            "value": 0
          }
        },
        {
          "name": "AutoCADRelease14",
          "rwaccess": "readonly",
          "datatype": {
            "type": "int",
            "value": 1
          }
        },
        {
          "name": "AutoCADRelease15",
          "rwaccess": "readonly",
          "datatype": {
            "type": "int",
            "value": 2
          }
        },
        {
          "name": "AutoCADRelease18",
          "rwaccess": "readonly",
          "datatype": {
            "type": "int",
            "value": 3
          }
        },
        {
          "name": "AutoCADRelease21",
          "rwaccess": "readonly",
          "datatype": {
            "type": "int",
            "value": 4
          }
        },
        {
          "name": "AutoCADRelease24",
          "rwaccess": "readonly",
          "datatype": {
            "type": "int",
            "value": 5
          }
        }
      ]
    }
  ]
}