{
  "name": "AutoKernType",
  "enumeration": true,
  "shortdesc": "The auto kern type.",
  "elements": [
    {
      "type": "class",
      "property": [
        {
          "name": "NOAUTOKERN",
          "rwaccess": "readonly",
          "shortdesc": "No auto kerning.",
          "datatype": {
            "type": "int",
            "value": 0
          }
        },
        {
          "name": "AUTO",
          "rwaccess": "readonly",
          "shortdesc": "Auto kerning.",
          "datatype": {
            "type": "int",
            "value": 1
          }
        },
        {
          "name": "OPTICAL",
          "rwaccess": "readonly",
          "shortdesc": "Optical kerning.",
          "datatype": {
            "type": "int",
            "value": 2
          }
        },
        {
          "name": "METRICSROMANONLY",
          "rwaccess": "readonly",
          "shortdesc": "Metrics roman only.",
          "datatype": {
            "type": "int",
            "value": 3
          }
        }
      ]
    }
  ]
}