{
  "name": "AutoCADColors",
  "enumeration": true,
  "elements": [
    {
      "type": "class",
      "property": [
        {
          "name": "Max8Colors",
          "rwaccess": "readonly",
          "datatype": {
            "type": "int",
            "value": 0
          }
        },
        {
          "name": "Max16Colors",
          "rwaccess": "readonly",
          "datatype": {
            "type": "int",
            "value": 1
          }
        },
        {
          "name": "Max256Colors",
          "rwaccess": "readonly",
          "datatype": {
            "type": "int",
            "value": 2
          }
        },
        {
          "name": "TrueColors",
          "rwaccess": "readonly",
          "datatype": {
            "type": "int",
            "value": 3
          }
        }
      ]
    }
  ]
}