{
  "name": "AutoCADGlobalScaleOption",
  "enumeration": true,
  "elements": [
    {
      "type": "class",
      "property": [
        {
          "name": "OriginalSize",
          "rwaccess": "readonly",
          "datatype": {
            "type": "int",
            "value": 0
          }
        },
        {
          "name": "FitArtboard",
          "rwaccess": "readonly",
          "datatype": {
            "type": "int",
            "value": 1
          }
        },
        {
          "name": "ScaleByValue",
          "rwaccess": "readonly",
          "datatype": {
            "type": "int",
            "value": 2
          }
        }
      ]
    }
  ]
}