{
  "name": "AutoCADUnit",
  "enumeration": true,
  "elements": [
    {
      "type": "class",
      "property": [
        {
          "name": "Points",
          "rwaccess": "readonly",
          "datatype": {
            "type": "int",
            "value": 0
          }
        },
        {
          "name": "Picas",
          "rwaccess": "readonly",
          "datatype": {
            "type": "int",
            "value": 1
          }
        },
        {
          "name": "Inches",
          "rwaccess": "readonly",
          "datatype": {
            "type": "int",
            "value": 2
          }
        },
        {
          "name": "Millimeters",
          "rwaccess": "readonly",
          "datatype": {
            "type": "int",
            "value": 3
          }
        },
        {
          "name": "Centimeters",
          "rwaccess": "readonly",
          "datatype": {
            "type": "int",
            "value": 4
          }
        },
        {
          "name": "Pixels",
          "rwaccess": "readonly",
          "datatype": {
            "type": "int",
            "value": 5
          }
        }
      ]
    }
  ]
}