{
  "name": "BaselineDirectionType",
  "enumeration": true,
  "shortdesc": "The baseline direction type.",
  "elements": [
    {
      "type": "class",
      "property": [
        {
          "name": "Standard",
          "rwaccess": "readonly",
          "datatype": {
            "type": "int",
            "value": 1
          }
        },
        {
          "name": "VerticalRotated",
          "rwaccess": "readonly",
          "datatype": {
            "type": "int",
            "value": 2
          }
        },
        {
          "name": "TateChuYoko",
          "rwaccess": "readonly",
          "datatype": {
            "type": "int",
            "value": 3
          }
        }
      ]
    }
  ]
}