{
  "name": "BlendModes",
  "enumeration": true,
  "shortdesc": "Blend modes used when compositing an object.",
  "elements": [
    {
      "type": "class",
      "property": [
        {
          "name": "NORMAL",
          "rwaccess": "readonly",
          "datatype": {
            "type": "int",
            "value": 0
          }
        },
        {
          "name": "MULTIPLY",
          "rwaccess": "readonly",
          "datatype": {
            "type": "int",
            "value": 1
          }
        },
        {
          "name": "SCREEN",
          "rwaccess": "readonly",
          "datatype": {
            "type": "int",
            "value": 2
          }
        },
        {
          "name": "OVERLAY",
          "rwaccess": "readonly",
          "datatype": {
            "type": "int",
            "value": 3
          }
        },
        {
          "name": "SOFTLIGHT",
          "rwaccess": "readonly",
          "datatype": {
            "type": "int",
            "value": 4
          }
        },
        {
          "name": "HARDLIGHT",
          "rwaccess": "readonly",
          "datatype": {
            "type": "int",
            "value": 5
          }
        },
        {
          "name": "COLORDODGE",
          "rwaccess": "readonly",
          "datatype": {
            "type": "int",
            "value": 6
          }
        },
        {
          "name": "COLORBURN",
          "rwaccess": "readonly",
          "datatype": {
            "type": "int",
            "value": 7
          }
        },
        {
          "name": "DARKEN",
          "rwaccess": "readonly",
          "datatype": {
            "type": "int",
            "value": 8
          }
        },
        {
          "name": "LIGHTEN",
          "rwaccess": "readonly",
          "datatype": {
            "type": "int",
            "value": 9
          }
        },
        {
          "name": "DIFFERENCE",
          "rwaccess": "readonly",
          "datatype": {
            "type": "int",
            "value": 10
          }
        },
        {
          "name": "EXCLUSION",
          "rwaccess": "readonly",
          "datatype": {
            "type": "int",
            "value": 11
          }
        },
        {
          "name": "HUE",
          "rwaccess": "readonly",
          "datatype": {
            "type": "int",
            "value": 12
          }
        },
        {
          "name": "SATURATIONBLEND",
          "rwaccess": "readonly",
          "datatype": {
            "type": "int",
            "value": 13
          }
        },
        {
          "name": "COLORBLEND",
          "rwaccess": "readonly",
          "datatype": {
            "type": "int",
            "value": 14
          }
        },
        {
          "name": "LUMINOSITY",
          "rwaccess": "readonly",
          "datatype": {
            "type": "int",
            "value": 15
          }
        }
      ]
    }
  ]
}