{
  "name": "BlendsExpandPolicy",
  "enumeration": true,
  "shortdesc": "Blends Expand policy used by FXG file format.",
  "elements": [
    {
      "type": "class",
      "property": [
        {
          "name": "AUTOMATICALLYCONVERTBLENDS",
          "rwaccess": "readonly",
          "shortdesc": "Automatically Convert Blends.",
          "datatype": {
            "type": "int",
            "value": 1
          }
        },
        {
          "name": "RASTERIZEBLENDS",
          "rwaccess": "readonly",
          "shortdesc": "Expand Blends by Rasterizing.",
          "datatype": {
            "type": "int",
            "value": 2
          }
        }
      ]
    }
  ]
}