{
  "name": "BlendAnimationType",
  "enumeration": true,
  "elements": [
    {
      "type": "class",
      "property": [
        {
          "name": "NOBLENDANIMATION",
          "rwaccess": "readonly",
          "shortdesc": "No blend animation.",
          "datatype": {
            "type": "int",
            "value": 0
          }
        },
        {
          "name": "INSEQUENCE",
          "rwaccess": "readonly",
          "datatype": {
            "type": "int",
            "value": 1
          }
        },
        {
          "name": "INBUILD",
          "rwaccess": "readonly",
          "datatype": {
            "type": "int",
            "value": 2
          }
        }
      ]
    }
  ]
}