{
  "name": "Brush",
  "dynamic": true,
  "shortdesc": "A brush.",
  "elements": [
    {
      "type": "instance",
      "property": [
        {
          "name": "parent",
          "rwaccess": "readonly",
          "shortdesc": "The object's container.",
          "datatype": {
            "type": "Object"
          }
        },
        {
          "name": "typename",
          "rwaccess": "readonly",
          "shortdesc": "The class name of the object.",
          "datatype": {
            "type": "String"
          }
        },
        {
          "name": "name",
          "shortdesc": "The brush's name.",
          "datatype": {
            "type": "String"
          }
        }
      ],
      "method": [
        {
          "name": "applyTo",
          "shortdesc": "Apply a brush or art style to object(s)",
          "parameters": [
            {
              "name": "artItem",
              "shortdesc": "The page item(s) to apply to.",
              "datatype": {
                "type": "any"
              }
            }
          ]
        }
      ]
    }
  ]
}