{
  "name": "BurasagariTypeEnum",
  "enumeration": true,
  "shortdesc": "The Burasagari type.",
  "elements": [
    {
      "type": "class",
      "property": [
        {
          "name": "None",
          "rwaccess": "readonly",
          "datatype": {
            "type": "int",
            "value": 0
          }
        },
        {
          "name": "Standard",
          "rwaccess": "readonly",
          "datatype": {
            "type": "int",
            "value": 1
          }
        },
        {
          "name": "Forced",
          "rwaccess": "readonly",
          "datatype": {
            "type": "int",
            "value": 2
          }
        }
      ]
    }
  ]
}