{
  "name": "CaseChangeType",
  "enumeration": true,
  "shortdesc": "The case change type.",
  "elements": [
    {
      "type": "class",
      "property": [
        {
          "name": "UPPERCASE",
          "rwaccess": "readonly",
          "shortdesc": "Change to upper case.",
          "datatype": {
            "type": "int",
            "value": 0
          }
        },
        {
          "name": "LOWERCASE",
          "rwaccess": "readonly",
          "shortdesc": "Change to lower case.",
          "datatype": {
            "type": "int",
            "value": 1
          }
        },
        {
          "name": "TITLECASE",
          "rwaccess": "readonly",
          "shortdesc": "Change to title case.",
          "datatype": {
            "type": "int",
            "value": 2
          }
        },
        {
          "name": "SENTENCECASE",
          "rwaccess": "readonly",
          "shortdesc": "Change to sentence case.",
          "datatype": {
            "type": "int",
            "value": 3
          }
        }
      ]
    }
  ]
}