{
  "name": "CharacterAttributes",
  "dynamic": true,
  "shortdesc": "Properties of a character.",
  "elements": [
    {
      "type": "instance",
      "property": [
        {
          "name": "parent",
          "rwaccess": "readonly",
          "shortdesc": "The object's container.",
          "datatype": {
            "type": "Object"
          }
        },
        {
          "name": "typename",
          "rwaccess": "readonly",
          "shortdesc": "The class name of the object.",
          "datatype": {
            "type": "String"
          }
        },
        {
          "name": "textFont",
          "shortdesc": "The text font.",
          "datatype": {
            "type": "TextFont"
          }
        },
        {
          "name": "size",
          "shortdesc": "Font size in points.",
          "datatype": {
            "type": "Number"
          }
        },
        {
          "name": "horizontalScale",
          "shortdesc": "Character horizontal scaling factor expressed as a percentage (100 = 100%)",
          "datatype": {
            "type": "Number"
          }
        },
        {
          "name": "verticalScale",
          "shortdesc": "Character vertical scaling factor expressed as a percentage (100 = 100%)",
          "datatype": {
            "type": "Number"
          }
        },
        {
          "name": "autoLeading",
          "shortdesc": "Whether to use automatic leading.",
          "datatype": {
            "type": "Boolean"
          }
        },
        {
          "name": "leading",
          "shortdesc": "The amount of space between two lines of text (in points)",
          "datatype": {
            "type": "Number"
          }
        },
        {
          "name": "tracking",
          "shortdesc": "The tracking or range kerning amount in thousands of an em.",
          "datatype": {
            "type": "Int32"
          }
        },
        {
          "name": "baselineShift",
          "shortdesc": "The amount of shift (in points) of the text baseline.",
          "datatype": {
            "type": "Number"
          }
        },
        {
          "name": "rotation",
          "shortdesc": "The character rotation angle (in degrees)",
          "datatype": {
            "type": "Number"
          }
        },
        {
          "name": "kerningMethod",
          "shortdesc": "The automatic kerning method to use.",
          "datatype": {
            "type": "AutoKernType"
          }
        },
        {
          "name": "capitalization",
          "shortdesc": "The case of text.",
          "datatype": {
            "type": "FontCapsOption"
          }
        },
        {
          "name": "baselinePosition",
          "shortdesc": "The baseline position of text.",
          "datatype": {
            "type": "FontBaselineOption"
          }
        },
        {
          "name": "openTypePosition",
          "shortdesc": "The OpenType baseline position.",
          "datatype": {
            "type": "FontOpenTypePositionOption"
          }
        },
        {
          "name": "ligature",
          "shortdesc": "Whether the ligature should be used.",
          "datatype": {
            "type": "Boolean"
          }
        },
        {
          "name": "discretionaryLigature",
          "shortdesc": "Whether the discretionary ligature should be used.",
          "datatype": {
            "type": "Boolean"
          }
        },
        {
          "name": "contextualLigature",
          "shortdesc": "Whether the contextual ligature should be used.",
          "datatype": {
            "type": "Boolean"
          }
        },
        {
          "name": "fractions",
          "shortdesc": "Whether the OpenType fractions should be used.",
          "datatype": {
            "type": "Boolean"
          }
        },
        {
          "name": "ordinals",
          "shortdesc": "Whether the OpenType ordinals should be used.",
          "datatype": {
            "type": "Boolean"
          }
        },
        {
          "name": "swash",
          "shortdesc": "Whether the OpenType swash should be used.",
          "datatype": {
            "type": "Boolean"
          }
        },
        {
          "name": "titling",
          "shortdesc": "Whether the OpenType titling alternates should be used.",
          "datatype": {
            "type": "Boolean"
          }
        },
        {
          "name": "connectionForms",
          "shortdesc": "Whether the OpenType connection forms should be used.",
          "datatype": {
            "type": "Boolean"
          }
        },
        {
          "name": "stylisticAlternates",
          "shortdesc": "Whether the OpenType stylistic alternates should be used.",
          "datatype": {
            "type": "Boolean"
          }
        },
        {
          "name": "ornaments",
          "shortdesc": "Whether the OpenType ornaments should be used.",
          "datatype": {
            "type": "Boolean"
          }
        },
        {
          "name": "figureStyle",
          "shortdesc": "Which figure style to use in OpenType font.",
          "datatype": {
            "type": "FigureStyleType"
          }
        },
        {
          "name": "proportionalMetrics",
          "shortdesc": "Does the Japanese OpenType support proportional font?",
          "datatype": {
            "type": "Boolean"
          }
        },
        {
          "name": "italics",
          "shortdesc": "Does the Japanese OpenType support italics?",
          "datatype": {
            "type": "Boolean"
          }
        },
        {
          "name": "baselineDirection",
          "shortdesc": "The Japanese text baseline direction.",
          "datatype": {
            "type": "BaselineDirectionType"
          }
        },
        {
          "name": "language",
          "shortdesc": "The language of text.",
          "datatype": {
            "type": "LanguageType"
          }
        },
        {
          "name": "alternateGlyphs",
          "shortdesc": "The alternate glyphs form.",
          "datatype": {
            "type": "AlternateGlyphsForm"
          }
        },
        {
          "name": "Tsume",
          "shortdesc": "The percentage of space reduction around a Japanese character (100 = 100%)",
          "datatype": {
            "type": "Number"
          }
        },
        {
          "name": "alignment",
          "shortdesc": "The character alignment type.",
          "datatype": {
            "type": "StyleRunAlignmentType"
          }
        },
        {
          "name": "wariChuEnabled",
          "shortdesc": "Whether WariChu is enabled.",
          "datatype": {
            "type": "Boolean"
          }
        },
        {
          "name": "wariChuLines",
          "shortdesc": "The number of Wari-Chu (multiple text lines fit into a space meant for one) lines.",
          "datatype": {
            "type": "Int32"
          }
        },
        {
          "name": "wariChuLineGap",
          "shortdesc": "The Wari-Chu line gap.",
          "datatype": {
            "type": "Int32"
          }
        },
        {
          "name": "wariChuScale",
          "shortdesc": "The Wari-Chu scale.",
          "datatype": {
            "type": "Number"
          }
        },
        {
          "name": "wariChuCharactersBeforeBreak",
          "datatype": {
            "type": "Int32"
          }
        },
        {
          "name": "wariChuCharactersAfterBreak",
          "datatype": {
            "type": "Int32"
          }
        },
        {
          "name": "wariChuJustification",
          "datatype": {
            "type": "WariChuJustificationType"
          }
        },
        {
          "name": "tateChuYokoVertical",
          "shortdesc": "The Tate-Chu-Yoko vertical adjustment in points.",
          "datatype": {
            "type": "Int32"
          }
        },
        {
          "name": "tateChuYokoHorizontal",
          "shortdesc": "The Tate-Chu-Yoko horizontal adjustment in points.",
          "datatype": {
            "type": "Int32"
          }
        },
        {
          "name": "akiLeft",
          "shortdesc": "The em amount of left aki.",
          "datatype": {
            "type": "Number"
          }
        },
        {
          "name": "akiRight",
          "shortdesc": "The em amount of right aki amount.",
          "datatype": {
            "type": "Number"
          }
        },
        {
          "name": "noBreak",
          "shortdesc": "Whether line breaks are allowed.",
          "datatype": {
            "type": "Boolean"
          }
        },
        {
          "name": "fillColor",
          "shortdesc": "The color of the text fill.",
          "datatype": {
            "type": "Color"
          }
        },
        {
          "name": "strokeColor",
          "shortdesc": "The color of the text stroke.",
          "datatype": {
            "type": "Color"
          }
        },
        {
          "name": "overprintStroke",
          "shortdesc": "Whether to overprint the stroke of the text.",
          "datatype": {
            "type": "Boolean"
          }
        },
        {
          "name": "overprintFill",
          "shortdesc": "Whether to overprint the fill of the text.",
          "datatype": {
            "type": "Boolean"
          }
        },
        {
          "name": "strokeWeight",
          "shortdesc": "Line width of stroke.",
          "datatype": {
            "type": "Number"
          }
        },
        {
          "name": "underline",
          "shortdesc": "Whether to underline the text.",
          "datatype": {
            "type": "Boolean"
          }
        },
        {
          "name": "strikeThrough",
          "shortdesc": "Whether to draw a strike through line over the text.",
          "datatype": {
            "type": "Boolean"
          }
        }
      ]
    }
  ]
}