{
  "name": "CMYKColor",
  "dynamic": true,
  "superclass": "Color",
  "shortdesc": "A CMYK color specification.",
  "elements": [
    {
      "type": "class",
      "property": [
        {
          "name": "cyan",
          "shortdesc": "The cyan color value (between 0.0 and 100.0)",
          "datatype": {
            "type": "Number",
            "min": 0,
            "max": 100,
            "value": 0
          }
        },
        {
          "name": "magenta",
          "shortdesc": "The magenta color value (between 0.0 and 100.0)",
          "datatype": {
            "type": "Number",
            "min": 0,
            "max": 100,
            "value": 0
          }
        },
        {
          "name": "yellow",
          "shortdesc": "The yellow color value (between 0.0 and 100.0)",
          "datatype": {
            "type": "Number",
            "min": 0,
            "max": 100,
            "value": 0
          }
        },
        {
          "name": "black",
          "shortdesc": "The black color value (between 0.0 and 100.0)",
          "datatype": {
            "type": "Number",
            "min": 0,
            "max": 100,
            "value": 0
          }
        }
      ]
    }
  ]
}