{
  "name": "ColorReductionMethod",
  "enumeration": true,
  "shortdesc": "Method used to reduce color for PNG8 and GIF export formats.",
  "elements": [
    {
      "type": "class",
      "property": [
        {
          "name": "SELECTIVE",
          "rwaccess": "readonly",
          "datatype": {
            "type": "int",
            "value": 1399616630
          }
        },
        {
          "name": "ADAPTIVE",
          "rwaccess": "readonly",
          "datatype": {
            "type": "int",
            "value": 1097101428
          }
        },
        {
          "name": "PERCEPTUAL",
          "rwaccess": "readonly",
          "datatype": {
            "type": "int",
            "value": 1349673840
          }
        },
        {
          "name": "WEB",
          "rwaccess": "readonly",
          "datatype": {
            "type": "int",
            "value": 1466262048
          }
        }
      ]
    }
  ]
}