{
  "name": "ColorModel",
  "enumeration": true,
  "shortdesc": "Color model of the custom color.",
  "elements": [
    {
      "type": "class",
      "property": [
        {
          "name": "REGISTRATION",
          "rwaccess": "readonly",
          "shortdesc": "Registration color (prints on in all separations)",
          "datatype": {
            "type": "int",
            "value": 0
          }
        },
        {
          "name": "PROCESS",
          "rwaccess": "readonly",
          "shortdesc": "Process color (mixed ink)",
          "datatype": {
            "type": "int",
            "value": 1
          }
        },
        {
          "name": "SPOT",
          "rwaccess": "readonly",
          "shortdesc": "Spot color (separate ink)",
          "datatype": {
            "type": "int",
            "value": 2
          }
        }
      ]
    }
  ]
}