{
  "name": "ColorDestination",
  "enumeration": true,
  "shortdesc": "PDF destination profile.",
  "elements": [
    {
      "type": "class",
      "property": [
        {
          "name": "None",
          "rwaccess": "readonly",
          "shortdesc": "N/A.",
          "datatype": {
            "type": "int",
            "value": 0
          }
        },
        {
          "name": "COLORDESTINATIONDOCCMYK",
          "rwaccess": "readonly",
          "shortdesc": "Converts all colors to the profile selected for Destination.",
          "datatype": {
            "type": "int",
            "value": 1
          }
        },
        {
          "name": "COLORDESTINATIONWORKINGCMYK",
          "rwaccess": "readonly",
          "shortdesc": "Preserves color numbers for untagged content in the same color space as the destination profile. Not available with CMS off.",
          "datatype": {
            "type": "int",
            "value": 2
          }
        },
        {
          "name": "COLORDESTINATIONDOCRGB",
          "rwaccess": "readonly",
          "shortdesc": "Preserves color numbers for untagged content in the same color space as the destination profile. Not available with CMS off.",
          "datatype": {
            "type": "int",
            "value": 3
          }
        },
        {
          "name": "COLORDESTINATIONWORKINGRGB",
          "rwaccess": "readonly",
          "shortdesc": "Preserves color numbers for untagged content in the same color space as the destination profile. Not available with CMS off.",
          "datatype": {
            "type": "int",
            "value": 4
          }
        },
        {
          "name": "COLORDESTINATIONPROFILE",
          "rwaccess": "readonly",
          "shortdesc": "Preserves color numbers for untagged content in the same color space as the destination profile. Not available with CMS off.",
          "datatype": {
            "type": "int",
            "value": 5
          }
        }
      ]
    }
  ]
}