{
  "name": "ColorType",
  "enumeration": true,
  "shortdesc": "The color model.",
  "elements": [
    {
      "type": "class",
      "property": [
        {
          "name": "None",
          "rwaccess": "readonly",
          "datatype": {
            "type": "int",
            "value": 6
          }
        },
        {
          "name": "CMYK",
          "rwaccess": "readonly",
          "datatype": {
            "type": "int",
            "value": 1
          }
        },
        {
          "name": "GRAY",
          "rwaccess": "readonly",
          "datatype": {
            "type": "int",
            "value": 0
          }
        },
        {
          "name": "RGB",
          "rwaccess": "readonly",
          "datatype": {
            "type": "int",
            "value": 5
          }
        },
        {
          "name": "SPOT",
          "rwaccess": "readonly",
          "datatype": {
            "type": "int",
            "value": 3
          }
        },
        {
          "name": "PATTERN",
          "rwaccess": "readonly",
          "datatype": {
            "type": "int",
            "value": 2
          }
        },
        {
          "name": "GRADIENT",
          "rwaccess": "readonly",
          "datatype": {
            "type": "int",
            "value": 4
          }
        }
      ]
    }
  ]
}