{
  "name": "ColorConversion",
  "enumeration": true,
  "shortdesc": "PDF color conversion policy.",
  "elements": [
    {
      "type": "class",
      "property": [
        {
          "name": "None",
          "rwaccess": "readonly",
          "shortdesc": "Preserves color data as is.",
          "datatype": {
            "type": "int",
            "value": 0
          }
        },
        {
          "name": "COLORCONVERSIONTODEST",
          "rwaccess": "readonly",
          "shortdesc": "Converts all colors to the profile selected for Destination.",
          "datatype": {
            "type": "int",
            "value": 1
          }
        },
        {
          "name": "COLORCONVERSIONREPURPOSE",
          "rwaccess": "readonly",
          "shortdesc": "Preserves color numbers for untagged content in the same color space as the destination profile. Not available with CMS off.",
          "datatype": {
            "type": "int",
            "value": 2
          }
        }
      ]
    }
  ]
}