{
  "name": "ColorProfile",
  "enumeration": true,
  "shortdesc": "PDF ICC profile inclusion.",
  "elements": [
    {
      "type": "class",
      "property": [
        {
          "name": "None",
          "rwaccess": "readonly",
          "shortdesc": "All profiles removed (embedProfile == false)",
          "datatype": {
            "type": "int",
            "value": 0
          }
        },
        {
          "name": "INCLUDEALLPROFILE",
          "rwaccess": "readonly",
          "shortdesc": "Everything gets tagged (embedProfile == true)",
          "datatype": {
            "type": "int",
            "value": 1
          }
        },
        {
          "name": "LEAVEPROFILEUNCHANGED",
          "rwaccess": "readonly",
          "shortdesc": "Leave tagged items tagged, untagged items untagged.",
          "datatype": {
            "type": "int",
            "value": 2
          }
        },
        {
          "name": "INCLUDERGBPROFILE",
          "rwaccess": "readonly",
          "shortdesc": "Tag all RGB, leave CMYK unchanged.",
          "datatype": {
            "type": "int",
            "value": 3
          }
        },
        {
          "name": "INCLUDEDESTPROFILE",
          "rwaccess": "readonly",
          "shortdesc": "Everything ends up tagged with the destination profile.",
          "datatype": {
            "type": "int",
            "value": 4
          }
        }
      ]
    }
  ]
}