{
  "name": "ColorConvertPurpose",
  "enumeration": true,
  "shortdesc": "Denotes the purpose of color conversion using ConvertSmapleColor method.",
  "elements": [
    {
      "type": "class",
      "property": [
        {
          "name": "defaultpurpose",
          "rwaccess": "readonly",
          "shortdesc": "Do standard conversion, without black preservation.",
          "datatype": {
            "type": "int",
            "value": 0
          }
        },
        {
          "name": "previewpurpose",
          "rwaccess": "readonly",
          "shortdesc": "Conversion options appropriate to creating an image for screen display.",
          "datatype": {
            "type": "int",
            "value": 1
          }
        },
        {
          "name": "exportpurpose",
          "rwaccess": "readonly",
          "shortdesc": "Conversion options appropriate to creating an image for print or export.",
          "datatype": {
            "type": "int",
            "value": 2
          }
        },
        {
          "name": "dummypurpose",
          "rwaccess": "readonly",
          "shortdesc": "Dummy option.",
          "datatype": {
            "type": "int",
            "value": 4
          }
        }
      ]
    }
  ]
}