{
  "name": "ColorDitherMethod",
  "enumeration": true,
  "shortdesc": "Method used to dither colors for PNG8 and GIF export formats.",
  "elements": [
    {
      "type": "class",
      "property": [
        {
          "name": "NOREDUCTION",
          "rwaccess": "readonly",
          "shortdesc": "No dithering.",
          "datatype": {
            "type": "int",
            "value": 1315925605
          }
        },
        {
          "name": "DIFFUSION",
          "rwaccess": "readonly",
          "datatype": {
            "type": "int",
            "value": 1147564910
          }
        },
        {
          "name": "PATTERNDITHER",
          "rwaccess": "readonly",
          "datatype": {
            "type": "int",
            "value": 1349808750
          }
        },
        {
          "name": "NOISE",
          "rwaccess": "readonly",
          "datatype": {
            "type": "int",
            "value": 1112436585
          }
        }
      ]
    }
  ]
}