{
  "name": "Compatibility",
  "enumeration": true,
  "shortdesc": "The compatibility type.",
  "elements": [
    {
      "type": "class",
      "property": [
        {
          "name": "ILLUSTRATOR3",
          "rwaccess": "readonly",
          "datatype": {
            "type": "int",
            "value": 3
          }
        },
        {
          "name": "JAPANESEVERSION3",
          "rwaccess": "readonly",
          "datatype": {
            "type": "int",
            "value": 3
          }
        },
        {
          "name": "ILLUSTRATOR8",
          "rwaccess": "readonly",
          "datatype": {
            "type": "int",
            "value": 8
          }
        },
        {
          "name": "ILLUSTRATOR9",
          "rwaccess": "readonly",
          "datatype": {
            "type": "int",
            "value": 9
          }
        },
        {
          "name": "ILLUSTRATOR10",
          "rwaccess": "readonly",
          "datatype": {
            "type": "int",
            "value": 10
          }
        },
        {
          "name": "ILLUSTRATOR11",
          "rwaccess": "readonly",
          "datatype": {
            "type": "int",
            "value": 11
          }
        },
        {
          "name": "ILLUSTRATOR12",
          "rwaccess": "readonly",
          "datatype": {
            "type": "int",
            "value": 12
          }
        },
        {
          "name": "ILLUSTRATOR13",
          "rwaccess": "readonly",
          "datatype": {
            "type": "int",
            "value": 13
          }
        },
        {
          "name": "ILLUSTRATOR14",
          "rwaccess": "readonly",
          "datatype": {
            "type": "int",
            "value": 14
          }
        },
        {
          "name": "ILLUSTRATOR15",
          "rwaccess": "readonly",
          "datatype": {
            "type": "int",
            "value": 15
          }
        },
        {
          "name": "ILLUSTRATOR16",
          "rwaccess": "readonly",
          "datatype": {
            "type": "int",
            "value": 16
          }
        },
        {
          "name": "ILLUSTRATOR17",
          "rwaccess": "readonly",
          "datatype": {
            "type": "int",
            "value": 17
          }
        }
      ]
    }
  ]
}