{
  "name": "CompressionQuality",
  "enumeration": true,
  "shortdesc": "The compression type.",
  "elements": [
    {
      "type": "class",
      "property": [
        {
          "name": "None",
          "rwaccess": "readonly",
          "shortdesc": "Automatic compression.",
          "datatype": {
            "type": "int",
            "value": 1
          }
        },
        {
          "name": "JPEGMINIMUM",
          "rwaccess": "readonly",
          "datatype": {
            "type": "int",
            "value": 3
          }
        },
        {
          "name": "JPEGLOW",
          "rwaccess": "readonly",
          "datatype": {
            "type": "int",
            "value": 4
          }
        },
        {
          "name": "JPEGMEDIUM",
          "rwaccess": "readonly",
          "datatype": {
            "type": "int",
            "value": 5
          }
        },
        {
          "name": "JPEGHIGH",
          "rwaccess": "readonly",
          "datatype": {
            "type": "int",
            "value": 6
          }
        },
        {
          "name": "JPEGMAXIMUM",
          "rwaccess": "readonly",
          "datatype": {
            "type": "int",
            "value": 7
          }
        },
        {
          "name": "ZIP4BIT",
          "rwaccess": "readonly",
          "datatype": {
            "type": "int",
            "value": 8
          }
        },
        {
          "name": "ZIP8BIT",
          "rwaccess": "readonly",
          "datatype": {
            "type": "int",
            "value": 9
          }
        },
        {
          "name": "AUTOMATICJPEGMINIMUM",
          "rwaccess": "readonly",
          "shortdesc": "Automatically choose between JPEG and ZIP performing minimum compression depending on images.",
          "datatype": {
            "type": "int",
            "value": 10
          }
        },
        {
          "name": "AUTOMATICJPEGLOW",
          "rwaccess": "readonly",
          "shortdesc": "Automatic JPEG compression low.",
          "datatype": {
            "type": "int",
            "value": 11
          }
        },
        {
          "name": "AUTOMATICJPEGMEDIUM",
          "rwaccess": "readonly",
          "shortdesc": "Automatic JPEG compression medium.",
          "datatype": {
            "type": "int",
            "value": 12
          }
        },
        {
          "name": "AUTOMATICJPEGHIGH",
          "rwaccess": "readonly",
          "shortdesc": "Automatic JPEG compression high.",
          "datatype": {
            "type": "int",
            "value": 13
          }
        },
        {
          "name": "AUTOMATICJPEGMAXIMUM",
          "rwaccess": "readonly",
          "shortdesc": "Automatic JPEG compression maximum.",
          "datatype": {
            "type": "int",
            "value": 14
          }
        },
        {
          "name": "AUTOMATICJPEG2000MINIMUM",
          "rwaccess": "readonly",
          "shortdesc": "Automatic JPEG2000 compression minimum.",
          "datatype": {
            "type": "int",
            "value": 15
          }
        },
        {
          "name": "AUTOMATICJPEG2000LOW",
          "rwaccess": "readonly",
          "shortdesc": "Automatic JPEG2000 compression low.",
          "datatype": {
            "type": "int",
            "value": 16
          }
        },
        {
          "name": "AUTOMATICJPEG2000MEDIUM",
          "rwaccess": "readonly",
          "shortdesc": "Automatic JPEG2000 compression medium.",
          "datatype": {
            "type": "int",
            "value": 17
          }
        },
        {
          "name": "AUTOMATICJPEG2000HIGH",
          "rwaccess": "readonly",
          "shortdesc": "Automatic JPEG2000 compression high.",
          "datatype": {
            "type": "int",
            "value": 18
          }
        },
        {
          "name": "AUTOMATICJPEG2000MAXIMUM",
          "rwaccess": "readonly",
          "shortdesc": "Automatic JPEG2000 compression maximum.",
          "datatype": {
            "type": "int",
            "value": 19
          }
        },
        {
          "name": "AUTOMATICJPEG2000LOSSLESS",
          "rwaccess": "readonly",
          "shortdesc": "Automatic JPEG2000 compression lossless.",
          "datatype": {
            "type": "int",
            "value": 20
          }
        },
        {
          "name": "JPEG2000MINIMUM",
          "rwaccess": "readonly",
          "datatype": {
            "type": "int",
            "value": 21
          }
        },
        {
          "name": "JPEG2000LOW",
          "rwaccess": "readonly",
          "datatype": {
            "type": "int",
            "value": 22
          }
        },
        {
          "name": "JPEG2000MEDIUM",
          "rwaccess": "readonly",
          "datatype": {
            "type": "int",
            "value": 23
          }
        },
        {
          "name": "JPEG2000HIGH",
          "rwaccess": "readonly",
          "datatype": {
            "type": "int",
            "value": 24
          }
        },
        {
          "name": "JPEG2000MAXIMUM",
          "rwaccess": "readonly",
          "datatype": {
            "type": "int",
            "value": 25
          }
        },
        {
          "name": "JPEG2000LOSSLESS",
          "rwaccess": "readonly",
          "datatype": {
            "type": "int",
            "value": 26
          }
        }
      ]
    }
  ]
}