{
  "name": "CoordinateSystem",
  "enumeration": true,
  "shortdesc": "Coordinate system used by Illustrator.",
  "elements": [
    {
      "type": "class",
      "property": [
        {
          "name": "DOCUMENTCOORDINATESYSTEM",
          "rwaccess": "readonly",
          "shortdesc": "Document coordinate system.",
          "datatype": {
            "type": "int",
            "value": 0
          }
        },
        {
          "name": "ARTBOARDCOORDINATESYSTEM",
          "rwaccess": "readonly",
          "shortdesc": "Artboard coordinate system.",
          "datatype": {
            "type": "int",
            "value": 1
          }
        }
      ]
    }
  ]
}