{
  "name": "CropOptions",
  "enumeration": true,
  "shortdesc": "The crop style.",
  "elements": [
    {
      "type": "class",
      "property": [
        {
          "name": "Standard",
          "rwaccess": "readonly",
          "shortdesc": "Standard crop style.",
          "datatype": {
            "type": "int",
            "value": 1
          }
        },
        {
          "name": "Japanese",
          "rwaccess": "readonly",
          "shortdesc": "Japanese crop style.",
          "datatype": {
            "type": "int",
            "value": 2
          }
        }
      ]
    }
  ]
}