{
  "name": "DataSet",
  "dynamic": true,
  "shortdesc": "A set of variables and their associated dynamic data which will be used for dynamic publishing.",
  "elements": [
    {
      "type": "instance",
      "property": [
        {
          "name": "parent",
          "rwaccess": "readonly",
          "shortdesc": "The object's container.",
          "datatype": {
            "type": "Object"
          }
        },
        {
          "name": "typename",
          "rwaccess": "readonly",
          "shortdesc": "The class name of the object.",
          "datatype": {
            "type": "String"
          }
        },
        {
          "name": "name",
          "shortdesc": "The name of this dataset.",
          "datatype": {
            "type": "String"
          }
        }
      ],
      "method": [
        {
          "name": "remove",
          "shortdesc": "Deletes this object."
        },
        {
          "name": "removeAll",
          "shortdesc": "Deletes all elements."
        },
        {
          "name": "display",
          "shortdesc": "Displays the dynamic data that has been captured in the dataset."
        },
        {
          "name": "update",
          "shortdesc": "Re-apply the dynamic data of the active dataset to the artboard."
        }
      ]
    }
  ]
}