{
  "name": "DocumentPreset",
  "dynamic": true,
  "shortdesc": "The new document preset to use for creating a new document.",
  "elements": [
    {
      "type": "class",
      "property": [
        {
          "name": "title",
          "shortdesc": "The title for the new document.",
          "datatype": {
            "type": "String",
            "value": "Untitled"
          }
        },
        {
          "name": "width",
          "shortdesc": "The width for the new document.",
          "datatype": {
            "type": "Number",
            "value": 612
          }
        },
        {
          "name": "height",
          "shortdesc": "The height for the new document.",
          "datatype": {
            "type": "Number",
            "value": 792
          }
        },
        {
          "name": "numArtboards",
          "shortdesc": "Number of artboards for new document.Range (1:100).",
          "datatype": {
            "type": "Int32",
            "value": 1
          }
        },
        {
          "name": "artboardLayout",
          "shortdesc": "Layout for artboards.",
          "datatype": {
            "type": "DocumentArtboardLayout",
            "value": "DocumentArtboardLayout.GridByRow"
          }
        },
        {
          "name": "artboardSpacing",
          "shortdesc": "Spacing between artboards.",
          "datatype": {
            "type": "Number",
            "value": 20
          }
        },
        {
          "name": "artboardRowsOrCols",
          "shortdesc": "Number of rows (for rows layout) OR column(for column layouts)of artboards.Range is 1 to (docNumArtboards - 1) or 1 for single row or column layouts.",
          "datatype": {
            "type": "Int32",
            "value": 1
          }
        },
        {
          "name": "colorMode",
          "shortdesc": "The color mode for the new document.",
          "datatype": {
            "type": "DocumentColorSpace",
            "value": "DocumentColorSpace.CMYK"
          }
        },
        {
          "name": "units",
          "shortdesc": "The units for the new document.",
          "datatype": {
            "type": "RulerUnits",
            "value": "RulerUnits.Points"
          }
        },
        {
          "name": "previewMode",
          "shortdesc": "The preview mode for the new document.",
          "datatype": {
            "type": "DocumentPreviewMode",
            "value": "DocumentPreviewMode.DefaultPreview"
          }
        },
        {
          "name": "rasterResolution",
          "shortdesc": "The raster resolution for the new document.",
          "datatype": {
            "type": "DocumentRasterResolution",
            "value": "DocumentRasterResolution.ScreenResolution"
          }
        },
        {
          "name": "transparencyGrid",
          "shortdesc": "The transparency grid for the new document.",
          "datatype": {
            "type": "DocumentTransparencyGrid",
            "value": "DocumentTransparencyGrid.TransparencyGridNone"
          }
        }
      ]
    }
  ]
}