{
  "name": "DocumentTransparencyGrid",
  "enumeration": true,
  "shortdesc": "The transparency grid for the new document, in video presets.",
  "elements": [
    {
      "type": "class",
      "property": [
        {
          "name": "TransparencyGridNone",
          "rwaccess": "readonly",
          "shortdesc": "No grids.",
          "datatype": {
            "type": "int",
            "value": 0
          }
        },
        {
          "name": "TransparencyGridLight",
          "rwaccess": "readonly",
          "shortdesc": "Light grid colors.",
          "datatype": {
            "type": "int",
            "value": 1
          }
        },
        {
          "name": "TransparencyGridMedium",
          "rwaccess": "readonly",
          "shortdesc": "Medium grid colors.",
          "datatype": {
            "type": "int",
            "value": 2
          }
        },
        {
          "name": "TransparencyGridDark",
          "rwaccess": "readonly",
          "shortdesc": "Dark color grids.",
          "datatype": {
            "type": "int",
            "value": 3
          }
        },
        {
          "name": "TransparencyGridRed",
          "rwaccess": "readonly",
          "shortdesc": "Red grids.",
          "datatype": {
            "type": "int",
            "value": 4
          }
        },
        {
          "name": "TransparencyGridOrange",
          "rwaccess": "readonly",
          "shortdesc": "Orange grids.",
          "datatype": {
            "type": "int",
            "value": 5
          }
        },
        {
          "name": "TransparencyGridGreen",
          "rwaccess": "readonly",
          "shortdesc": "Green grids.",
          "datatype": {
            "type": "int",
            "value": 6
          }
        },
        {
          "name": "TransparencyGridBlue",
          "rwaccess": "readonly",
          "shortdesc": "Blue grids.",
          "datatype": {
            "type": "int",
            "value": 7
          }
        },
        {
          "name": "TransparencyGridPurple",
          "rwaccess": "readonly",
          "shortdesc": "Purple grids.",
          "datatype": {
            "type": "int",
            "value": 8
          }
        }
      ]
    }
  ]
}