{
  "name": "DocumentLayoutStyle",
  "enumeration": true,
  "shortdesc": "Document layout style types.",
  "elements": [
    {
      "type": "class",
      "property": [
        {
          "name": "CASCADE",
          "rwaccess": "readonly",
          "shortdesc": "Arranges document in cascaded style.",
          "datatype": {
            "type": "int",
            "value": 0
          }
        },
        {
          "name": "HORIZONTALTILE",
          "rwaccess": "readonly",
          "shortdesc": "Arranges documents as horizontal tiles.",
          "datatype": {
            "type": "int",
            "value": 1
          }
        },
        {
          "name": "VERTICALTILE",
          "rwaccess": "readonly",
          "shortdesc": "Arranges documents as vertical tiles.",
          "datatype": {
            "type": "int",
            "value": 2
          }
        },
        {
          "name": "FLOATALL",
          "rwaccess": "readonly",
          "shortdesc": "Arranges all documents floating layout.",
          "datatype": {
            "type": "int",
            "value": 3
          }
        },
        {
          "name": "CONSOLIDATEALL",
          "rwaccess": "readonly",
          "shortdesc": "Consolidates all documents.",
          "datatype": {
            "type": "int",
            "value": 4
          }
        }
      ]
    }
  ]
}