{
  "name": "DocumentPreviewMode",
  "enumeration": true,
  "shortdesc": "The preview modes available when creating a new document.",
  "elements": [
    {
      "type": "class",
      "property": [
        {
          "name": "DefaultPreview",
          "rwaccess": "readonly",
          "shortdesc": "Default Preview mode.",
          "datatype": {
            "type": "int",
            "value": 1
          }
        },
        {
          "name": "PixelPreview",
          "rwaccess": "readonly",
          "shortdesc": "Pixel Preview mode.",
          "datatype": {
            "type": "int",
            "value": 2
          }
        },
        {
          "name": "OverprintPreview",
          "rwaccess": "readonly",
          "shortdesc": "Overprint Preview Mode.",
          "datatype": {
            "type": "int",
            "value": 3
          }
        }
      ]
    }
  ]
}