{
  "name": "DocumentPresetType",
  "enumeration": true,
  "shortdesc": "The preset types available for new documents.",
  "elements": [
    {
      "type": "class",
      "property": [
        {
          "name": "Print",
          "rwaccess": "readonly",
          "shortdesc": "The default Print document preset.",
          "datatype": {
            "type": "int",
            "value": 1
          }
        },
        {
          "name": "Web",
          "rwaccess": "readonly",
          "shortdesc": "The default Web document preset.",
          "datatype": {
            "type": "int",
            "value": 2
          }
        },
        {
          "name": "Mobile",
          "rwaccess": "readonly",
          "shortdesc": "The default Mobile document preset.",
          "datatype": {
            "type": "int",
            "value": 3
          }
        },
        {
          "name": "Video",
          "rwaccess": "readonly",
          "shortdesc": "The default Video and Film document preset.",
          "datatype": {
            "type": "int",
            "value": 4
          }
        },
        {
          "name": "BasicCMYK",
          "rwaccess": "readonly",
          "shortdesc": "The default CMYK document preset.",
          "datatype": {
            "type": "int",
            "value": 5
          }
        },
        {
          "name": "BasicRGB",
          "rwaccess": "readonly",
          "shortdesc": "The default RGB document preset.",
          "datatype": {
            "type": "int",
            "value": 6
          }
        }
      ]
    }
  ]
}