{
  "name": "DocumentType",
  "enumeration": true,
  "shortdesc": "Savable document types.",
  "elements": [
    {
      "type": "class",
      "property": [
        {
          "name": "ILLUSTRATOR",
          "rwaccess": "readonly",
          "shortdesc": "Illustrator file format.",
          "datatype": {
            "type": "int",
            "value": 1
          }
        },
        {
          "name": "EPS",
          "rwaccess": "readonly",
          "shortdesc": "EPS file format.",
          "datatype": {
            "type": "int",
            "value": 2
          }
        },
        {
          "name": "PDF",
          "rwaccess": "readonly",
          "shortdesc": "Acrobat PDF file format.",
          "datatype": {
            "type": "int",
            "value": 3
          }
        },
        {
          "name": "FXG",
          "rwaccess": "readonly",
          "shortdesc": "FXG file format.",
          "datatype": {
            "type": "int",
            "value": 4
          }
        }
      ]
    }
  ]
}