{
  "name": "DocumentArtboardLayout",
  "enumeration": true,
  "shortdesc": "The layout of artboards in document.",
  "elements": [
    {
      "type": "class",
      "property": [
        {
          "name": "GridByRow",
          "rwaccess": "readonly",
          "shortdesc": "Arrange artboards in Grid by Row pattern.",
          "datatype": {
            "type": "int",
            "value": 1
          }
        },
        {
          "name": "GridByCol",
          "rwaccess": "readonly",
          "shortdesc": "Arrange artboards in Grid by Column pattern.",
          "datatype": {
            "type": "int",
            "value": 2
          }
        },
        {
          "name": "Row",
          "rwaccess": "readonly",
          "shortdesc": "Arrange artboards in a single row.",
          "datatype": {
            "type": "int",
            "value": 3
          }
        },
        {
          "name": "Column",
          "rwaccess": "readonly",
          "shortdesc": "Arrange artboards in a single column.",
          "datatype": {
            "type": "int",
            "value": 4
          }
        },
        {
          "name": "RLGridByRow",
          "rwaccess": "readonly",
          "shortdesc": "Arrange artboards in Grid by Row pattern from right-to-left.",
          "datatype": {
            "type": "int",
            "value": 5
          }
        },
        {
          "name": "RLGridByCol",
          "rwaccess": "readonly",
          "shortdesc": "Arrange artboards in Grid by Column pattern from right-to-left.",
          "datatype": {
            "type": "int",
            "value": 6
          }
        },
        {
          "name": "RLRow",
          "rwaccess": "readonly",
          "shortdesc": "Arrange artboards in a single row from right-to-left.",
          "datatype": {
            "type": "int",
            "value": 7
          }
        }
      ]
    }
  ]
}