{
  "name": "DocumentRasterResolution",
  "enumeration": true,
  "shortdesc": "The raster resolutions available when creating a new document.",
  "elements": [
    {
      "type": "class",
      "property": [
        {
          "name": "ScreenResolution",
          "rwaccess": "readonly",
          "shortdesc": "Low raster resolution, 72 PPI.",
          "datatype": {
            "type": "int",
            "value": 1
          }
        },
        {
          "name": "MediumResolution",
          "rwaccess": "readonly",
          "shortdesc": "Medium raster resolution, 150 PPI.",
          "datatype": {
            "type": "int",
            "value": 2
          }
        },
        {
          "name": "HighResolution",
          "rwaccess": "readonly",
          "shortdesc": "High raster resolution, 300 PPI.",
          "datatype": {
            "type": "int",
            "value": 3
          }
        }
      ]
    }
  ]
}