{
  "name": "DocumentColorSpace",
  "enumeration": true,
  "shortdesc": "The color spaces available for documents.",
  "elements": [
    {
      "type": "class",
      "property": [
        {
          "name": "RGB",
          "rwaccess": "readonly",
          "shortdesc": "RGB document color space.",
          "datatype": {
            "type": "int",
            "value": 1
          }
        },
        {
          "name": "CMYK",
          "rwaccess": "readonly",
          "shortdesc": "CMYK document color space.",
          "datatype": {
            "type": "int",
            "value": 2
          }
        }
      ]
    }
  ]
}