{
  "name": "DownsampleMethod",
  "enumeration": true,
  "shortdesc": "The resample type.",
  "elements": [
    {
      "type": "class",
      "property": [
        {
          "name": "NODOWNSAMPLE",
          "rwaccess": "readonly",
          "shortdesc": "Downsampling.",
          "datatype": {
            "type": "int",
            "value": 0
          }
        },
        {
          "name": "AVERAGEDOWNSAMPLE",
          "rwaccess": "readonly",
          "shortdesc": "Average Downsampling.",
          "datatype": {
            "type": "int",
            "value": 1
          }
        },
        {
          "name": "SUBSAMPLE",
          "rwaccess": "readonly",
          "shortdesc": "Subsampling.",
          "datatype": {
            "type": "int",
            "value": 2
          }
        },
        {
          "name": "BICUBICDOWNSAMPLE",
          "rwaccess": "readonly",
          "shortdesc": "Bicubic Downsampling.",
          "datatype": {
            "type": "int",
            "value": 3
          }
        }
      ]
    }
  ]
}