{
  "name": "EPSPreview",
  "enumeration": true,
  "shortdesc": "The preview type.",
  "elements": [
    {
      "type": "class",
      "property": [
        {
          "name": "None",
          "rwaccess": "readonly",
          "shortdesc": "No preview.",
          "datatype": {
            "type": "int",
            "value": 1
          }
        },
        {
          "name": "BWMACINTOSH",
          "rwaccess": "readonly",
          "shortdesc": "Black and white Macintosh preview.",
          "datatype": {
            "type": "int",
            "value": 2
          }
        },
        {
          "name": "COLORMACINTOSH",
          "rwaccess": "readonly",
          "shortdesc": "Color Macintosh preview.",
          "datatype": {
            "type": "int",
            "value": 3
          }
        },
        {
          "name": "BWTIFF",
          "rwaccess": "readonly",
          "shortdesc": "Black and white PC preview.",
          "datatype": {
            "type": "int",
            "value": 4
          }
        },
        {
          "name": "COLORTIFF",
          "rwaccess": "readonly",
          "shortdesc": "Color PC preview.",
          "datatype": {
            "type": "int",
            "value": 6
          }
        },
        {
          "name": "TRANSPARENTCOLORTIFF",
          "rwaccess": "readonly",
          "shortdesc": "Transparent color PC preview (8 or later)",
          "datatype": {
            "type": "int",
            "value": 5
          }
        }
      ]
    }
  ]
}