{
  "name": "EPSPostScriptLevelEnum",
  "enumeration": true,
  "shortdesc": "The PostScript levels available when saving EPS files.",
  "elements": [
    {
      "type": "class",
      "property": [
        {
          "name": "LEVEL2",
          "rwaccess": "readonly",
          "shortdesc": "PostScript Level 2.",
          "datatype": {
            "type": "int",
            "value": 2
          }
        },
        {
          "name": "LEVEL3",
          "rwaccess": "readonly",
          "shortdesc": "PostScript Level 3.",
          "datatype": {
            "type": "int",
            "value": 3
          }
        }
      ]
    }
  ]
}