{
  "name": "ExportOptionsFlash",
  "dynamic": true,
  "shortdesc": "Options which may be supplied when exporting a document as an Flash &amp;&#35;40;.SWF&#41; file.",
  "elements": [
    {
      "type": "class",
      "property": [
        {
          "name": "exportStyle",
          "shortdesc": "How should the Flash file be created.",
          "datatype": {
            "type": "FlashExportStyle",
            "value": "FlashExportStyle.ASFLASHFILE"
          }
        },
        {
          "name": "exportVersion",
          "shortdesc": "Which version of SWF to export.",
          "datatype": {
            "type": "FlashExportVersion",
            "value": "FlashExportVersion.FLASHVERSION9"
          }
        },
        {
          "name": "frameRate",
          "shortdesc": "When exporting layers to Flash frames.",
          "datatype": {
            "type": "Number",
            "min": 0.01,
            "max": 120,
            "value": 12
          }
        },
        {
          "name": "looping",
          "shortdesc": "Should the Flash file be set to loop when run.",
          "datatype": {
            "type": "Boolean",
            "value": false
          }
        },
        {
          "name": "readOnly",
          "shortdesc": "Prevent the exported file from being imported by other applications.",
          "datatype": {
            "type": "Boolean",
            "value": false
          }
        },
        {
          "name": "artClipping",
          "shortdesc": "How should the arts be clipped during the output.",
          "datatype": {
            "type": "ArtClippingOption",
            "value": "ArtClippingOption.OUTPUTARTBOUNDS"
          }
        },
        {
          "name": "curveQuality",
          "shortdesc": "How much curve information should be preserved.",
          "datatype": {
            "type": "Int32",
            "min": 0,
            "max": 10,
            "value": 7
          }
        },
        {
          "name": "imageFormat",
          "shortdesc": "How should the images in the exported Flash file be compressed.",
          "datatype": {
            "type": "FlashImageFormat",
            "value": "FlashImageFormat.LOSSLESS"
          }
        },
        {
          "name": "jpegQuality",
          "shortdesc": "Level of compression.",
          "datatype": {
            "type": "Int32",
            "min": 0,
            "max": 10,
            "value": 3
          }
        },
        {
          "name": "jpegMethod",
          "shortdesc": "What method to use.",
          "datatype": {
            "type": "FlashJPEGMethod",
            "value": "FlashJPEGMethod.Standard"
          }
        },
        {
          "name": "playbackAccess",
          "shortdesc": "What access should the SWF file have - local or network access.",
          "datatype": {
            "type": "FlashPlaybackSecurity",
            "value": "FlashPlaybackSecurity.PlaybackLocal"
          }
        },
        {
          "name": "resolution",
          "shortdesc": "Pixels per inch.",
          "datatype": {
            "type": "Number",
            "min": 72,
            "max": 2400,
            "value": 72
          }
        },
        {
          "name": "replacing",
          "shortdesc": "If a file with the same name already exists, should it be replaced?",
          "datatype": {
            "type": "SaveOptions",
            "value": "SaveOptions.PROMPTTOSAVECHANGES"
          }
        },
        {
          "name": "convertTextToOutlines",
          "shortdesc": "Should all text be converted to outlines.",
          "datatype": {
            "type": "Boolean",
            "value": false
          }
        },
        {
          "name": "compressed",
          "shortdesc": "Should the exported file be compressed.",
          "datatype": {
            "type": "Boolean",
            "value": false
          }
        },
        {
          "name": "backgroundColor",
          "shortdesc": "The background color.",
          "datatype": {
            "type": "RGBColor"
          }
        },
        {
          "name": "backgroundLayers",
          "shortdesc": "A list of layers to be included as the static background in all exported Flash frames.",
          "datatype": {
            "type": "Layer",
            "array": true
          }
        },
        {
          "name": "layerOrder",
          "shortdesc": "The order in which the layers will be exported to Flash frames.",
          "datatype": {
            "type": "LayerOrderType",
            "value": "LayerOrderType.BOTTOMUP"
          }
        },
        {
          "name": "blendAnimation",
          "shortdesc": "Controls how the blend art objects are animated when export to Flash frames.",
          "datatype": {
            "type": "BlendAnimationType",
            "value": "BlendAnimationType.NOBLENDANIMATION"
          }
        },
        {
          "name": "ignoreTextKerning",
          "shortdesc": "Should the kerning information for text objects be ignored.",
          "datatype": {
            "type": "Boolean",
            "value": false
          }
        },
        {
          "name": "exportAllSymbols",
          "shortdesc": "Should all symbol definitions in the palette be exported to the SWF File.",
          "datatype": {
            "type": "Boolean",
            "value": false
          }
        },
        {
          "name": "preserveAppearance",
          "shortdesc": "Choose whether to preserve artwork appearance or editability (default) during export.",
          "datatype": {
            "type": "Boolean",
            "value": false
          }
        },
        {
          "name": "includeMetadata",
          "shortdesc": "If true, include minimal XMP metadata in the exported file.",
          "datatype": {
            "type": "Boolean",
            "value": false
          }
        },
        {
          "name": "saveMultipleArtboards",
          "shortdesc": "All the artboards or range of the artboards will be exported.",
          "datatype": {
            "type": "Boolean",
            "value": false
          }
        },
        {
          "name": "artboardRange",
          "shortdesc": "If SaveMultipleArtboards is true,this will be considered for multi-asset extraction which specifies artboard range.Empty string will extracts all the artboards.Default is empty string.",
          "datatype": {
            "type": "String",
            "value": {}
          }
        }
      ]
    }
  ]
}