{
  "name": "ExportOptionsPNG24",
  "dynamic": true,
  "shortdesc": "Options which may be supplied when exporting a document as an 24 bit PNG file.",
  "elements": [
    {
      "type": "class",
      "property": [
        {
          "name": "transparency",
          "shortdesc": "Should the resulting image use transparency.",
          "datatype": {
            "type": "Boolean",
            "value": true
          }
        },
        {
          "name": "matte",
          "shortdesc": "Should the artboard be matted with a color.",
          "datatype": {
            "type": "Boolean",
            "value": true
          }
        },
        {
          "name": "matteColor",
          "shortdesc": "The color to use when matting the artboard (default: white)",
          "datatype": {
            "type": "RGBColor"
          }
        },
        {
          "name": "horizontalScale",
          "shortdesc": "Horizontal scaling factor.",
          "datatype": {
            "type": "Number",
            "value": 100
          }
        },
        {
          "name": "verticalScale",
          "shortdesc": "Vertical scaling factor.",
          "datatype": {
            "type": "Number",
            "value": 100
          }
        },
        {
          "name": "antiAliasing",
          "shortdesc": "Should the resulting image be antialiased.",
          "datatype": {
            "type": "Boolean",
            "value": true
          }
        },
        {
          "name": "artBoardClipping",
          "shortdesc": "Should the resulting image be clipped to the artboard.",
          "datatype": {
            "type": "Boolean",
            "value": false
          }
        },
        {
          "name": "saveAsHTML",
          "shortdesc": "Should the resulting image be saved as HTML.",
          "datatype": {
            "type": "Boolean",
            "value": false
          }
        }
      ]
    }
  ]
}