{
  "name": "ExportOptionsPNG8",
  "dynamic": true,
  "shortdesc": "Options which may be supplied when exporting a document as an 8 bit PNG file.",
  "elements": [
    {
      "type": "class",
      "property": [
        {
          "name": "colorCount",
          "shortdesc": "Number of colors in exported color table.",
          "datatype": {
            "type": "Int32",
            "min": 2,
            "max": 256,
            "value": 128
          }
        },
        {
          "name": "colorReduction",
          "shortdesc": "Method used to reduce the number of colors.",
          "datatype": {
            "type": "ColorReductionMethod",
            "value": "ColorReductionMethod.SELECTIVE"
          }
        },
        {
          "name": "colorDither",
          "shortdesc": "Method used to dither colors.",
          "datatype": {
            "type": "ColorDitherMethod",
            "value": "ColorDitherMethod.DIFFUSION"
          }
        },
        {
          "name": "ditherPercent",
          "shortdesc": "How much should the colors be dithered.",
          "datatype": {
            "type": "Int32",
            "min": 0,
            "max": 100,
            "value": 88
          }
        },
        {
          "name": "webSnap",
          "shortdesc": "How much should the color table be changed to match the web palette.",
          "datatype": {
            "type": "Int32",
            "min": 0,
            "max": 100,
            "value": 0
          }
        },
        {
          "name": "transparency",
          "shortdesc": "Should the resulting image use transparency.",
          "datatype": {
            "type": "Boolean",
            "value": true
          }
        },
        {
          "name": "interlaced",
          "shortdesc": "Should the resulting image be interlaced.",
          "datatype": {
            "type": "Boolean",
            "value": false
          }
        },
        {
          "name": "matte",
          "shortdesc": "Should the artboard be matted with a color.",
          "datatype": {
            "type": "Boolean",
            "value": true
          }
        },
        {
          "name": "matteColor",
          "shortdesc": "The color to use when matting the artboard (default: white)",
          "datatype": {
            "type": "RGBColor"
          }
        },
        {
          "name": "horizontalScale",
          "shortdesc": "Horizontal scaling factor.",
          "datatype": {
            "type": "Number",
            "value": 100
          }
        },
        {
          "name": "verticalScale",
          "shortdesc": "Vertical scaling factor.",
          "datatype": {
            "type": "Number",
            "value": 100
          }
        },
        {
          "name": "antiAliasing",
          "shortdesc": "Should the resulting image be antialiased.",
          "datatype": {
            "type": "Boolean",
            "value": true
          }
        },
        {
          "name": "artBoardClipping",
          "shortdesc": "Should the resulting image be clipped to the artboard.",
          "datatype": {
            "type": "Boolean",
            "value": false
          }
        },
        {
          "name": "saveAsHTML",
          "shortdesc": "Should the resulting image be saved as HTML.",
          "datatype": {
            "type": "Boolean",
            "value": false
          }
        }
      ]
    }
  ]
}