{
  "name": "ExportOptionsPhotoshop",
  "dynamic": true,
  "shortdesc": "Options which may be supplied when exporting a document as a Photoshop file.",
  "elements": [
    {
      "type": "class",
      "property": [
        {
          "name": "imageColorSpace",
          "shortdesc": "The color space of the exported file.",
          "datatype": {
            "type": "ImageColorSpace",
            "value": "ImageColorSpace.RGB"
          }
        },
        {
          "name": "resolution",
          "shortdesc": "The resolution of the exported file.",
          "datatype": {
            "type": "Number",
            "min": 72,
            "max": 2400,
            "value": 150
          }
        },
        {
          "name": "antiAliasing",
          "shortdesc": "Should the resulting image be antialiased.",
          "datatype": {
            "type": "Boolean",
            "value": true
          }
        },
        {
          "name": "writeLayers",
          "shortdesc": "Preserve document layers when exporting.",
          "datatype": {
            "type": "Boolean",
            "value": true
          }
        },
        {
          "name": "editableText",
          "shortdesc": "Export text objects as editable text layers.",
          "datatype": {
            "type": "Boolean",
            "value": true
          }
        },
        {
          "name": "embedICCProfile",
          "shortdesc": "Embed an ICC profile when exporting.",
          "datatype": {
            "type": "Boolean",
            "value": false
          }
        },
        {
          "name": "warnings",
          "shortdesc": "Should a warning dialog be displayed because of conflicts in the export settings.",
          "datatype": {
            "type": "Boolean",
            "value": true
          }
        },
        {
          "name": "maximumEditability",
          "shortdesc": "Preserve as much of the original document's structure as possible when exporting.",
          "datatype": {
            "type": "Boolean",
            "value": true
          }
        },
        {
          "name": "saveMultipleArtboards",
          "shortdesc": "All the artboards or range of the artboards will be exported.",
          "datatype": {
            "type": "Boolean",
            "value": false
          }
        },
        {
          "name": "artboardRange",
          "shortdesc": "If SaveMultipleArtboards is true,this will be considered for multi-asset extraction which specifies artboard range.Empty string will extracts all the artboards.Default is empty string.",
          "datatype": {
            "type": "String",
            "value": {}
          }
        }
      ]
    }
  ]
}