{
  "name": "ExportType",
  "enumeration": true,
  "shortdesc": "Export file types.",
  "elements": [
    {
      "type": "class",
      "property": [
        {
          "name": "JPEG",
          "rwaccess": "readonly",
          "shortdesc": "JPEG export file format.",
          "datatype": {
            "type": "int",
            "value": 1
          }
        },
        {
          "name": "PHOTOSHOP",
          "rwaccess": "readonly",
          "shortdesc": "Photoshop export file format.",
          "datatype": {
            "type": "int",
            "value": 2
          }
        },
        {
          "name": "SVG",
          "rwaccess": "readonly",
          "shortdesc": "SVG export file format.",
          "datatype": {
            "type": "int",
            "value": 3
          }
        },
        {
          "name": "PNG8",
          "rwaccess": "readonly",
          "shortdesc": "PNG 8-bit export file format.",
          "datatype": {
            "type": "int",
            "value": 4
          }
        },
        {
          "name": "PNG24",
          "rwaccess": "readonly",
          "shortdesc": "PNG 24-bit export file format.",
          "datatype": {
            "type": "int",
            "value": 5
          }
        },
        {
          "name": "GIF",
          "rwaccess": "readonly",
          "shortdesc": "GIF export file format.",
          "datatype": {
            "type": "int",
            "value": 6
          }
        },
        {
          "name": "FLASH",
          "rwaccess": "readonly",
          "shortdesc": "Flash export file format.",
          "datatype": {
            "type": "int",
            "value": 7
          }
        },
        {
          "name": "AUTOCAD",
          "rwaccess": "readonly",
          "shortdesc": "AutoCAD export file format.",
          "datatype": {
            "type": "int",
            "value": 8
          }
        },
        {
          "name": "TIFF",
          "rwaccess": "readonly",
          "shortdesc": "TIFF export file format.",
          "datatype": {
            "type": "int",
            "value": 9
          }
        }
      ]
    }
  ]
}