{
  "name": "ExportOptionsJPEG",
  "dynamic": true,
  "shortdesc": "Options which may be supplied when exporting a document as a JPEG file.",
  "elements": [
    {
      "type": "class",
      "property": [
        {
          "name": "qualitySetting",
          "shortdesc": "Quality of resulting image.",
          "datatype": {
            "type": "Int32",
            "min": 0,
            "max": 100,
            "value": 30
          }
        },
        {
          "name": "optimization",
          "shortdesc": "Should the image be optimized for web viewing.",
          "datatype": {
            "type": "Boolean",
            "value": true
          }
        },
        {
          "name": "blurAmount",
          "shortdesc": "Blur the resulting image this much.",
          "datatype": {
            "type": "Number",
            "min": 0,
            "max": 2,
            "value": 0
          }
        },
        {
          "name": "matte",
          "shortdesc": "Should the artboard be matted with a color.",
          "datatype": {
            "type": "Boolean",
            "value": true
          }
        },
        {
          "name": "matteColor",
          "shortdesc": "The color to use when matting the artboard (default: white)",
          "datatype": {
            "type": "RGBColor"
          }
        },
        {
          "name": "horizontalScale",
          "shortdesc": "Horizontal scaling factor.",
          "datatype": {
            "type": "Number",
            "min": 0,
            "max": 776.19,
            "value": 100
          }
        },
        {
          "name": "verticalScale",
          "shortdesc": "Vertical scaling factor.",
          "datatype": {
            "type": "Number",
            "min": 0,
            "max": 776.19,
            "value": 100
          }
        },
        {
          "name": "antiAliasing",
          "shortdesc": "Should the resulting image be antialiased.",
          "datatype": {
            "type": "Boolean",
            "value": true
          }
        },
        {
          "name": "artBoardClipping",
          "shortdesc": "Should the resulting image be clipped to the artboard.",
          "datatype": {
            "type": "Boolean",
            "value": false
          }
        },
        {
          "name": "saveAsHTML",
          "shortdesc": "Should the resulting image be saved as HTML.",
          "datatype": {
            "type": "Boolean",
            "value": false
          }
        }
      ]
    }
  ]
}