{
  "name": "ExportOptionsSVG",
  "dynamic": true,
  "shortdesc": "Options which may be supplied when exporting a document as an SVG file.",
  "elements": [
    {
      "type": "class",
      "property": [
        {
          "name": "DTD",
          "shortdesc": "The version of DTD that the exported file should be conforming to.",
          "datatype": {
            "type": "SVGDTDVersion",
            "value": "SVGDTDVersion.SVG1_1"
          }
        },
        {
          "name": "fontType",
          "shortdesc": "The type of font that should be included in the exported file.",
          "datatype": {
            "type": "SVGFontType",
            "value": "SVGFontType.CEFFONT"
          }
        },
        {
          "name": "fontSubsetting",
          "shortdesc": "What font glyphs should be included in the exported file.",
          "datatype": {
            "type": "SVGFontSubsetting",
            "value": "SVGFontSubsetting.ALLGLYPHS"
          }
        },
        {
          "name": "embedRasterImages",
          "shortdesc": "Should the raster images in the exported file be included.",
          "datatype": {
            "type": "Boolean",
            "value": false
          }
        },
        {
          "name": "coordinatePrecision",
          "shortdesc": "Decimal precision for element coordinate values.",
          "datatype": {
            "type": "Int32",
            "min": 1,
            "max": 7,
            "value": 3
          }
        },
        {
          "name": "documentEncoding",
          "shortdesc": "How should the text in the document be encoded.",
          "datatype": {
            "type": "SVGDocumentEncoding",
            "value": "SVGDocumentEncoding.ASCII"
          }
        },
        {
          "name": "cssProperties",
          "shortdesc": "How should the CSS properties of the document be included in the document.",
          "datatype": {
            "type": "SVGCSSPropertyLocation",
            "value": "SVGCSSPropertyLocation.STYLEATTRIBUTES"
          }
        },
        {
          "name": "compressed",
          "shortdesc": "Should the exported file be compressed.",
          "datatype": {
            "type": "Boolean",
            "value": false
          }
        },
        {
          "name": "optimizeForSVGViewer",
          "datatype": {
            "type": "Boolean",
            "value": false
          }
        },
        {
          "name": "includeVariablesAndDatasets",
          "datatype": {
            "type": "Boolean",
            "value": false
          }
        },
        {
          "name": "includeFileInfo",
          "datatype": {
            "type": "Boolean",
            "value": false
          }
        },
        {
          "name": "includeUnusedStyles",
          "datatype": {
            "type": "Boolean",
            "value": false
          }
        },
        {
          "name": "slices",
          "shortdesc": "Preserve slice data in exported document.",
          "datatype": {
            "type": "Boolean",
            "value": false
          }
        },
        {
          "name": "preserveEditability",
          "shortdesc": "Preserve Illustrator editing capabilities when exporting the document.",
          "datatype": {
            "type": "Boolean",
            "value": false
          }
        },
        {
          "name": "sVGAutoKerning",
          "shortdesc": "Is SVG auto kerning allowed?",
          "datatype": {
            "type": "Boolean",
            "value": false
          }
        },
        {
          "name": "sVGTextOnPath",
          "shortdesc": "Is SVG text-on-path construct allowed?",
          "datatype": {
            "type": "Boolean",
            "value": false
          }
        },
        {
          "name": "saveMultipleArtboards",
          "shortdesc": "All the artboards or range of the artboards will be saved.",
          "datatype": {
            "type": "Boolean",
            "value": false
          }
        },
        {
          "name": "artboardRange",
          "shortdesc": "If SaveMultipleArtboards is true,this will be considered for multi-asset extraction which specifies artboard range.Empty string will extracts all the artboards.Default is empty string.",
          "datatype": {
            "type": "String",
            "value": {}
          }
        }
      ]
    }
  ]
}