{
  "name": "ExportOptionsAutoCAD",
  "dynamic": true,
  "shortdesc": "Options which may be supplied when exporting a document to AutoCAD formats &amp;&#35;40;.dwg or .dxf&#41;",
  "elements": [
    {
      "type": "class",
      "property": [
        {
          "name": "exportFileFormat",
          "shortdesc": "Which format to export the file as.",
          "datatype": {
            "type": "AutoCADExportFileFormat",
            "value": "AutoCADExportFileFormat.DWG"
          }
        },
        {
          "name": "version",
          "shortdesc": "Release of AutoCAD to export to.",
          "datatype": {
            "type": "AutoCADCompatibility",
            "value": "AutoCADCompatibility.AutoCADRelease24"
          }
        },
        {
          "name": "unitScaleRatio",
          "shortdesc": "Ratio by which to scale the output.",
          "datatype": {
            "type": "Number",
            "value": 1
          }
        },
        {
          "name": "unit",
          "shortdesc": "Units from which to map.",
          "datatype": {
            "type": "AutoCADUnit",
            "value": "AutoCADUnit.Millimeters"
          }
        },
        {
          "name": "colors",
          "shortdesc": "Number of colors to export into the AutoCAD file.",
          "datatype": {
            "type": "AutoCADColors",
            "value": "AutoCADColors.TrueColors"
          }
        },
        {
          "name": "rasterFormat",
          "shortdesc": "Raster format in which to export raster art.",
          "datatype": {
            "type": "AutoCADRasterFormat",
            "value": "AutoCADRasterFormat.PNG"
          }
        },
        {
          "name": "exportOption",
          "shortdesc": "Whether to preserve appearance or editability during export.",
          "datatype": {
            "type": "AutoCADExportOption",
            "value": "AutoCADExportOption.MaximumEditability"
          }
        },
        {
          "name": "exportSelectedArtOnly",
          "shortdesc": "Export selected art only.",
          "datatype": {
            "type": "Boolean",
            "value": false
          }
        },
        {
          "name": "alterPathsForAppearance",
          "shortdesc": "Alter paths for appearance.",
          "datatype": {
            "type": "Boolean",
            "value": false
          }
        },
        {
          "name": "convertTextToOutlines",
          "shortdesc": "Whether to convert text to outlines.",
          "datatype": {
            "type": "Boolean",
            "value": false
          }
        },
        {
          "name": "scaleLineweights",
          "shortdesc": "Whether to scale lineweights by the same amount as rest of the drawing.",
          "datatype": {
            "type": "Boolean",
            "value": false
          }
        }
      ]
    }
  ]
}