{
  "name": "FigureStyleType",
  "enumeration": true,
  "shortdesc": "The figure style type.",
  "elements": [
    {
      "type": "class",
      "property": [
        {
          "name": "DEFAULTFIGURESTYLE",
          "rwaccess": "readonly",
          "shortdesc": "Default figure style.",
          "datatype": {
            "type": "int",
            "value": 0
          }
        },
        {
          "name": "TABULAR",
          "rwaccess": "readonly",
          "shortdesc": "Tabular lining style.",
          "datatype": {
            "type": "int",
            "value": 1
          }
        },
        {
          "name": "PROPORTIONALOLDSTYLE",
          "rwaccess": "readonly",
          "shortdesc": "Proportional oldstyle.",
          "datatype": {
            "type": "int",
            "value": 2
          }
        },
        {
          "name": "PROPORTIONAL",
          "rwaccess": "readonly",
          "shortdesc": "Proportional lining style.",
          "datatype": {
            "type": "int",
            "value": 3
          }
        },
        {
          "name": "TABULAROLDSTYLE",
          "rwaccess": "readonly",
          "shortdesc": "Tabular oldstyle.",
          "datatype": {
            "type": "int",
            "value": 4
          }
        }
      ]
    }
  ]
}