{
  "name": "FiltersPreservePolicy",
  "enumeration": true,
  "shortdesc": "Filters preserve policy used by FXG file format.",
  "elements": [
    {
      "type": "class",
      "property": [
        {
          "name": "EXPANDFILTERS",
          "rwaccess": "readonly",
          "shortdesc": "Preserve the appearance of filters by expanding it.",
          "datatype": {
            "type": "int",
            "value": 1
          }
        },
        {
          "name": "RASTERIZEFILTERS",
          "rwaccess": "readonly",
          "shortdesc": "Preserve the appearance of filters by rasterizing it.",
          "datatype": {
            "type": "int",
            "value": 2
          }
        },
        {
          "name": "KEEPFILTERSEDITABLE",
          "rwaccess": "readonly",
          "shortdesc": "Preserve the editability of filters.",
          "datatype": {
            "type": "int",
            "value": 3
          }
        }
      ]
    }
  ]
}