{
  "name": "FirstBaselineType",
  "enumeration": true,
  "shortdesc": "Text Item First baseline types.",
  "elements": [
    {
      "type": "class",
      "property": [
        {
          "name": "BASELINEASCENT",
          "rwaccess": "readonly",
          "shortdesc": "First Baseline Ascent Type.",
          "datatype": {
            "type": "int",
            "value": 0
          }
        },
        {
          "name": "BASELINECAPHEIGHT",
          "rwaccess": "readonly",
          "shortdesc": "First baseline Cap Height Type.",
          "datatype": {
            "type": "int",
            "value": 1
          }
        },
        {
          "name": "BASELINELEADING",
          "rwaccess": "readonly",
          "shortdesc": "First Baseline Leading Type.",
          "datatype": {
            "type": "int",
            "value": 2
          }
        },
        {
          "name": "BASELINEXHEIGHT",
          "rwaccess": "readonly",
          "shortdesc": "First Baseline x Height Type.",
          "datatype": {
            "type": "int",
            "value": 3
          }
        },
        {
          "name": "BASELINEEMBOXHEIGHT",
          "rwaccess": "readonly",
          "shortdesc": "First Baseline Em Box Height Type.",
          "datatype": {
            "type": "int",
            "value": 4
          }
        },
        {
          "name": "BASELINEFIXED",
          "rwaccess": "readonly",
          "shortdesc": "First Baseline Fixed Type.",
          "datatype": {
            "type": "int",
            "value": 5
          }
        },
        {
          "name": "BASELINELEGACY",
          "rwaccess": "readonly",
          "shortdesc": "First Baseline Legacy Type.",
          "datatype": {
            "type": "int",
            "value": 6
          }
        }
      ]
    }
  ]
}