{
  "name": "FlashExportVersion",
  "enumeration": true,
  "shortdesc": "Version of the SWF File to be exported.",
  "elements": [
    {
      "type": "class",
      "property": [
        {
          "name": "FLASHVERSION1",
          "rwaccess": "readonly",
          "shortdesc": "SWF Version 1.",
          "datatype": {
            "type": "int",
            "value": 1
          }
        },
        {
          "name": "FLASHVERSION2",
          "rwaccess": "readonly",
          "shortdesc": "SWF Version 2.",
          "datatype": {
            "type": "int",
            "value": 2
          }
        },
        {
          "name": "FLASHVERSION3",
          "rwaccess": "readonly",
          "shortdesc": "SWF Version 3.",
          "datatype": {
            "type": "int",
            "value": 3
          }
        },
        {
          "name": "FLASHVERSION4",
          "rwaccess": "readonly",
          "shortdesc": "SWF Version 4.",
          "datatype": {
            "type": "int",
            "value": 4
          }
        },
        {
          "name": "FLASHVERSION5",
          "rwaccess": "readonly",
          "shortdesc": "SWF Version 5.",
          "datatype": {
            "type": "int",
            "value": 5
          }
        },
        {
          "name": "FLASHVERSION6",
          "rwaccess": "readonly",
          "shortdesc": "SWF Version 6.",
          "datatype": {
            "type": "int",
            "value": 6
          }
        },
        {
          "name": "FLASHVERSION7",
          "rwaccess": "readonly",
          "shortdesc": "SWF Version 7.",
          "datatype": {
            "type": "int",
            "value": 7
          }
        },
        {
          "name": "FLASHVERSION8",
          "rwaccess": "readonly",
          "shortdesc": "SWF Version 8.",
          "datatype": {
            "type": "int",
            "value": 8
          }
        },
        {
          "name": "FLASHVERSION9",
          "rwaccess": "readonly",
          "shortdesc": "SWF Version 9.",
          "datatype": {
            "type": "int",
            "value": 9
          }
        }
      ]
    }
  ]
}