{
  "name": "FlashExportStyle",
  "enumeration": true,
  "elements": [
    {
      "type": "class",
      "property": [
        {
          "name": "ARTBOARDSTOFILES",
          "rwaccess": "readonly",
          "shortdesc": "Illustrator Artboards to Flash Files.",
          "datatype": {
            "type": "int",
            "value": 5
          }
        },
        {
          "name": "ASFLASHFILE",
          "rwaccess": "readonly",
          "shortdesc": "Illustrator file to Flash file.",
          "datatype": {
            "type": "int",
            "value": 1
          }
        },
        {
          "name": "LAYERSASFRAMES",
          "rwaccess": "readonly",
          "shortdesc": "Illustrator layers to Flash frames.",
          "datatype": {
            "type": "int",
            "value": 2
          }
        },
        {
          "name": "LAYERSASFILES",
          "rwaccess": "readonly",
          "shortdesc": "Illustrator layers to Flash files.",
          "datatype": {
            "type": "int",
            "value": 3
          }
        },
        {
          "name": "LAYERSASSYMBOLS",
          "rwaccess": "readonly",
          "shortdesc": "Illustrator layers to Flash Symbols.",
          "datatype": {
            "type": "int",
            "value": 4
          }
        }
      ]
    }
  ]
}