{
  "name": "FontOpenTypePositionOption",
  "enumeration": true,
  "shortdesc": "The OpenType font position option.",
  "elements": [
    {
      "type": "class",
      "property": [
        {
          "name": "OPENTYPEDEFAULT",
          "rwaccess": "readonly",
          "shortdesc": "Default position.",
          "datatype": {
            "type": "int",
            "value": 0
          }
        },
        {
          "name": "OPENTYPESUPERSCRIPT",
          "rwaccess": "readonly",
          "shortdesc": "OpenType superscript position.",
          "datatype": {
            "type": "int",
            "value": 1
          }
        },
        {
          "name": "OPENTYPESUBSCRIPT",
          "rwaccess": "readonly",
          "shortdesc": "OpenType subscript position.",
          "datatype": {
            "type": "int",
            "value": 2
          }
        },
        {
          "name": "NUMERATOR",
          "rwaccess": "readonly",
          "shortdesc": "OpenType numerator position.",
          "datatype": {
            "type": "int",
            "value": 3
          }
        },
        {
          "name": "DENOMINATOR",
          "rwaccess": "readonly",
          "shortdesc": "OpenType denominator position.",
          "datatype": {
            "type": "int",
            "value": 4
          }
        }
      ]
    }
  ]
}