{
  "name": "FontSubstitutionPolicy",
  "enumeration": true,
  "shortdesc": "The font substitution policy.",
  "elements": [
    {
      "type": "class",
      "property": [
        {
          "name": "SUBSTITUTEOBLIQUE",
          "rwaccess": "readonly",
          "shortdesc": "Substitute oblique font.",
          "datatype": {
            "type": "int",
            "value": 0
          }
        },
        {
          "name": "SUBSTITUTETINT",
          "rwaccess": "readonly",
          "shortdesc": "Substitute tint font.",
          "datatype": {
            "type": "int",
            "value": 1
          }
        },
        {
          "name": "SUBSTITUTEDEVICE",
          "rwaccess": "readonly",
          "shortdesc": "Substitute device font.",
          "datatype": {
            "type": "int",
            "value": 2
          }
        }
      ]
    }
  ]
}