{
  "name": "FontBaselineOption",
  "enumeration": true,
  "shortdesc": "The font baseline option.",
  "elements": [
    {
      "type": "class",
      "property": [
        {
          "name": "NORMALBASELINE",
          "rwaccess": "readonly",
          "shortdesc": "Normal baseline.",
          "datatype": {
            "type": "int",
            "value": 0
          }
        },
        {
          "name": "SUPERSCRIPT",
          "rwaccess": "readonly",
          "shortdesc": "Fauxed superscript baseline.",
          "datatype": {
            "type": "int",
            "value": 1
          }
        },
        {
          "name": "SUBSCRIPT",
          "rwaccess": "readonly",
          "shortdesc": "Fauxed subscript baseline.",
          "datatype": {
            "type": "int",
            "value": 2
          }
        }
      ]
    }
  ]
}