{
  "name": "FontCapsOption",
  "enumeration": true,
  "shortdesc": "The font capitalization option.",
  "elements": [
    {
      "type": "class",
      "property": [
        {
          "name": "NORMALCAPS",
          "rwaccess": "readonly",
          "shortdesc": "Normal caps.",
          "datatype": {
            "type": "int",
            "value": 0
          }
        },
        {
          "name": "SMALLCAPS",
          "rwaccess": "readonly",
          "shortdesc": "Small caps.",
          "datatype": {
            "type": "int",
            "value": 1
          }
        },
        {
          "name": "ALLCAPS",
          "rwaccess": "readonly",
          "shortdesc": "All caps.",
          "datatype": {
            "type": "int",
            "value": 2
          }
        },
        {
          "name": "ALLSMALLCAPS",
          "rwaccess": "readonly",
          "shortdesc": "All small caps.",
          "datatype": {
            "type": "int",
            "value": 3
          }
        }
      ]
    }
  ]
}