{
  "name": "FXGSaveOptions",
  "dynamic": true,
  "shortdesc": "Options which may be supplied when saving a document as an FXG file.",
  "elements": [
    {
      "type": "class",
      "property": [
        {
          "name": "saveMultipleArtboards",
          "shortdesc": "All the artboards or range of the artboards will be saved.",
          "datatype": {
            "type": "Boolean",
            "value": false
          }
        },
        {
          "name": "artboardRange",
          "shortdesc": "If SaveMultipleArtboards is true,this will be considered for multi-asset extraction which specifies artboard range.Empty string will extracts all the artboards.Default is empty string.",
          "datatype": {
            "type": "String",
            "value": {}
          }
        },
        {
          "name": "version",
          "shortdesc": "The version of the FXG file format to create.",
          "datatype": {
            "type": "FXGVersion",
            "value": "FXGVersion.VERSION2PT0"
          }
        },
        {
          "name": "preserveEditingCapabilities",
          "shortdesc": "Choose to preserve the editing capabilities of FXG.",
          "datatype": {
            "type": "Boolean",
            "value": true
          }
        },
        {
          "name": "includeUnusedSymbols",
          "shortdesc": "Choose to include unused symbols.",
          "datatype": {
            "type": "Boolean",
            "value": false
          }
        },
        {
          "name": "downsampleLinkedImages",
          "shortdesc": "Choose to downsample the linked images(72ppi)",
          "datatype": {
            "type": "Boolean",
            "value": false
          }
        },
        {
          "name": "includeMetadata",
          "shortdesc": "Choose to include metadata (XMP)",
          "datatype": {
            "type": "Boolean",
            "value": false
          }
        },
        {
          "name": "filtersPolicy",
          "shortdesc": "The policy used by FXG to preserve filters.",
          "datatype": {
            "type": "FiltersPreservePolicy",
            "value": "FiltersPreservePolicy.KEEPFILTERSEDITABLE"
          }
        },
        {
          "name": "textPolicy",
          "shortdesc": "The policy used by FXG to preserve text.",
          "datatype": {
            "type": "TextPreservePolicy",
            "value": "TextPreservePolicy.AUTOMATICALLYCONVERTTEXT"
          }
        },
        {
          "name": "gradientsPolicy",
          "shortdesc": "The policy used by FXG to preserve gradients.",
          "datatype": {
            "type": "GradientsPreservePolicy",
            "value": "GradientsPreservePolicy.AUTOMATICALLYCONVERTGRADIENTS"
          }
        },
        {
          "name": "blendsPolicy",
          "shortdesc": "The policy used by FXG to expand blends.",
          "datatype": {
            "type": "BlendsExpandPolicy",
            "value": "BlendsExpandPolicy.AUTOMATICALLYCONVERTBLENDS"
          }
        }
      ]
    }
  ]
}