{
  "name": "FXGVersion",
  "enumeration": true,
  "shortdesc": "The FXG file format version.",
  "elements": [
    {
      "type": "class",
      "property": [
        {
          "name": "VERSION1PT0",
          "rwaccess": "readonly",
          "shortdesc": "FXG version 1.0.",
          "datatype": {
            "type": "int",
            "value": 1
          }
        },
        {
          "name": "VERSION2PT0",
          "rwaccess": "readonly",
          "shortdesc": "FXG version 2.0.",
          "datatype": {
            "type": "int",
            "value": 2
          }
        }
      ]
    }
  ]
}