{
  "name": "Gradient",
  "dynamic": true,
  "shortdesc": "A gradient.",
  "elements": [
    {
      "type": "instance",
      "property": [
        {
          "name": "parent",
          "rwaccess": "readonly",
          "shortdesc": "The object's container.",
          "datatype": {
            "type": "Object"
          }
        },
        {
          "name": "typename",
          "rwaccess": "readonly",
          "shortdesc": "The class name of the object.",
          "datatype": {
            "type": "String"
          }
        },
        {
          "name": "type",
          "shortdesc": "The gradient type.",
          "datatype": {
            "type": "GradientType"
          }
        },
        {
          "name": "name",
          "shortdesc": "The gradient's name.",
          "datatype": {
            "type": "String"
          }
        },
        {
          "name": "gradientStops",
          "rwaccess": "readonly",
          "shortdesc": "The stops in this gradient.",
          "datatype": {
            "type": "GradientStops"
          }
        }
      ],
      "method": [
        {
          "name": "remove",
          "shortdesc": "Deletes this object."
        },
        {
          "name": "removeAll",
          "shortdesc": "Deletes all elements."
        }
      ]
    }
  ]
}