{
  "name": "GradientsPreservePolicy",
  "enumeration": true,
  "shortdesc": "Gradients preserve policy used by FXG file format.",
  "elements": [
    {
      "type": "class",
      "property": [
        {
          "name": "KEEPGRADIENTSEDITABLE",
          "rwaccess": "readonly",
          "shortdesc": "Preserve the editability of gradients.",
          "datatype": {
            "type": "int",
            "value": 3
          }
        },
        {
          "name": "AUTOMATICALLYCONVERTGRADIENTS",
          "rwaccess": "readonly",
          "shortdesc": "Automatically Convert Gradients.",
          "datatype": {
            "type": "int",
            "value": 4
          }
        }
      ]
    }
  ]
}