{
  "name": "GradientColor",
  "dynamic": true,
  "superclass": "Color",
  "shortdesc": "A Gradient color specification.",
  "elements": [
    {
      "type": "class",
      "property": [
        {
          "name": "origin",
          "shortdesc": "The gradient vector origin.",
          "datatype": {
            "type": "Point"
          }
        },
        {
          "name": "angle",
          "shortdesc": "The gradient vector angle.",
          "datatype": {
            "type": "Number",
            "value": 0
          }
        },
        {
          "name": "length",
          "shortdesc": "The gradient vector length.",
          "datatype": {
            "type": "Number",
            "value": 0
          }
        },
        {
          "name": "hiliteAngle",
          "shortdesc": "The gradient hilite vector angle.",
          "datatype": {
            "type": "Number",
            "value": 0
          }
        },
        {
          "name": "hiliteLength",
          "shortdesc": "The gradient hilite vector length.",
          "datatype": {
            "type": "Number",
            "value": 0
          }
        },
        {
          "name": "matrix",
          "shortdesc": "Additional transformation arising from manipulating the path.",
          "datatype": {
            "type": "Matrix"
          }
        },
        {
          "name": "gradient",
          "shortdesc": "Reference to the object defining the gradient.",
          "datatype": {
            "type": "Gradient"
          }
        }
      ]
    }
  ]
}