{
  "name": "GradientStop",
  "dynamic": true,
  "shortdesc": "A gradient stop.",
  "elements": [
    {
      "type": "instance",
      "property": [
        {
          "name": "parent",
          "rwaccess": "readonly",
          "shortdesc": "The object's container.",
          "datatype": {
            "type": "Object"
          }
        },
        {
          "name": "typename",
          "rwaccess": "readonly",
          "shortdesc": "The class name of the object.",
          "datatype": {
            "type": "String"
          }
        },
        {
          "name": "midPoint",
          "shortdesc": "Midpoint key value in percent.",
          "datatype": {
            "type": "Number",
            "min": 13,
            "max": 87
          }
        },
        {
          "name": "rampPoint",
          "shortdesc": "Location of color in the blend (in percent)",
          "datatype": {
            "type": "Number",
            "min": 0,
            "max": 100
          }
        },
        {
          "name": "color",
          "shortdesc": "The color linked to this gradient stop.",
          "datatype": {
            "type": "Color"
          }
        },
        {
          "name": "opacity",
          "shortdesc": "The opacity (between 0.0 and 100.0) value for the gradient stop.",
          "datatype": {
            "type": "Number",
            "min": 0,
            "max": 100
          }
        }
      ],
      "method": [
        {
          "name": "remove",
          "shortdesc": "Deletes this object."
        },
        {
          "name": "removeAll",
          "shortdesc": "Deletes all elements."
        }
      ]
    }
  ]
}