{
  "name": "GradientType",
  "enumeration": true,
  "shortdesc": "The gradient type.",
  "elements": [
    {
      "type": "class",
      "property": [
        {
          "name": "LINEAR",
          "rwaccess": "readonly",
          "shortdesc": "Linear gradient.",
          "datatype": {
            "type": "int",
            "value": 1
          }
        },
        {
          "name": "RADIAL",
          "rwaccess": "readonly",
          "datatype": {
            "type": "int",
            "value": 2
          }
        }
      ]
    }
  ]
}