{
  "name": "GroupItem",
  "dynamic": true,
  "superclass": "PageItem",
  "shortdesc": "An artwork group item.",
  "elements": [
    {
      "type": "instance",
      "property": [
        {
          "name": "parent",
          "rwaccess": "readonly",
          "shortdesc": "The object's container.",
          "datatype": {
            "type": "Object"
          }
        },
        {
          "name": "typename",
          "rwaccess": "readonly",
          "shortdesc": "The class name of the object.",
          "datatype": {
            "type": "String"
          }
        },
        {
          "name": "clipped",
          "shortdesc": "Are the group elements clipped to the clipping path?",
          "datatype": {
            "type": "Boolean"
          }
        },
        {
          "name": "groupItems",
          "rwaccess": "readonly",
          "shortdesc": "The group items in this group.",
          "datatype": {
            "type": "GroupItems"
          }
        },
        {
          "name": "pageItems",
          "rwaccess": "readonly",
          "shortdesc": "All the artwork in this group.",
          "datatype": {
            "type": "PageItems"
          }
        },
        {
          "name": "compoundPathItems",
          "rwaccess": "readonly",
          "shortdesc": "The compound path artwork in this group.",
          "datatype": {
            "type": "CompoundPathItems"
          }
        },
        {
          "name": "pathItems",
          "rwaccess": "readonly",
          "shortdesc": "The path artwork in this group.",
          "datatype": {
            "type": "PathItems"
          }
        },
        {
          "name": "rasterItems",
          "rwaccess": "readonly",
          "shortdesc": "The raster art items in this group.",
          "datatype": {
            "type": "RasterItems"
          }
        },
        {
          "name": "placedItems",
          "rwaccess": "readonly",
          "shortdesc": "The placed art items in this group.",
          "datatype": {
            "type": "PlacedItems"
          }
        },
        {
          "name": "meshItems",
          "rwaccess": "readonly",
          "shortdesc": "The mesh art items in this group.",
          "datatype": {
            "type": "MeshItems"
          }
        },
        {
          "name": "pluginItems",
          "rwaccess": "readonly",
          "shortdesc": "The plugin art items in this group.",
          "datatype": {
            "type": "PluginItems"
          }
        },
        {
          "name": "graphItems",
          "rwaccess": "readonly",
          "shortdesc": "The graph art items in this group.",
          "datatype": {
            "type": "GraphItems"
          }
        },
        {
          "name": "nonNativeItems",
          "rwaccess": "readonly",
          "shortdesc": "The non-native art items in this group.",
          "datatype": {
            "type": "NonNativeItems"
          }
        },
        {
          "name": "textFrames",
          "rwaccess": "readonly",
          "shortdesc": "The text frame items in this group.",
          "datatype": {
            "type": "TextFrameItems"
          }
        },
        {
          "name": "symbolItems",
          "rwaccess": "readonly",
          "shortdesc": "The symbol items in this group.",
          "datatype": {
            "type": "SymbolItems"
          }
        },
        {
          "name": "legacyTextItems",
          "rwaccess": "readonly",
          "shortdesc": "The text frame items in this story.",
          "datatype": {
            "type": "LegacyTextItems"
          }
        }
      ],
      "method": [
        {
          "name": "move",
          "shortdesc": "Move the object.",
          "parameters": [
            {
              "name": "relativeObject",
              "datatype": {
                "type": "Object"
              }
            },
            {
              "name": "insertionLocation",
              "datatype": {
                "type": "ElementPlacement"
              }
            }
          ],
          "datatype": {
            "type": "GroupItem"
          }
        },
        {
          "name": "duplicate",
          "shortdesc": "Duplicate this object.",
          "parameters": [
            {
              "name": "relativeObject",
              "datatype": {
                "type": "Object"
              }
            },
            {
              "name": "insertionLocation",
              "datatype": {
                "type": "ElementPlacement"
              }
            }
          ],
          "datatype": {
            "type": "GroupItem"
          }
        },
        {
          "name": "remove",
          "shortdesc": "Deletes this object."
        },
        {
          "name": "removeAll",
          "shortdesc": "Deletes all elements."
        }
      ]
    }
  ]
}