{
  "name": "IllustratorSaveOptions",
  "dynamic": true,
  "shortdesc": "Options which may be supplied when saving a document as an Illustrator file.",
  "elements": [
    {
      "type": "class",
      "property": [
        {
          "name": "compatibility",
          "shortdesc": "What Illustrator file format version to create.",
          "datatype": {
            "type": "Compatibility",
            "value": "Compatibility.ILLUSTRATOR17"
          }
        },
        {
          "name": "fontSubsetThreshold",
          "shortdesc": "Include a subset of fonts when less than this percentage of characters are used (version 9 or later)",
          "datatype": {
            "type": "Number",
            "min": 0,
            "max": 100,
            "value": 100
          }
        },
        {
          "name": "embedICCProfile",
          "shortdesc": "Embed the document's ICC profile in the saved file (version 9 or later)",
          "datatype": {
            "type": "Boolean",
            "value": false
          }
        },
        {
          "name": "embedLinkedFiles",
          "shortdesc": "Are linked image files to be included in the saved document (versions 7 or later)",
          "datatype": {
            "type": "Boolean",
            "value": false
          }
        },
        {
          "name": "flattenOutput",
          "shortdesc": "How should transparency be flattened for older file format versions (pre-version 9)",
          "datatype": {
            "type": "OutputFlattening",
            "value": "OutputFlattening.PRESERVEAPPEARANCE"
          }
        },
        {
          "name": "pdfCompatible",
          "shortdesc": "Save as a PDF compatible file (version 10 or later)",
          "datatype": {
            "type": "Boolean",
            "value": true
          }
        },
        {
          "name": "compressed",
          "shortdesc": "Should the saved file be compressed (version 10 or later)",
          "datatype": {
            "type": "Boolean",
            "value": true
          }
        },
        {
          "name": "saveMultipleArtboards",
          "shortdesc": "All the artboards or range of the artboards will be saved.",
          "datatype": {
            "type": "Boolean",
            "value": false
          }
        },
        {
          "name": "artboardRange",
          "shortdesc": "If SaveMultipleArtboards is true ,this will be considered for multi-asset extraction which specifies artboard range.Empty string will extracts all the artboards.Default is empty string.",
          "datatype": {
            "type": "String",
            "value": {}
          }
        }
      ]
    }
  ]
}