{
  "name": "ImageCaptureOptions",
  "dynamic": true,
  "shortdesc": "Options which may be supplied when capturing a portion of the artwork as an 24 bit PNG file.",
  "elements": [
    {
      "type": "class",
      "property": [
        {
          "name": "resolution",
          "shortdesc": "The resolution of the captured image file.",
          "datatype": {
            "type": "Number",
            "min": 72,
            "max": 2400,
            "value": 150
          }
        },
        {
          "name": "transparency",
          "shortdesc": "Should the resulting image use transparency.",
          "datatype": {
            "type": "Boolean",
            "value": false
          }
        },
        {
          "name": "matte",
          "shortdesc": "Should the artboard be matted with a color.",
          "datatype": {
            "type": "Boolean",
            "value": false
          }
        },
        {
          "name": "matteColor",
          "shortdesc": "The color to use when matting the artboard (default: white)",
          "datatype": {
            "type": "RGBColor"
          }
        },
        {
          "name": "antiAliasing",
          "shortdesc": "Should the resulting image be antialiased.",
          "datatype": {
            "type": "Boolean",
            "value": false
          }
        }
      ]
    }
  ]
}