{
  "name": "ImageColorSpace",
  "enumeration": true,
  "shortdesc": "The color space.",
  "elements": [
    {
      "type": "class",
      "property": [
        {
          "name": "GrayScale",
          "rwaccess": "readonly",
          "shortdesc": "Gray color space.",
          "datatype": {
            "type": "int",
            "value": 1
          }
        },
        {
          "name": "RGB",
          "rwaccess": "readonly",
          "shortdesc": "RGB color space.",
          "datatype": {
            "type": "int",
            "value": 2
          }
        },
        {
          "name": "CMYK",
          "rwaccess": "readonly",
          "shortdesc": "CMYK color space.",
          "datatype": {
            "type": "int",
            "value": 3
          }
        },
        {
          "name": "LAB",
          "rwaccess": "readonly",
          "shortdesc": "LAB color space.",
          "datatype": {
            "type": "int",
            "value": 4
          }
        },
        {
          "name": "Separation",
          "rwaccess": "readonly",
          "shortdesc": "Separation color space.",
          "datatype": {
            "type": "int",
            "value": 5
          }
        },
        {
          "name": "DeviceN",
          "rwaccess": "readonly",
          "shortdesc": "DeviceN color space.",
          "datatype": {
            "type": "int",
            "value": 6
          }
        },
        {
          "name": "Indexed",
          "rwaccess": "readonly",
          "shortdesc": "Indexed color space.",
          "datatype": {
            "type": "int",
            "value": 7
          }
        }
      ]
    }
  ]
}