{
  "name": "InkInfo",
  "dynamic": true,
  "shortdesc": "Ink information.",
  "elements": [
    {
      "type": "class",
      "property": [
        {
          "name": "printingStatus",
          "shortdesc": "The ink printing status.",
          "datatype": {
            "type": "InkPrintStatus"
          }
        },
        {
          "name": "kind",
          "shortdesc": "The ink type.",
          "datatype": {
            "type": "InkType"
          }
        },
        {
          "name": "trapping",
          "shortdesc": "The trapping type.",
          "datatype": {
            "type": "TrappingType"
          }
        },
        {
          "name": "trappingOrder",
          "shortdesc": "The order of trapping for the ink.",
          "datatype": {
            "type": "Int32",
            "min": 1
          }
        },
        {
          "name": "density",
          "shortdesc": "The neutral density.",
          "datatype": {
            "type": "Number",
            "min": 0
          }
        },
        {
          "name": "frequency",
          "shortdesc": "The ink's frequency.",
          "datatype": {
            "type": "Number",
            "min": 0
          }
        },
        {
          "name": "angle",
          "shortdesc": "The ink's screen angle (in degrees)",
          "datatype": {
            "type": "Number"
          }
        },
        {
          "name": "customColor",
          "shortdesc": "The color of the custom ink.",
          "datatype": {
            "type": "Color"
          }
        },
        {
          "name": "dotShape",
          "shortdesc": "The dot shape name.",
          "datatype": {
            "type": "String"
          }
        }
      ]
    }
  ]
}