{
  "name": "InkPrintStatus",
  "enumeration": true,
  "shortdesc": "The ink printing status.",
  "elements": [
    {
      "type": "class",
      "property": [
        {
          "name": "DISABLEINK",
          "rwaccess": "readonly",
          "shortdesc": "Disable the ink during print.",
          "datatype": {
            "type": "int",
            "value": 0
          }
        },
        {
          "name": "ENABLEINK",
          "rwaccess": "readonly",
          "shortdesc": "Enable the ink during print.",
          "datatype": {
            "type": "int",
            "value": 1
          }
        },
        {
          "name": "CONVERTINK",
          "rwaccess": "readonly",
          "shortdesc": "Convert to process color during print.",
          "datatype": {
            "type": "int",
            "value": 2
          }
        }
      ]
    }
  ]
}