{
  "name": "InkType",
  "enumeration": true,
  "shortdesc": "The ink type.",
  "elements": [
    {
      "type": "class",
      "property": [
        {
          "name": "CYANINK",
          "rwaccess": "readonly",
          "shortdesc": "Cyan color ink.",
          "datatype": {
            "type": "int",
            "value": 0
          }
        },
        {
          "name": "MAGENTAINK",
          "rwaccess": "readonly",
          "shortdesc": "Magenta color ink.",
          "datatype": {
            "type": "int",
            "value": 1
          }
        },
        {
          "name": "YELLOWINK",
          "rwaccess": "readonly",
          "shortdesc": "Yellow color ink.",
          "datatype": {
            "type": "int",
            "value": 2
          }
        },
        {
          "name": "BLACKINK",
          "rwaccess": "readonly",
          "shortdesc": "Black color ink.",
          "datatype": {
            "type": "int",
            "value": 3
          }
        },
        {
          "name": "CUSTOMINK",
          "rwaccess": "readonly",
          "shortdesc": "Custom color ink.",
          "datatype": {
            "type": "int",
            "value": 4
          }
        }
      ]
    }
  ]
}