{
  "name": "InsertionPoint",
  "dynamic": true,
  "shortdesc": "A location between characters, used to insert new text objects.",
  "elements": [
    {
      "type": "instance",
      "property": [
        {
          "name": "parent",
          "rwaccess": "readonly",
          "shortdesc": "The object's container.",
          "datatype": {
            "type": "Object"
          }
        },
        {
          "name": "typename",
          "rwaccess": "readonly",
          "shortdesc": "The class name of the object.",
          "datatype": {
            "type": "String"
          }
        },
        {
          "name": "story",
          "rwaccess": "readonly",
          "shortdesc": "The story of the text range.",
          "datatype": {
            "type": "Story"
          }
        },
        {
          "name": "characters",
          "rwaccess": "readonly",
          "shortdesc": "All the characters in this text range.",
          "datatype": {
            "type": "Characters"
          }
        },
        {
          "name": "words",
          "rwaccess": "readonly",
          "shortdesc": "All the words in this text range.",
          "datatype": {
            "type": "Words"
          }
        },
        {
          "name": "lines",
          "rwaccess": "readonly",
          "shortdesc": "All the lines in this text range.",
          "datatype": {
            "type": "Lines"
          }
        },
        {
          "name": "paragraphs",
          "rwaccess": "readonly",
          "shortdesc": "All the paragraphs in this text range.",
          "datatype": {
            "type": "Paragraphs"
          }
        },
        {
          "name": "textRanges",
          "rwaccess": "readonly",
          "shortdesc": "All the text in this text range.",
          "datatype": {
            "type": "TextRanges"
          }
        }
      ]
    }
  ]
}