{
  "name": "JavaScriptExecutionMode",
  "enumeration": true,
  "shortdesc": "When should a JavaScript debugger be shown.",
  "elements": [
    {
      "type": "class",
      "property": [
        {
          "name": "never",
          "rwaccess": "readonly",
          "shortdesc": "Never show the JavaScript debugger. Treat runtime errors by throwing a JavaScript exceptions.",
          "datatype": {
            "type": "int",
            "value": 1
          }
        },
        {
          "name": "OnRuntimeError",
          "rwaccess": "readonly",
          "shortdesc": "Show the JavaScript debugger is a runtime error occurs.",
          "datatype": {
            "type": "int",
            "value": 2
          }
        },
        {
          "name": "BeforeRunning",
          "rwaccess": "readonly",
          "shortdesc": "Show the JavaScript debugger at the first line of the JavaScript.",
          "datatype": {
            "type": "int",
            "value": 3
          }
        }
      ]
    }
  ]
}