{
  "name": "Justification",
  "enumeration": true,
  "shortdesc": "The paragraph alignment.",
  "elements": [
    {
      "type": "class",
      "property": [
        {
          "name": "LEFT",
          "rwaccess": "readonly",
          "datatype": {
            "type": "int",
            "value": 0
          }
        },
        {
          "name": "RIGHT",
          "rwaccess": "readonly",
          "datatype": {
            "type": "int",
            "value": 1
          }
        },
        {
          "name": "CENTER",
          "rwaccess": "readonly",
          "datatype": {
            "type": "int",
            "value": 2
          }
        },
        {
          "name": "FULLJUSTIFYLASTLINELEFT",
          "rwaccess": "readonly",
          "datatype": {
            "type": "int",
            "value": 3
          }
        },
        {
          "name": "FULLJUSTIFYLASTLINERIGHT",
          "rwaccess": "readonly",
          "datatype": {
            "type": "int",
            "value": 4
          }
        },
        {
          "name": "FULLJUSTIFYLASTLINECENTER",
          "rwaccess": "readonly",
          "datatype": {
            "type": "int",
            "value": 5
          }
        },
        {
          "name": "FULLJUSTIFY",
          "rwaccess": "readonly",
          "datatype": {
            "type": "int",
            "value": 6
          }
        }
      ]
    }
  ]
}