{
  "name": "KinsokuOrderEnum",
  "enumeration": true,
  "shortdesc": "The preferred Kinsoku order.",
  "elements": [
    {
      "type": "class",
      "property": [
        {
          "name": "PUSHIN",
          "rwaccess": "readonly",
          "datatype": {
            "type": "int",
            "value": 0
          }
        },
        {
          "name": "PUSHOUTFIRST",
          "rwaccess": "readonly",
          "datatype": {
            "type": "int",
            "value": 1
          }
        },
        {
          "name": "PUSHOUTONLY",
          "rwaccess": "readonly",
          "datatype": {
            "type": "int",
            "value": 2
          }
        }
      ]
    }
  ]
}