{
  "name": "KnockoutState",
  "enumeration": true,
  "shortdesc": "Knockout state of a page item.",
  "elements": [
    {
      "type": "class",
      "property": [
        {
          "name": "Unknown",
          "rwaccess": "readonly",
          "shortdesc": "Unknown/uninitialized knockout state.",
          "datatype": {
            "type": "int",
            "value": -1
          }
        },
        {
          "name": "DISABLED",
          "rwaccess": "readonly",
          "shortdesc": "Knockout off.",
          "datatype": {
            "type": "int",
            "value": 0
          }
        },
        {
          "name": "ENABLED",
          "rwaccess": "readonly",
          "shortdesc": "Knockout off.",
          "datatype": {
            "type": "int",
            "value": 1
          }
        },
        {
          "name": "INHERITED",
          "rwaccess": "readonly",
          "shortdesc": "Knockout state inherited from group?",
          "datatype": {
            "type": "int",
            "value": 2
          }
        }
      ]
    }
  ]
}