{
  "name": "LabColor",
  "dynamic": true,
  "superclass": "Color",
  "shortdesc": "An Lab color specification.",
  "elements": [
    {
      "type": "class",
      "property": [
        {
          "name": "l",
          "shortdesc": "The L color value (between 0.0 and 100.0)",
          "datatype": {
            "type": "Number",
            "min": 0,
            "max": 100,
            "value": 0
          }
        },
        {
          "name": "a",
          "shortdesc": "The a color value (between -128.0 and 127.0)",
          "datatype": {
            "type": "Number",
            "min": -128,
            "max": 127,
            "value": 0
          }
        },
        {
          "name": "b",
          "shortdesc": "The b color value (between -128.0 and 127.0)",
          "datatype": {
            "type": "Number",
            "min": -128,
            "max": 127,
            "value": 0
          }
        }
      ]
    }
  ]
}