{
  "name": "LanguageType",
  "enumeration": true,
  "shortdesc": "The language of text.",
  "elements": [
    {
      "type": "class",
      "property": [
        {
          "name": "ENGLISH",
          "rwaccess": "readonly",
          "datatype": {
            "type": "int",
            "value": 0
          }
        },
        {
          "name": "FINNISH",
          "rwaccess": "readonly",
          "datatype": {
            "type": "int",
            "value": 1
          }
        },
        {
          "name": "STANDARDFRENCH",
          "rwaccess": "readonly",
          "datatype": {
            "type": "int",
            "value": 2
          }
        },
        {
          "name": "CANADIANFRENCH",
          "rwaccess": "readonly",
          "datatype": {
            "type": "int",
            "value": 3
          }
        },
        {
          "name": "STANDARDGERMAN",
          "rwaccess": "readonly",
          "datatype": {
            "type": "int",
            "value": 4
          }
        },
        {
          "name": "OLDGERMAN",
          "rwaccess": "readonly",
          "datatype": {
            "type": "int",
            "value": 5
          }
        },
        {
          "name": "SWISSGERMAN",
          "rwaccess": "readonly",
          "datatype": {
            "type": "int",
            "value": 6
          }
        },
        {
          "name": "ITALIAN",
          "rwaccess": "readonly",
          "datatype": {
            "type": "int",
            "value": 7
          }
        },
        {
          "name": "BOKMALNORWEGIAN",
          "rwaccess": "readonly",
          "datatype": {
            "type": "int",
            "value": 8
          }
        },
        {
          "name": "NYNORSKNORWEGIAN",
          "rwaccess": "readonly",
          "shortdesc": "Nynorsk Norwegian.",
          "datatype": {
            "type": "int",
            "value": 9
          }
        },
        {
          "name": "STANDARDPORTUGUESE",
          "rwaccess": "readonly",
          "datatype": {
            "type": "int",
            "value": 10
          }
        },
        {
          "name": "BRAZILLIANPORTUGUESE",
          "rwaccess": "readonly",
          "datatype": {
            "type": "int",
            "value": 11
          }
        },
        {
          "name": "SPANISH",
          "rwaccess": "readonly",
          "datatype": {
            "type": "int",
            "value": 12
          }
        },
        {
          "name": "SWEDISH",
          "rwaccess": "readonly",
          "datatype": {
            "type": "int",
            "value": 13
          }
        },
        {
          "name": "UKENGLISH",
          "rwaccess": "readonly",
          "datatype": {
            "type": "int",
            "value": 14
          }
        },
        {
          "name": "DUTCH",
          "rwaccess": "readonly",
          "datatype": {
            "type": "int",
            "value": 15
          }
        },
        {
          "name": "DANISH",
          "rwaccess": "readonly",
          "datatype": {
            "type": "int",
            "value": 16
          }
        },
        {
          "name": "CATALAN",
          "rwaccess": "readonly",
          "datatype": {
            "type": "int",
            "value": 17
          }
        },
        {
          "name": "RUSSIAN",
          "rwaccess": "readonly",
          "datatype": {
            "type": "int",
            "value": 18
          }
        },
        {
          "name": "UKRANIAN",
          "rwaccess": "readonly",
          "datatype": {
            "type": "int",
            "value": 19
          }
        },
        {
          "name": "BULGARIAN",
          "rwaccess": "readonly",
          "datatype": {
            "type": "int",
            "value": 20
          }
        },
        {
          "name": "SERBIAN",
          "rwaccess": "readonly",
          "datatype": {
            "type": "int",
            "value": 21
          }
        },
        {
          "name": "CZECH",
          "rwaccess": "readonly",
          "datatype": {
            "type": "int",
            "value": 22
          }
        },
        {
          "name": "POLISH",
          "rwaccess": "readonly",
          "datatype": {
            "type": "int",
            "value": 23
          }
        },
        {
          "name": "RUMANIAN",
          "rwaccess": "readonly",
          "datatype": {
            "type": "int",
            "value": 24
          }
        },
        {
          "name": "GREEK",
          "rwaccess": "readonly",
          "datatype": {
            "type": "int",
            "value": 25
          }
        },
        {
          "name": "TURKISH",
          "rwaccess": "readonly",
          "datatype": {
            "type": "int",
            "value": 26
          }
        },
        {
          "name": "ICELANDIC",
          "rwaccess": "readonly",
          "datatype": {
            "type": "int",
            "value": 27
          }
        },
        {
          "name": "HUNGARIAN",
          "rwaccess": "readonly",
          "datatype": {
            "type": "int",
            "value": 28
          }
        },
        {
          "name": "CHINESE",
          "rwaccess": "readonly",
          "datatype": {
            "type": "int",
            "value": 29
          }
        },
        {
          "name": "JAPANESE",
          "rwaccess": "readonly",
          "datatype": {
            "type": "int",
            "value": 30
          }
        },
        {
          "name": "GERMAN2006REFORM",
          "rwaccess": "readonly",
          "datatype": {
            "type": "int",
            "value": 42
          }
        },
        {
          "name": "DUTCH2005REFORM",
          "rwaccess": "readonly",
          "datatype": {
            "type": "int",
            "value": 43
          }
        },
        {
          "name": "SWISSGERMAN2006REFORM",
          "rwaccess": "readonly",
          "datatype": {
            "type": "int",
            "value": 44
          }
        }
      ]
    }
  ]
}