{
  "name": "Layer",
  "dynamic": true,
  "shortdesc": "A layer.",
  "elements": [
    {
      "type": "instance",
      "property": [
        {
          "name": "parent",
          "rwaccess": "readonly",
          "shortdesc": "The object's container.",
          "datatype": {
            "type": "Object"
          }
        },
        {
          "name": "typename",
          "rwaccess": "readonly",
          "shortdesc": "The class name of the object.",
          "datatype": {
            "type": "String"
          }
        },
        {
          "name": "visible",
          "shortdesc": "Is the layer visible?",
          "datatype": {
            "type": "Boolean"
          }
        },
        {
          "name": "locked",
          "shortdesc": "Is the layer editable?",
          "datatype": {
            "type": "Boolean"
          }
        },
        {
          "name": "printable",
          "shortdesc": "Is the layer printable?",
          "datatype": {
            "type": "Boolean"
          }
        },
        {
          "name": "hasSelectedArtwork",
          "shortdesc": "Is any artwork in this layer selected? Setting this property to false deselects all artwork in the layer.",
          "datatype": {
            "type": "Boolean"
          }
        },
        {
          "name": "preview",
          "shortdesc": "Is the layer rendered in preview mode?",
          "datatype": {
            "type": "Boolean"
          }
        },
        {
          "name": "dimPlacedImages",
          "shortdesc": "Is rendered as dimmed in this layer?",
          "datatype": {
            "type": "Boolean"
          }
        },
        {
          "name": "color",
          "shortdesc": "Color used when outlining artwork in this layer.",
          "datatype": {
            "type": "RGBColor"
          }
        },
        {
          "name": "name",
          "shortdesc": "The layer's name.",
          "datatype": {
            "type": "String"
          }
        },
        {
          "name": "opacity",
          "shortdesc": "The layer's opacity (between 0.0 and 100.0)",
          "datatype": {
            "type": "Number"
          }
        },
        {
          "name": "zOrderPosition",
          "rwaccess": "readonly",
          "shortdesc": "The drawing order of the layer.",
          "datatype": {
            "type": "Int32"
          }
        },
        {
          "name": "sliced",
          "shortdesc": "Is the layer sliced (default: false)",
          "datatype": {
            "type": "Boolean"
          }
        },
        {
          "name": "blendingMode",
          "shortdesc": "The mode used when compositing an object.",
          "datatype": {
            "type": "BlendModes"
          }
        },
        {
          "name": "isIsolated",
          "shortdesc": "Is the artwork isolated.",
          "datatype": {
            "type": "Boolean"
          }
        },
        {
          "name": "artworkKnockout",
          "shortdesc": "Is the artwork used to create a knockout.",
          "datatype": {
            "type": "KnockoutState"
          }
        },
        {
          "name": "compoundPathItems",
          "rwaccess": "readonly",
          "shortdesc": "The compound path artwork in this layer.",
          "datatype": {
            "type": "CompoundPathItems"
          }
        },
        {
          "name": "pageItems",
          "rwaccess": "readonly",
          "shortdesc": "All the artwork in this layer.",
          "datatype": {
            "type": "PageItems"
          }
        },
        {
          "name": "pathItems",
          "rwaccess": "readonly",
          "shortdesc": "The path artwork in this layer.",
          "datatype": {
            "type": "PathItems"
          }
        },
        {
          "name": "rasterItems",
          "rwaccess": "readonly",
          "shortdesc": "The raster art items in this layer.",
          "datatype": {
            "type": "RasterItems"
          }
        },
        {
          "name": "placedItems",
          "rwaccess": "readonly",
          "shortdesc": "The placed art items in this layer.",
          "datatype": {
            "type": "PlacedItems"
          }
        },
        {
          "name": "meshItems",
          "rwaccess": "readonly",
          "shortdesc": "The mesh art items in this layer.",
          "datatype": {
            "type": "MeshItems"
          }
        },
        {
          "name": "pluginItems",
          "rwaccess": "readonly",
          "shortdesc": "The plugin art items in this layer.",
          "datatype": {
            "type": "PluginItems"
          }
        },
        {
          "name": "graphItems",
          "rwaccess": "readonly",
          "shortdesc": "The graph art items in this layer.",
          "datatype": {
            "type": "GraphItems"
          }
        },
        {
          "name": "nonNativeItems",
          "rwaccess": "readonly",
          "shortdesc": "The non-native art items in this layer.",
          "datatype": {
            "type": "NonNativeItems"
          }
        },
        {
          "name": "groupItems",
          "rwaccess": "readonly",
          "shortdesc": "The group items in this layer.",
          "datatype": {
            "type": "GroupItems"
          }
        },
        {
          "name": "textFrames",
          "rwaccess": "readonly",
          "shortdesc": "The text frame items in this layer.",
          "datatype": {
            "type": "TextFrameItems"
          }
        },
        {
          "name": "layers",
          "rwaccess": "readonly",
          "shortdesc": "Nested layers.",
          "datatype": {
            "type": "Layers"
          }
        },
        {
          "name": "symbolItems",
          "rwaccess": "readonly",
          "shortdesc": "The symbol items in this layer.",
          "datatype": {
            "type": "SymbolItems"
          }
        },
        {
          "name": "legacyTextItems",
          "rwaccess": "readonly",
          "shortdesc": "The text frame items in this story.",
          "datatype": {
            "type": "LegacyTextItems"
          }
        }
      ],
      "method": [
        {
          "name": "move",
          "shortdesc": "Move the object.",
          "parameters": [
            {
              "name": "relativeObject",
              "datatype": {
                "type": "Object"
              }
            },
            {
              "name": "insertionLocation",
              "datatype": {
                "type": "ElementPlacement"
              }
            }
          ],
          "datatype": {
            "type": "Layer"
          }
        },
        {
          "name": "remove",
          "shortdesc": "Deletes this object."
        },
        {
          "name": "removeAll",
          "shortdesc": "Deletes all elements."
        },
        {
          "name": "zOrder",
          "shortdesc": "Arranges the layer relative to other layers.",
          "parameters": [
            {
              "name": "zOrderCmd",
              "shortdesc": "How to arrange the layer.",
              "datatype": {
                "type": "ZOrderMethod"
              }
            }
          ]
        }
      ]
    }
  ]
}