{
  "name": "LegacyTextItem",
  "dynamic": true,
  "superclass": "PageItem",
  "shortdesc": "Unconverted legacy text items from documents in pre-version 11 formats.",
  "elements": [
    {
      "type": "instance",
      "property": [
        {
          "name": "parent",
          "rwaccess": "readonly",
          "shortdesc": "The object's container.",
          "datatype": {
            "type": "Object"
          }
        },
        {
          "name": "typename",
          "rwaccess": "readonly",
          "shortdesc": "The class name of the object.",
          "datatype": {
            "type": "String"
          }
        },
        {
          "name": "converted",
          "rwaccess": "readonly",
          "shortdesc": "Has the legacy text item been updated to a native text frame item?",
          "datatype": {
            "type": "Boolean"
          }
        }
      ],
      "method": [
        {
          "name": "move",
          "shortdesc": "Move the object.",
          "parameters": [
            {
              "name": "relativeObject",
              "datatype": {
                "type": "Object"
              }
            },
            {
              "name": "insertionLocation",
              "datatype": {
                "type": "ElementPlacement"
              }
            }
          ],
          "datatype": {
            "type": "LegacyTextItem"
          }
        },
        {
          "name": "remove",
          "shortdesc": "Deletes this object."
        },
        {
          "name": "removeAll",
          "shortdesc": "Deletes all elements."
        },
        {
          "name": "convertToNative",
          "shortdesc": "Create a native text frame from a legacy text item. The original legacy text item is deleted.",
          "datatype": {
            "type": "GroupItem"
          }
        }
      ]
    }
  ]
}