{
  "name": "LibraryType",
  "enumeration": true,
  "shortdesc": "Illustrator library types.",
  "elements": [
    {
      "type": "class",
      "property": [
        {
          "name": "ILLUSTRATORARTWORK",
          "rwaccess": "readonly",
          "shortdesc": "Illustrator artwork.",
          "datatype": {
            "type": "int",
            "value": 1
          }
        },
        {
          "name": "SWATCHES",
          "rwaccess": "readonly",
          "shortdesc": "Illustrator swatches library.",
          "datatype": {
            "type": "int",
            "value": 2
          }
        },
        {
          "name": "BRUSHES",
          "rwaccess": "readonly",
          "shortdesc": "Illustrator brushes library.",
          "datatype": {
            "type": "int",
            "value": 3
          }
        },
        {
          "name": "GRAPHICSTYLES",
          "rwaccess": "readonly",
          "shortdesc": "Illustrator graphic styles library.",
          "datatype": {
            "type": "int",
            "value": 4
          }
        },
        {
          "name": "SYMBOLS",
          "rwaccess": "readonly",
          "shortdesc": "Illustrator symbols library.",
          "datatype": {
            "type": "int",
            "value": 5
          }
        }
      ]
    }
  ]
}