{
  "name": "Matrix",
  "dynamic": true,
  "elements": [
    {
      "type": "class",
      "property": [
        {
          "name": "mValueA",
          "datatype": {
            "type": "Number"
          }
        },
        {
          "name": "mValueB",
          "datatype": {
            "type": "Number"
          }
        },
        {
          "name": "mValueC",
          "datatype": {
            "type": "Number"
          }
        },
        {
          "name": "mValueD",
          "datatype": {
            "type": "Number"
          }
        },
        {
          "name": "mValueTX",
          "datatype": {
            "type": "Number"
          }
        },
        {
          "name": "mValueTY",
          "datatype": {
            "type": "Number"
          }
        }
      ]
    }
  ]
}