{
  "name": "MeshItems",
  "dynamic": true,
  "elements": [
    {
      "type": "instance",
      "property": [
        {
          "name": "parent",
          "rwaccess": "readonly",
          "shortdesc": "The object's container.",
          "datatype": {
            "type": "Object"
          }
        },
        {
          "name": "typename",
          "rwaccess": "readonly",
          "shortdesc": "The class name of the object.",
          "datatype": {
            "type": "String"
          }
        },
        {
          "name": "length",
          "rwaccess": "readonly",
          "shortdesc": "Number of elements in the collection.",
          "datatype": {
            "type": "int"
          }
        }
      ],
      "method": [
        {
          "name": "removeAll",
          "shortdesc": "Deletes all elements."
        },
        {
          "name": "getByName",
          "shortdesc": "Get the first element in the collection with the provided name.",
          "parameters": [
            {
              "name": "name",
              "datatype": {
                "type": "String"
              }
            }
          ],
          "datatype": {
            "type": "MeshItem"
          }
        }
      ]
    }
  ]
}