{
  "name": "MonochromeCompression",
  "enumeration": true,
  "shortdesc": "The monochrome compression type.",
  "elements": [
    {
      "type": "class",
      "property": [
        {
          "name": "None",
          "rwaccess": "readonly",
          "shortdesc": "Automatic compression.",
          "datatype": {
            "type": "int",
            "value": 0
          }
        },
        {
          "name": "CCIT3",
          "rwaccess": "readonly",
          "shortdesc": "CCITT Group 3 compression.",
          "datatype": {
            "type": "int",
            "value": 1
          }
        },
        {
          "name": "CCIT4",
          "rwaccess": "readonly",
          "shortdesc": "CCITT Group 4 compression.",
          "datatype": {
            "type": "int",
            "value": 2
          }
        },
        {
          "name": "MONOZIP",
          "rwaccess": "readonly",
          "shortdesc": "ZIP compression.",
          "datatype": {
            "type": "int",
            "value": 3
          }
        },
        {
          "name": "RUNLENGTH",
          "rwaccess": "readonly",
          "shortdesc": "RLE compression.",
          "datatype": {
            "type": "int",
            "value": 4
          }
        }
      ]
    }
  ]
}