{
  "name": "OpenOptionsPDF",
  "dynamic": true,
  "shortdesc": "Options which may be supplied when opening a PDF file.",
  "elements": [
    {
      "type": "instance",
      "property": [
        {
          "name": "parent",
          "rwaccess": "readonly",
          "shortdesc": "The object's container.",
          "datatype": {
            "type": "Object"
          }
        },
        {
          "name": "typename",
          "rwaccess": "readonly",
          "shortdesc": "The class name of the object.",
          "datatype": {
            "type": "String"
          }
        },
        {
          "name": "pageToOpen",
          "shortdesc": "What page should be used when opening a multipage document (default: 1)",
          "datatype": {
            "type": "Int32"
          }
        },
        {
          "name": "pDFCropToBox",
          "shortdesc": "What box should be used when placing a multipage document (default: PDF media box)",
          "datatype": {
            "type": "PDFBoxType"
          }
        }
      ]
    }
  ]
}