{
  "name": "OpenOptionsAutoCAD",
  "dynamic": true,
  "shortdesc": "Options which may be supplied when opening a AutoCAD file.",
  "elements": [
    {
      "type": "instance",
      "property": [
        {
          "name": "parent",
          "rwaccess": "readonly",
          "shortdesc": "The object's container.",
          "datatype": {
            "type": "Object"
          }
        },
        {
          "name": "typename",
          "rwaccess": "readonly",
          "shortdesc": "The class name of the object.",
          "datatype": {
            "type": "String"
          }
        },
        {
          "name": "globalScaleOption",
          "shortdesc": "How to scale the AutoCAD drawing on import (default: Fit Artboard)",
          "datatype": {
            "type": "AutoCADGlobalScaleOption"
          }
        },
        {
          "name": "globalScalePercent",
          "shortdesc": "Percentage scaling to apply globally on the AutoCAD drawing (default: 1.0)",
          "datatype": {
            "type": "Number"
          }
        },
        {
          "name": "unitScaleRatio",
          "shortdesc": "Ratio by which to scale while mapping the units (default: 1.0)",
          "datatype": {
            "type": "Number"
          }
        },
        {
          "name": "unit",
          "shortdesc": "Units to which to map (default: Millimeters)",
          "datatype": {
            "type": "AutoCADUnit"
          }
        },
        {
          "name": "selectedLayoutName",
          "shortdesc": "Name of layout in the AutoCAD drawing to import.",
          "datatype": {
            "type": "String"
          }
        },
        {
          "name": "centerArtwork",
          "shortdesc": "To center the created artwork on the artboard (default: true)",
          "datatype": {
            "type": "Boolean"
          }
        },
        {
          "name": "mergeLayers",
          "shortdesc": "To merge the layers of the artwork (default: false)",
          "datatype": {
            "type": "Boolean"
          }
        },
        {
          "name": "scaleLineweights",
          "shortdesc": "To scale lineweights by the same amount as rest of the drawing (default: false)",
          "datatype": {
            "type": "Boolean"
          }
        }
      ]
    }
  ]
}