{
  "name": "OpenOptionsPhotoshop",
  "dynamic": true,
  "shortdesc": "Options which are applied when opening or placing a Photoshop file.",
  "elements": [
    {
      "type": "instance",
      "property": [
        {
          "name": "parent",
          "rwaccess": "readonly",
          "shortdesc": "The object's container.",
          "datatype": {
            "type": "Object"
          }
        },
        {
          "name": "typename",
          "rwaccess": "readonly",
          "shortdesc": "The class name of the object.",
          "datatype": {
            "type": "String"
          }
        },
        {
          "name": "preserveLayers",
          "shortdesc": "Should layers be Preserve when the document is converted (default: true)",
          "datatype": {
            "type": "Boolean"
          }
        },
        {
          "name": "preserveImageMaps",
          "shortdesc": "Should image maps be preserved when the document is converted (default: true)",
          "datatype": {
            "type": "Boolean"
          }
        },
        {
          "name": "preserveSlices",
          "shortdesc": "Should slices be preserved when the document is converted (default: true)",
          "datatype": {
            "type": "Boolean"
          }
        },
        {
          "name": "preserveHiddenLayers",
          "shortdesc": "Should hidden layers be preserved when the document is converted (default: false)",
          "datatype": {
            "type": "Boolean"
          }
        },
        {
          "name": "layerComp",
          "shortdesc": "Should use the specified LayerComp.",
          "datatype": {
            "type": "String"
          }
        }
      ]
    }
  ]
}