{
  "name": "OpenOptions",
  "dynamic": true,
  "shortdesc": "Options which may be supplied when opening a file.",
  "elements": [
    {
      "type": "class",
      "property": [
        {
          "name": "updateLegacyText",
          "shortdesc": "Choose to update all text objects for documents saved with legacy texts (pre-Illustrator 11)",
          "datatype": {
            "type": "Boolean",
            "value": false
          }
        },
        {
          "name": "updateLegacyGradientMesh",
          "shortdesc": "Choose to preserve the spot colors in the gradient mesh objects for legacy documents (pre-Illustrator CS3)",
          "datatype": {
            "type": "Boolean",
            "value": true
          }
        },
        {
          "name": "openAs",
          "shortdesc": "Open the file as library.",
          "datatype": {
            "type": "LibraryType",
            "value": "LibraryType.ILLUSTRATORARTWORK"
          }
        },
        {
          "name": "preserveLegacyArtboard",
          "shortdesc": "Preserve Legacy Artboard (pre-Illustrator CS4) when opening in CS4 or later.",
          "datatype": {
            "type": "Boolean",
            "value": true
          }
        },
        {
          "name": "convertCropAreaToArtboard",
          "shortdesc": "Convert crop area to Artboard when opening legacy document (pre-Illustrator CS4) in CS4 or later. If false then crop areas are discarded.",
          "datatype": {
            "type": "Boolean",
            "value": true
          }
        },
        {
          "name": "createArtboardWithArtworkBoundingBox",
          "shortdesc": "Create Artboard with dimentions of artwork bounding box when opening legacy document (pre-Illustrator CS4) in CS4 or later.",
          "datatype": {
            "type": "Boolean",
            "value": false
          }
        },
        {
          "name": "convertTilesToArtboard",
          "shortdesc": "Convert print tiles to Artboard when opening legacy document (pre-Illustrator CS4) in CS4 or later.",
          "datatype": {
            "type": "Boolean",
            "value": false
          }
        }
      ]
    }
  ]
}