{
  "name": "OutputFlattening",
  "enumeration": true,
  "shortdesc": "How should transparency be flattened for pre-AI9 file formats.",
  "elements": [
    {
      "type": "class",
      "property": [
        {
          "name": "PRESERVEPATHS",
          "rwaccess": "readonly",
          "shortdesc": "Discard transparency.",
          "datatype": {
            "type": "int",
            "value": 0
          }
        },
        {
          "name": "PRESERVEAPPEARANCE",
          "rwaccess": "readonly",
          "datatype": {
            "type": "int",
            "value": 1
          }
        }
      ]
    }
  ]
}