{
  "name": "PageMarksTypes",
  "enumeration": true,
  "shortdesc": "The page marks style type.",
  "elements": [
    {
      "type": "class",
      "property": [
        {
          "name": "Roman",
          "rwaccess": "readonly",
          "shortdesc": "Roman page marks style.",
          "datatype": {
            "type": "int",
            "value": 0
          }
        },
        {
          "name": "Japanese",
          "rwaccess": "readonly",
          "shortdesc": "Japanese page marks style.",
          "datatype": {
            "type": "int",
            "value": 1
          }
        }
      ]
    }
  ]
}