{
  "name": "PaperInfo",
  "dynamic": true,
  "shortdesc": "Paper information.",
  "elements": [
    {
      "type": "class",
      "property": [
        {
          "name": "width",
          "shortdesc": "The paper's width (in points)",
          "datatype": {
            "type": "Number"
          }
        },
        {
          "name": "height",
          "shortdesc": "The paper's height (in points)",
          "datatype": {
            "type": "Number"
          }
        },
        {
          "name": "imageableArea",
          "shortdesc": "The imageable area.",
          "datatype": {
            "type": "Rectangle"
          }
        },
        {
          "name": "customPaper",
          "shortdesc": "Is it a custom paper?",
          "datatype": {
            "type": "Boolean"
          }
        }
      ]
    }
  ]
}