{
  "name": "ParagraphAttributes",
  "dynamic": true,
  "shortdesc": "Properties of a paragraph.",
  "elements": [
    {
      "type": "instance",
      "property": [
        {
          "name": "parent",
          "rwaccess": "readonly",
          "shortdesc": "The object's container.",
          "datatype": {
            "type": "Object"
          }
        },
        {
          "name": "typename",
          "rwaccess": "readonly",
          "shortdesc": "The class name of the object.",
          "datatype": {
            "type": "String"
          }
        },
        {
          "name": "justification",
          "shortdesc": "Paragraph justification.",
          "datatype": {
            "type": "Justification"
          }
        },
        {
          "name": "firstLineIndent",
          "shortdesc": "First line left indent expressed in points.",
          "datatype": {
            "type": "Number"
          }
        },
        {
          "name": "leftIndent",
          "shortdesc": "Left indent of margin expressed in points.",
          "datatype": {
            "type": "Number"
          }
        },
        {
          "name": "rightIndent",
          "shortdesc": "Right indent of margin expressed in points.",
          "datatype": {
            "type": "Number"
          }
        },
        {
          "name": "spaceBefore",
          "shortdesc": "Spacing before paragraph in points.",
          "datatype": {
            "type": "Number"
          }
        },
        {
          "name": "spaceAfter",
          "shortdesc": "Spacing after paragraph in points.",
          "datatype": {
            "type": "Number"
          }
        },
        {
          "name": "hyphenation",
          "shortdesc": "Is hyphenation enabled for the paragraph?",
          "datatype": {
            "type": "Boolean"
          }
        },
        {
          "name": "minimumHyphenatedWordSize",
          "shortdesc": "Minimum hyphenated word size.",
          "datatype": {
            "type": "Int32"
          }
        },
        {
          "name": "minimumBeforeHyphen",
          "shortdesc": "Minimum number of characters before a hyphen.",
          "datatype": {
            "type": "Int32"
          }
        },
        {
          "name": "minimumAfterHyphen",
          "shortdesc": "Minimum number of characters after a hyphen.",
          "datatype": {
            "type": "Int32"
          }
        },
        {
          "name": "maximumConsecutiveHyphens",
          "shortdesc": "Maximum number of consecutive hypenated lines.",
          "datatype": {
            "type": "Int32"
          }
        },
        {
          "name": "hyphenationZone",
          "shortdesc": "Size of the hyphenation zone.",
          "datatype": {
            "type": "Number"
          }
        },
        {
          "name": "hyphenateCapitalizedWords",
          "shortdesc": "Is hyphenation enabled for the capitalized words?",
          "datatype": {
            "type": "Boolean"
          }
        },
        {
          "name": "hyphenationPreference",
          "shortdesc": "Hyphenation preference scale for better spacing (0) or fewer hyphens (1)",
          "datatype": {
            "type": "Number",
            "min": 0,
            "max": 1
          }
        },
        {
          "name": "desiredWordSpacing",
          "shortdesc": "Desired word spacing expressed as a percentage.",
          "datatype": {
            "type": "Number"
          }
        },
        {
          "name": "maximumWordSpacing",
          "shortdesc": "Maximum word spacing expressed as a percentage.",
          "datatype": {
            "type": "Number"
          }
        },
        {
          "name": "minimumWordSpacing",
          "shortdesc": "Minimum word spacing expressed as a percentage.",
          "datatype": {
            "type": "Number"
          }
        },
        {
          "name": "desiredLetterSpacing",
          "shortdesc": "Desired letter spacing expressed as a percentage.",
          "datatype": {
            "type": "Number"
          }
        },
        {
          "name": "maximumLetterSpacing",
          "shortdesc": "Maximum letter spacing expressed as a percentage.",
          "datatype": {
            "type": "Number"
          }
        },
        {
          "name": "minimumLetterSpacing",
          "shortdesc": "Minimum letter spacing expressed as a percentage.",
          "datatype": {
            "type": "Number"
          }
        },
        {
          "name": "desiredGlyphScaling",
          "shortdesc": "Desired glyph scaling expressed as a percentage.",
          "datatype": {
            "type": "Number"
          }
        },
        {
          "name": "maximumGlyphScaling",
          "shortdesc": "Maximum glyph scaling expressed as a percentage.",
          "datatype": {
            "type": "Number"
          }
        },
        {
          "name": "minimumGlyphScaling",
          "shortdesc": "Minimum glyph scaling expressed as a percentage.",
          "datatype": {
            "type": "Number"
          }
        },
        {
          "name": "singleWordJustification",
          "shortdesc": "Single word justification.",
          "datatype": {
            "type": "Justification"
          }
        },
        {
          "name": "autoLeadingAmount",
          "shortdesc": "Auto leading amount (in percentage)",
          "datatype": {
            "type": "Number"
          }
        },
        {
          "name": "leadingType",
          "shortdesc": "Auto leading type.",
          "datatype": {
            "type": "AutoLeadingType"
          }
        },
        {
          "name": "tabStops",
          "shortdesc": "Tab stop settings.",
          "datatype": {
            "type": "TabStopInfo",
            "array": true
          }
        },
        {
          "name": "romanHanging",
          "shortdesc": "Is Roman hanging punctuation enabled?",
          "datatype": {
            "type": "Boolean"
          }
        },
        {
          "name": "bunriKinshi",
          "shortdesc": "Is BunriKinshi enabled?",
          "datatype": {
            "type": "Boolean"
          }
        },
        {
          "name": "burasagariType",
          "shortdesc": "The Burasagari type.",
          "datatype": {
            "type": "BurasagariTypeEnum"
          }
        },
        {
          "name": "kinsokuOrder",
          "shortdesc": "The preferred Kinsoku order.",
          "datatype": {
            "type": "KinsokuOrderEnum"
          }
        },
        {
          "name": "kurikaeshiMojiShori",
          "shortdesc": "Is KurikaeshiMojiShori enabled?",
          "datatype": {
            "type": "Boolean"
          }
        },
        {
          "name": "kinsoku",
          "shortdesc": "The Kinsoku Shori name.",
          "datatype": {
            "type": "String"
          }
        },
        {
          "name": "mojikumi",
          "shortdesc": "The Mojikumi name.",
          "datatype": {
            "type": "String"
          }
        },
        {
          "name": "everyLineComposer",
          "shortdesc": "Whether to enable every line composer (as opposed to single line composer)?",
          "datatype": {
            "type": "Boolean"
          }
        }
      ]
    }
  ]
}