{
  "name": "PathPointSelection",
  "enumeration": true,
  "shortdesc": "The path point selection state.",
  "elements": [
    {
      "type": "class",
      "property": [
        {
          "name": "NOSELECTION",
          "rwaccess": "readonly",
          "shortdesc": "Path point not selected.",
          "datatype": {
            "type": "int",
            "value": 1
          }
        },
        {
          "name": "ANCHORPOINT",
          "rwaccess": "readonly",
          "shortdesc": "Anchor point selected.",
          "datatype": {
            "type": "int",
            "value": 2
          }
        },
        {
          "name": "LEFTDIRECTION",
          "rwaccess": "readonly",
          "shortdesc": "Left direction point selected.",
          "datatype": {
            "type": "int",
            "value": 3
          }
        },
        {
          "name": "RIGHTDIRECTION",
          "rwaccess": "readonly",
          "shortdesc": "Right direction point selected.",
          "datatype": {
            "type": "int",
            "value": 4
          }
        },
        {
          "name": "LEFTRIGHTPOINT",
          "rwaccess": "readonly",
          "shortdesc": "Left and right direction points selected.",
          "datatype": {
            "type": "int",
            "value": 5
          }
        }
      ]
    }
  ]
}