{
  "name": "PathItem",
  "dynamic": true,
  "superclass": "PageItem",
  "shortdesc": "An artwork path item.",
  "elements": [
    {
      "type": "instance",
      "property": [
        {
          "name": "parent",
          "rwaccess": "readonly",
          "shortdesc": "The object's container.",
          "datatype": {
            "type": "Object"
          }
        },
        {
          "name": "typename",
          "rwaccess": "readonly",
          "shortdesc": "The class name of the object.",
          "datatype": {
            "type": "String"
          }
        },
        {
          "name": "closed",
          "shortdesc": "Is this path closed?",
          "datatype": {
            "type": "Boolean"
          }
        },
        {
          "name": "area",
          "rwaccess": "readonly",
          "shortdesc": "The area of this path in square points.",
          "datatype": {
            "type": "Number"
          }
        },
        {
          "name": "length",
          "rwaccess": "readonly",
          "shortdesc": "The length of this path in points.",
          "datatype": {
            "type": "Number"
          }
        },
        {
          "name": "guides",
          "shortdesc": "Is this path a guide object?",
          "datatype": {
            "type": "Boolean"
          }
        },
        {
          "name": "filled",
          "shortdesc": "Should the path be filled?",
          "datatype": {
            "type": "Boolean"
          }
        },
        {
          "name": "fillColor",
          "shortdesc": "Fill color.",
          "datatype": {
            "type": "Color"
          }
        },
        {
          "name": "fillOverprint",
          "shortdesc": "Will art beneath a filled object be overprinted?",
          "datatype": {
            "type": "Boolean"
          }
        },
        {
          "name": "stroked",
          "shortdesc": "Should the path be stroked?",
          "datatype": {
            "type": "Boolean"
          }
        },
        {
          "name": "strokeColor",
          "shortdesc": "Stroke color.",
          "datatype": {
            "type": "Color"
          }
        },
        {
          "name": "strokeOverprint",
          "shortdesc": "Will art beneath a stroked object be overprinted?",
          "datatype": {
            "type": "Boolean"
          }
        },
        {
          "name": "strokeWidth",
          "shortdesc": "Width of stroke.",
          "datatype": {
            "type": "Number"
          }
        },
        {
          "name": "strokeDashes",
          "shortdesc": "Dash lengths (set to {} for a solid line)",
          "datatype": {
            "type": "Number",
            "array": true
          }
        },
        {
          "name": "strokeDashOffset",
          "shortdesc": "The default distance into the dash pattern at which the pattern should be started.",
          "datatype": {
            "type": "Number"
          }
        },
        {
          "name": "strokeCap",
          "shortdesc": "Type of line capping.",
          "datatype": {
            "type": "StrokeCap"
          }
        },
        {
          "name": "strokeJoin",
          "shortdesc": "Type of joints.",
          "datatype": {
            "type": "StrokeJoin"
          }
        },
        {
          "name": "strokeMiterLimit",
          "shortdesc": "Whether a join is mitered (pointed) or beveled (squared-off)",
          "datatype": {
            "type": "Number"
          }
        },
        {
          "name": "clipping",
          "shortdesc": "Should this be used as a clipping path?",
          "datatype": {
            "type": "Boolean"
          }
        },
        {
          "name": "evenodd",
          "shortdesc": "Should the even-odd rule be used to determine insideness?",
          "datatype": {
            "type": "Boolean"
          }
        },
        {
          "name": "resolution",
          "shortdesc": "The resolution of the path.",
          "datatype": {
            "type": "Number"
          }
        },
        {
          "name": "selectedPathPoints",
          "rwaccess": "readonly",
          "shortdesc": "All the selected points in the path.",
          "datatype": {
            "type": "ObjectArray"
          }
        },
        {
          "name": "polarity",
          "shortdesc": "The polarity the path.",
          "datatype": {
            "type": "PolarityValues"
          }
        },
        {
          "name": "pathPoints",
          "rwaccess": "readonly",
          "datatype": {
            "type": "PathPoints"
          }
        }
      ],
      "method": [
        {
          "name": "move",
          "shortdesc": "Move the object.",
          "parameters": [
            {
              "name": "relativeObject",
              "datatype": {
                "type": "Object"
              }
            },
            {
              "name": "insertionLocation",
              "datatype": {
                "type": "ElementPlacement"
              }
            }
          ],
          "datatype": {
            "type": "PathItem"
          }
        },
        {
          "name": "duplicate",
          "shortdesc": "Duplicate this object.",
          "parameters": [
            {
              "name": "relativeObject",
              "datatype": {
                "type": "Object"
              }
            },
            {
              "name": "insertionLocation",
              "datatype": {
                "type": "ElementPlacement"
              }
            }
          ],
          "datatype": {
            "type": "PathItem"
          }
        },
        {
          "name": "remove",
          "shortdesc": "Deletes this object."
        },
        {
          "name": "removeAll",
          "shortdesc": "Deletes all elements."
        },
        {
          "name": "setEntirePath",
          "shortdesc": "Set the path using the provided array of path point (x, y) coordinate pairs.",
          "parameters": [
            {
              "name": "pathPoints",
              "shortdesc": "Array of (x, y) coordinate pairs for the path points.",
              "datatype": {
                "type": "any",
                "array": true
              }
            }
          ]
        }
      ]
    }
  ]
}