{
  "name": "PathItems",
  "dynamic": true,
  "shortdesc": "A collection of path items.",
  "elements": [
    {
      "type": "class",
      "method": [
        {
          "name": "add",
          "shortdesc": "Create a path.",
          "datatype": {
            "type": "PathItem"
          }
        },
        {
          "name": "ellipse",
          "shortdesc": "Create an elliptical path item.",
          "parameters": [
            {
              "name": "top",
              "optional": true,
              "shortdesc": "The ellipse's bounds.",
              "datatype": {
                "type": "Number",
                "value": 100
              }
            },
            {
              "name": "left",
              "optional": true,
              "shortdesc": "The ellipse's bounds.",
              "datatype": {
                "type": "Number",
                "value": 100
              }
            },
            {
              "name": "width",
              "optional": true,
              "shortdesc": "The ellipse's bounds.",
              "datatype": {
                "type": "Number",
                "value": 50
              }
            },
            {
              "name": "height",
              "optional": true,
              "shortdesc": "The height of the ellipse.",
              "datatype": {
                "type": "Number",
                "value": 100
              }
            },
            {
              "name": "reversed",
              "optional": true,
              "shortdesc": "Is the ellipse path reversed?",
              "datatype": {
                "type": "Boolean",
                "value": false
              }
            },
            {
              "name": "inscribed",
              "optional": true,
              "shortdesc": "Is the ellipse path inscribed?",
              "datatype": {
                "type": "Boolean",
                "value": true
              }
            }
          ],
          "datatype": {
            "type": "PathItem"
          }
        },
        {
          "name": "rectangle",
          "shortdesc": "Used to create a rectangular path item. Not for path item access.",
          "parameters": [
            {
              "name": "top",
              "shortdesc": "The top coordinate of the rectangle's bounds.",
              "datatype": {
                "type": "Number"
              }
            },
            {
              "name": "left",
              "shortdesc": "The left coordinate of the rectangle's bounds.",
              "datatype": {
                "type": "Number"
              }
            },
            {
              "name": "width",
              "shortdesc": "The width of the rectangle.",
              "datatype": {
                "type": "Number"
              }
            },
            {
              "name": "height",
              "shortdesc": "The height of the rectangle.",
              "datatype": {
                "type": "Number"
              }
            },
            {
              "name": "reversed",
              "optional": true,
              "shortdesc": "Is the rectangle path reversed?",
              "datatype": {
                "type": "Boolean",
                "value": false
              }
            }
          ],
          "datatype": {
            "type": "PathItem"
          }
        },
        {
          "name": "roundedRectangle",
          "shortdesc": "Used to create a rounded-corner rectangular path item. Not for path item access.",
          "parameters": [
            {
              "name": "top",
              "datatype": {
                "type": "Number"
              }
            },
            {
              "name": "left",
              "datatype": {
                "type": "Number"
              }
            },
            {
              "name": "width",
              "datatype": {
                "type": "Number"
              }
            },
            {
              "name": "height",
              "datatype": {
                "type": "Number"
              }
            },
            {
              "name": "horizontalRadius",
              "optional": true,
              "shortdesc": "Horizontal corner radius.",
              "datatype": {
                "type": "Number",
                "value": 15
              }
            },
            {
              "name": "verticalRadius",
              "optional": true,
              "shortdesc": "Vertical corner radius.",
              "datatype": {
                "type": "Number",
                "value": 20
              }
            },
            {
              "name": "reversed",
              "optional": true,
              "shortdesc": "Is the rectangle path reversed?",
              "datatype": {
                "type": "Boolean",
                "value": false
              }
            }
          ],
          "datatype": {
            "type": "PathItem"
          }
        },
        {
          "name": "polygon",
          "shortdesc": "Used to create a regular polygon path item. Not for path item access.",
          "parameters": [
            {
              "name": "centerX",
              "optional": true,
              "datatype": {
                "type": "Number",
                "value": 200
              }
            },
            {
              "name": "centerY",
              "optional": true,
              "datatype": {
                "type": "Number",
                "value": 300
              }
            },
            {
              "name": "radius",
              "optional": true,
              "shortdesc": "The radius of the polygon points.",
              "datatype": {
                "type": "Number",
                "value": 50
              }
            },
            {
              "name": "sides",
              "optional": true,
              "shortdesc": "The number of sides on the polygon.",
              "datatype": {
                "type": "Int32",
                "value": 8
              }
            },
            {
              "name": "reversed",
              "optional": true,
              "shortdesc": "Is the polygon path reversed?",
              "datatype": {
                "type": "Boolean",
                "value": false
              }
            }
          ],
          "datatype": {
            "type": "PathItem"
          }
        },
        {
          "name": "star",
          "shortdesc": "Used to create a star-shaped path item. Not for path item access.",
          "parameters": [
            {
              "name": "centerX",
              "optional": true,
              "datatype": {
                "type": "Number",
                "value": 200
              }
            },
            {
              "name": "centerY",
              "optional": true,
              "datatype": {
                "type": "Number",
                "value": 300
              }
            },
            {
              "name": "radius",
              "optional": true,
              "shortdesc": "The outside radius of the star points.",
              "datatype": {
                "type": "Number",
                "value": 50
              }
            },
            {
              "name": "innerRadius",
              "optional": true,
              "shortdesc": "The inside radius of the star points.",
              "datatype": {
                "type": "Number",
                "value": 20
              }
            },
            {
              "name": "points",
              "optional": true,
              "shortdesc": "The number of points on the star.",
              "datatype": {
                "type": "Int32",
                "value": 5
              }
            },
            {
              "name": "reversed",
              "optional": true,
              "shortdesc": "Is the star path reversed?",
              "datatype": {
                "type": "Boolean",
                "value": false
              }
            }
          ],
          "datatype": {
            "type": "PathItem"
          }
        }
      ]
    },
    {
      "type": "instance",
      "property": [
        {
          "name": "parent",
          "rwaccess": "readonly",
          "shortdesc": "The object's container.",
          "datatype": {
            "type": "Object"
          }
        },
        {
          "name": "typename",
          "rwaccess": "readonly",
          "shortdesc": "The class name of the object.",
          "datatype": {
            "type": "String"
          }
        },
        {
          "name": "length",
          "rwaccess": "readonly",
          "shortdesc": "Number of elements in the collection.",
          "datatype": {
            "type": "int"
          }
        }
      ],
      "method": [
        {
          "name": "removeAll",
          "shortdesc": "Deletes all elements."
        },
        {
          "name": "getByName",
          "shortdesc": "Get the first element in the collection with the provided name.",
          "parameters": [
            {
              "name": "name",
              "datatype": {
                "type": "String"
              }
            }
          ],
          "datatype": {
            "type": "PathItem"
          }
        }
      ]
    }
  ]
}