{
  "name": "PathPoint",
  "dynamic": true,
  "shortdesc": "A point on a path.",
  "elements": [
    {
      "type": "instance",
      "property": [
        {
          "name": "parent",
          "rwaccess": "readonly",
          "shortdesc": "The object's container.",
          "datatype": {
            "type": "Object"
          }
        },
        {
          "name": "typename",
          "rwaccess": "readonly",
          "shortdesc": "The class name of the object.",
          "datatype": {
            "type": "String"
          }
        },
        {
          "name": "anchor",
          "shortdesc": "The position (coordinates) of the anchor point.",
          "datatype": {
            "type": "Point"
          }
        },
        {
          "name": "leftDirection",
          "shortdesc": "Location of the left direction point (in position)",
          "datatype": {
            "type": "Point"
          }
        },
        {
          "name": "rightDirection",
          "shortdesc": "Location of the right direction point (out position)",
          "datatype": {
            "type": "Point"
          }
        },
        {
          "name": "pointType",
          "shortdesc": "The type of point: smooth/corner.",
          "datatype": {
            "type": "PointType"
          }
        },
        {
          "name": "selected",
          "shortdesc": "The path point selected state.",
          "datatype": {
            "type": "PathPointSelection"
          }
        }
      ],
      "method": [
        {
          "name": "remove",
          "shortdesc": "Deletes this object."
        },
        {
          "name": "removeAll",
          "shortdesc": "Deletes all elements."
        }
      ]
    }
  ]
}