{
  "name": "PatternColor",
  "dynamic": true,
  "superclass": "Color",
  "shortdesc": "A Pattern color specification.",
  "elements": [
    {
      "type": "class",
      "property": [
        {
          "name": "shiftDistance",
          "shortdesc": "The distance to translate the (unscaled) prototype before filling.",
          "datatype": {
            "type": "Number",
            "value": 0
          }
        },
        {
          "name": "shiftAngle",
          "shortdesc": "The angle to translate the (unscaled) prototype before filling.",
          "datatype": {
            "type": "Number",
            "value": 0
          }
        },
        {
          "name": "scaleFactor",
          "shortdesc": "The fraction to scale the prototype before filling.",
          "datatype": {
            "type": "Point"
          }
        },
        {
          "name": "rotation",
          "shortdesc": "The angle to rotate the before filling.",
          "datatype": {
            "type": "Number",
            "value": 0
          }
        },
        {
          "name": "reflect",
          "shortdesc": "Whether or not the prototype is reflected before filling.",
          "datatype": {
            "type": "Boolean",
            "value": false
          }
        },
        {
          "name": "reflectAngle",
          "shortdesc": "The axis around which to reflect.",
          "datatype": {
            "type": "Number",
            "value": 0
          }
        },
        {
          "name": "shearAngle",
          "shortdesc": "The angle to slant the shear by.",
          "datatype": {
            "type": "Number",
            "value": 0
          }
        },
        {
          "name": "shearAxis",
          "shortdesc": "The axis to shear with respect to.",
          "datatype": {
            "type": "Number",
            "value": 0
          }
        },
        {
          "name": "matrix",
          "shortdesc": "Additional transformation arising from manipulating the path.",
          "datatype": {
            "type": "Matrix"
          }
        },
        {
          "name": "pattern",
          "datatype": {
            "type": "Pattern"
          }
        }
      ]
    }
  ]
}