{
  "name": "PDFBoxType",
  "enumeration": true,
  "shortdesc": "Crop box.",
  "elements": [
    {
      "type": "class",
      "property": [
        {
          "name": "PDFARTBOX",
          "rwaccess": "readonly",
          "shortdesc": "Crop to ArtBox. The art box defines the extent of the page's meaningful content (including potential white space) as intended by the page's creator.",
          "datatype": {
            "type": "int",
            "value": 0
          }
        },
        {
          "name": "PDFCROPBOX",
          "rwaccess": "readonly",
          "shortdesc": "Crop to CropBox. The crop box is the region of the page to display and to print.",
          "datatype": {
            "type": "int",
            "value": 1
          }
        },
        {
          "name": "PDFTRIMBOX",
          "rwaccess": "readonly",
          "shortdesc": "Crop to TrimBox. The trim box specifies the positioning of the page's content within the imposition.",
          "datatype": {
            "type": "int",
            "value": 2
          }
        },
        {
          "name": "PDFBLEEDBOX",
          "rwaccess": "readonly",
          "shortdesc": "Crop to BleedBox. The bleed box defines the region to which the contents of the page should be clipped when output in a production environment.",
          "datatype": {
            "type": "int",
            "value": 3
          }
        },
        {
          "name": "PDFMEDIABOX",
          "rwaccess": "readonly",
          "shortdesc": "Crop to MediaBox. The media box is a natural size of the page. For example, the dimensions of A4 sheet of paper.",
          "datatype": {
            "type": "int",
            "value": 4
          }
        },
        {
          "name": "PDFBOUNDINGBOX",
          "rwaccess": "readonly",
          "shortdesc": "Crop to Bounding Box. The bounding box is the rectangle that encloses all text, graphics, and images on the page.",
          "datatype": {
            "type": "int",
            "value": 5
          }
        }
      ]
    }
  ]
}