{
  "name": "PDFChangesAllowedEnum",
  "enumeration": true,
  "shortdesc": "Options available for making changes to a pdf document.",
  "elements": [
    {
      "type": "class",
      "property": [
        {
          "name": "CHANGE128NONE",
          "rwaccess": "readonly",
          "shortdesc": "No changes allowed - 128bit.",
          "datatype": {
            "type": "int",
            "value": 1
          }
        },
        {
          "name": "CHANGE128EDITPAGE",
          "rwaccess": "readonly",
          "shortdesc": "Editing page allowed - 128bit.",
          "datatype": {
            "type": "int",
            "value": 2
          }
        },
        {
          "name": "CHANGE128FILLFORM",
          "rwaccess": "readonly",
          "shortdesc": "Filling in of form field and signing allowed - 128bit.",
          "datatype": {
            "type": "int",
            "value": 3
          }
        },
        {
          "name": "CHANGE128COMMENTING",
          "rwaccess": "readonly",
          "shortdesc": "Comment allowed - 128bit.",
          "datatype": {
            "type": "int",
            "value": 4
          }
        },
        {
          "name": "CHANGE128ANYCHANGES",
          "rwaccess": "readonly",
          "shortdesc": "Any changes allowed except extracting of pages- 128bit.",
          "datatype": {
            "type": "int",
            "value": 5
          }
        },
        {
          "name": "CHANGE40NONE",
          "rwaccess": "readonly",
          "shortdesc": "No changes allowed - 40bit.",
          "datatype": {
            "type": "int",
            "value": 6
          }
        },
        {
          "name": "CHANGE40COMMENTING",
          "rwaccess": "readonly",
          "shortdesc": "Comment allowed - 40bit.",
          "datatype": {
            "type": "int",
            "value": 7
          }
        },
        {
          "name": "CHANGE40PAGELAYOUT",
          "rwaccess": "readonly",
          "shortdesc": "Page layout allowed - 40bit.",
          "datatype": {
            "type": "int",
            "value": 8
          }
        },
        {
          "name": "CHANGE40ANYCHANGES",
          "rwaccess": "readonly",
          "shortdesc": "Any changes allowed except extracting of pages- 40bit.",
          "datatype": {
            "type": "int",
            "value": 9
          }
        }
      ]
    }
  ]
}