{
  "name": "PDFCompatibility",
  "enumeration": true,
  "shortdesc": "The PDF compatibility type.",
  "elements": [
    {
      "type": "class",
      "property": [
        {
          "name": "ACROBAT4",
          "rwaccess": "readonly",
          "shortdesc": "Acrobat version 4.",
          "datatype": {
            "type": "int",
            "value": 4
          }
        },
        {
          "name": "ACROBAT5",
          "rwaccess": "readonly",
          "shortdesc": "Acrobat version 5.",
          "datatype": {
            "type": "int",
            "value": 5
          }
        },
        {
          "name": "ACROBAT6",
          "rwaccess": "readonly",
          "shortdesc": "Acrobat version 6.",
          "datatype": {
            "type": "int",
            "value": 6
          }
        },
        {
          "name": "ACROBAT7",
          "rwaccess": "readonly",
          "shortdesc": "Acrobat version 7.",
          "datatype": {
            "type": "int",
            "value": 7
          }
        },
        {
          "name": "ACROBAT8",
          "rwaccess": "readonly",
          "shortdesc": "Acrobat version 8.",
          "datatype": {
            "type": "int",
            "value": 8
          }
        }
      ]
    }
  ]
}