{
  "name": "PDFOverprint",
  "enumeration": true,
  "shortdesc": "Pdf overprint options.",
  "elements": [
    {
      "type": "class",
      "property": [
        {
          "name": "PRESERVEPDFOVERPRINT",
          "rwaccess": "readonly",
          "shortdesc": "Preserve overprint.",
          "datatype": {
            "type": "int",
            "value": 1
          }
        },
        {
          "name": "DISCARDPDFOVERPRINT",
          "rwaccess": "readonly",
          "shortdesc": "Discard overprint.",
          "datatype": {
            "type": "int",
            "value": 2
          }
        }
      ]
    }
  ]
}