{
  "name": "PDFPrintAllowedEnum",
  "enumeration": true,
  "shortdesc": "Pdf print permissions.",
  "elements": [
    {
      "type": "class",
      "property": [
        {
          "name": "PRINT128NONE",
          "rwaccess": "readonly",
          "shortdesc": "Printing allowed none - 128bit.",
          "datatype": {
            "type": "int",
            "value": 1
          }
        },
        {
          "name": "PRINT128LOWRESOLUTION",
          "rwaccess": "readonly",
          "shortdesc": "Print allowed only in low resolution - 128bit.",
          "datatype": {
            "type": "int",
            "value": 2
          }
        },
        {
          "name": "PRINT128HIGHRESOLUTION",
          "rwaccess": "readonly",
          "shortdesc": "Print high resolution allowed - 128bit.",
          "datatype": {
            "type": "int",
            "value": 3
          }
        },
        {
          "name": "PRINT40NONE",
          "rwaccess": "readonly",
          "shortdesc": "Printing allowed none - 40bit.",
          "datatype": {
            "type": "int",
            "value": 4
          }
        },
        {
          "name": "PRINT40HIGHRESOLUTION",
          "rwaccess": "readonly",
          "shortdesc": "Print high resolution allowed - 40bit.",
          "datatype": {
            "type": "int",
            "value": 5
          }
        }
      ]
    }
  ]
}