{
  "name": "PDFSaveOptions",
  "dynamic": true,
  "shortdesc": "Options which may be supplied when saving a document as a PDF file.",
  "elements": [
    {
      "type": "class",
      "property": [
        {
          "name": "pDFPreset",
          "shortdesc": "The max string length is 255 bytes. Name of PDF preset to use.",
          "datatype": {
            "type": "String"
          }
        },
        {
          "name": "compatibility",
          "shortdesc": "The version of the Acrobat file format to create.",
          "datatype": {
            "type": "PDFCompatibility",
            "value": "PDFCompatibility.ACROBAT5"
          }
        },
        {
          "name": "pDFXStandard",
          "shortdesc": "This control includes the None option for when the user is not complying with any PDF standard.",
          "datatype": {
            "type": "PDFXStandard",
            "value": "PDFXStandard.PDFXNONE"
          }
        },
        {
          "name": "pDFXStandardDescription",
          "shortdesc": "This displays the description from the selected preset.",
          "datatype": {
            "type": "String"
          }
        },
        {
          "name": "preserveEditability",
          "shortdesc": "Preserve Illustrator editing capabilities when saving the document.",
          "datatype": {
            "type": "Boolean",
            "value": true
          }
        },
        {
          "name": "generateThumbnails",
          "shortdesc": "Generate thumbnails for the saved document.",
          "datatype": {
            "type": "Boolean",
            "value": true
          }
        },
        {
          "name": "optimization",
          "shortdesc": "Should the PDF document be optimized for fast web viewing.",
          "datatype": {
            "type": "Boolean",
            "value": false
          }
        },
        {
          "name": "viewAfterSaving",
          "shortdesc": "View PDF after saving.",
          "datatype": {
            "type": "Boolean",
            "value": false
          }
        },
        {
          "name": "colorCompression",
          "shortdesc": "How should color bitmap images be compressed.",
          "datatype": {
            "type": "CompressionQuality",
            "value": "CompressionQuality.None"
          }
        },
        {
          "name": "colorTileSize",
          "shortdesc": "Tile size when compressing with JPEG2000.",
          "datatype": {
            "type": "Int32",
            "value": 256
          }
        },
        {
          "name": "colorDownsamplingMethod",
          "shortdesc": "How should color bitmap images be resampled.",
          "datatype": {
            "type": "DownsampleMethod",
            "value": "DownsampleMethod.NODOWNSAMPLE"
          }
        },
        {
          "name": "colorDownsampling",
          "shortdesc": "If zero, no downsampling, otherwise, the resolution to downsample color bitmap images to.",
          "datatype": {
            "type": "Number",
            "value": 150
          }
        },
        {
          "name": "colorDownsamplingImageThreshold",
          "shortdesc": "Downsample if the image's resolution is above this value.",
          "datatype": {
            "type": "Number",
            "value": 225
          }
        },
        {
          "name": "grayscaleCompression",
          "shortdesc": "How should grayscale bitmap images be compressed.",
          "datatype": {
            "type": "CompressionQuality",
            "value": "CompressionQuality.None"
          }
        },
        {
          "name": "grayscaleTileSize",
          "shortdesc": "Tile size when compressing with JPEG2000.",
          "datatype": {
            "type": "Int32",
            "value": 256
          }
        },
        {
          "name": "grayscaleDownsamplingMethod",
          "shortdesc": "How should grayscale bitmap images be resampled.",
          "datatype": {
            "type": "DownsampleMethod",
            "value": "DownsampleMethod.NODOWNSAMPLE"
          }
        },
        {
          "name": "grayscaleDownsampling",
          "shortdesc": "If zero, no downsampling, otherwise, the resolution to downsample grayscale images to.",
          "datatype": {
            "type": "Number",
            "value": 150
          }
        },
        {
          "name": "grayscaleDownsamplingImageThreshold",
          "shortdesc": "Downsample if the image's resolution is above this value.",
          "datatype": {
            "type": "Number",
            "value": 225
          }
        },
        {
          "name": "monochromeCompression",
          "shortdesc": "How should monochrome bitmap images be compressed.",
          "datatype": {
            "type": "MonochromeCompression",
            "value": "MonochromeCompression.None"
          }
        },
        {
          "name": "monochromeDownsamplingMethod",
          "shortdesc": "How should monochrome bitmap images be resampled.",
          "datatype": {
            "type": "DownsampleMethod",
            "value": "DownsampleMethod.NODOWNSAMPLE"
          }
        },
        {
          "name": "monochromeDownsampling",
          "shortdesc": "If zero, no downsampling, otherwise, the resolution to downsample images to.",
          "datatype": {
            "type": "Number",
            "value": 300
          }
        },
        {
          "name": "monochromeDownsamplingImageThreshold",
          "shortdesc": "Downsample if the image's resolution is above this value.",
          "datatype": {
            "type": "Number",
            "value": 450
          }
        },
        {
          "name": "compressArt",
          "shortdesc": "Should line art and text be compressed?",
          "datatype": {
            "type": "Boolean",
            "value": true
          }
        },
        {
          "name": "trimMarks",
          "shortdesc": "Draw trim marks.",
          "datatype": {
            "type": "Boolean",
            "value": false
          }
        },
        {
          "name": "registrationMarks",
          "shortdesc": "Draw registration marks.",
          "datatype": {
            "type": "Boolean",
            "value": false
          }
        },
        {
          "name": "colorBars",
          "shortdesc": "Draw color bars.",
          "datatype": {
            "type": "Boolean",
            "value": false
          }
        },
        {
          "name": "pageInformation",
          "shortdesc": "Draw page information.",
          "datatype": {
            "type": "Boolean",
            "value": false
          }
        },
        {
          "name": "pageMarksType",
          "shortdesc": "The page marks style.",
          "datatype": {
            "type": "PageMarksTypes",
            "value": "PageMarksTypes.Roman"
          }
        },
        {
          "name": "trimMarkWeight",
          "shortdesc": "Trim mark weight.",
          "datatype": {
            "type": "PDFTrimMarkWeight",
            "value": "PDFTrimMarkWeight.TRIMMARKWEIGHT0125"
          }
        },
        {
          "name": "offset",
          "shortdesc": "Custom offset (in points) for using the custom paper.",
          "datatype": {
            "type": "Number",
            "value": 0
          }
        },
        {
          "name": "bleedOffsetRect",
          "shortdesc": "The bleed offset rect.",
          "datatype": {
            "type": "Rectangle"
          }
        },
        {
          "name": "bleedLink",
          "shortdesc": "Link 4 bleed values.",
          "datatype": {
            "type": "Boolean",
            "value": true
          }
        },
        {
          "name": "colorConversionID",
          "shortdesc": "PDF color conversion policy. Three choices are available: (1)No Color Conversion (2) Repurpose (3) Convert to Destination.",
          "datatype": {
            "type": "ColorConversion",
            "value": "ColorConversion.None"
          }
        },
        {
          "name": "colorDestinationID",
          "shortdesc": "When NoColorConversion is specified for Color Conversion, NoColorDestination is set.",
          "datatype": {
            "type": "ColorDestination",
            "value": "ColorDestination.None"
          }
        },
        {
          "name": "colorProfileID",
          "shortdesc": "If CMS is off, Don't Include Profiles is set.",
          "datatype": {
            "type": "ColorProfile",
            "value": "ColorProfile.None"
          }
        },
        {
          "name": "outputIntentProfile",
          "shortdesc": "When CMS is on, the output intent profile is the same profile selected for Destination in the Color group box.",
          "datatype": {
            "type": "String",
            "value": {}
          }
        },
        {
          "name": "outputCondition",
          "shortdesc": "This is an optional comment which, if present, is added to the PDF file and describes the intended printing condition.",
          "datatype": {
            "type": "String",
            "value": {}
          }
        },
        {
          "name": "outputConditionID",
          "shortdesc": "If selected for Output Intent Profile Name, you can set the name of a registered printing condition.",
          "datatype": {
            "type": "String",
            "value": {}
          }
        },
        {
          "name": "registryName",
          "shortdesc": "URL to the site where the specified output condition is registered. No validation is performed on the URL.",
          "datatype": {
            "type": "String",
            "value": {}
          }
        },
        {
          "name": "trapped",
          "shortdesc": "This indicates if manual trapping has been prepared in the document.",
          "datatype": {
            "type": "Boolean",
            "value": false
          }
        },
        {
          "name": "fontSubsetThreshold",
          "shortdesc": "Include a subset of fonts when less than this percentage of characters are used.",
          "datatype": {
            "type": "Number",
            "min": 0,
            "max": 100,
            "value": 100
          }
        },
        {
          "name": "flattenerPreset",
          "shortdesc": "The transparency flattener preset name.",
          "datatype": {
            "type": "String"
          }
        },
        {
          "name": "flattenerOptions",
          "shortdesc": "The printing flattener options.",
          "datatype": {
            "type": "PrintFlattenerOptions"
          }
        },
        {
          "name": "printerResolution",
          "shortdesc": "Flattening printer resolution.",
          "datatype": {
            "type": "Number",
            "value": 800
          }
        },
        {
          "name": "acrobatLayers",
          "shortdesc": "Create acrobat layers from top-level layers - acrobat 6 only option.",
          "datatype": {
            "type": "Boolean",
            "value": false
          }
        },
        {
          "name": "requireDocumentPassword",
          "shortdesc": "Require a password to open the document.",
          "datatype": {
            "type": "Boolean",
            "value": false
          }
        },
        {
          "name": "documentPassword",
          "shortdesc": "A password string to open the document.",
          "datatype": {
            "type": "String",
            "value": {}
          }
        },
        {
          "name": "requirePermissionPassword",
          "shortdesc": "Use a password to restrict editing security settings.",
          "datatype": {
            "type": "Boolean",
            "value": false
          }
        },
        {
          "name": "permissionPassword",
          "shortdesc": "A password string to restrict editing security settings.",
          "datatype": {
            "type": "String",
            "value": {}
          }
        },
        {
          "name": "pDFAllowPrinting",
          "shortdesc": "PDF security printing permission.",
          "datatype": {
            "type": "PDFPrintAllowedEnum",
            "value": "PDFPrintAllowedEnum.PRINT128HIGHRESOLUTION"
          }
        },
        {
          "name": "pDFChangesAllowed",
          "shortdesc": "PDF security changes allowed.",
          "datatype": {
            "type": "PDFChangesAllowedEnum",
            "value": "PDFChangesAllowedEnum.CHANGE128ANYCHANGES"
          }
        },
        {
          "name": "enableCopy",
          "shortdesc": "Enable copying of text 128-bit.",
          "datatype": {
            "type": "Boolean",
            "value": true
          }
        },
        {
          "name": "enableAccess",
          "shortdesc": "Enable accessing 128-bit.",
          "datatype": {
            "type": "Boolean",
            "value": true
          }
        },
        {
          "name": "enablePlainText",
          "shortdesc": "Enable plaintext metadata 128-bit - available only for acrobat 6.",
          "datatype": {
            "type": "Boolean",
            "value": false
          }
        },
        {
          "name": "enableCopyAccess",
          "shortdesc": "Enable copying and accessing 40-bit.",
          "datatype": {
            "type": "Boolean",
            "value": true
          }
        },
        {
          "name": "artboardRange",
          "shortdesc": "Considered for multi-asset extraction which specifies artboard range.Empty string will extracts all the artboards.Default is empty string.",
          "datatype": {
            "type": "String",
            "value": {}
          }
        }
      ]
    }
  ]
}