{
  "name": "PDFTrimMarkWeight",
  "enumeration": true,
  "shortdesc": "Pdf trim mark weight options.",
  "elements": [
    {
      "type": "class",
      "property": [
        {
          "name": "TRIMMARKWEIGHT0125",
          "rwaccess": "readonly",
          "datatype": {
            "type": "int",
            "value": 1
          }
        },
        {
          "name": "TRIMMARKWEIGHT025",
          "rwaccess": "readonly",
          "datatype": {
            "type": "int",
            "value": 2
          }
        },
        {
          "name": "TRIMMARKWEIGHT05",
          "rwaccess": "readonly",
          "datatype": {
            "type": "int",
            "value": 3
          }
        }
      ]
    }
  ]
}