{
  "name": "PDFXStandard",
  "enumeration": true,
  "shortdesc": "This provides a means for matching the color characteristics of a PDF document.",
  "elements": [
    {
      "type": "class",
      "property": [
        {
          "name": "PDFXNONE",
          "rwaccess": "readonly",
          "shortdesc": "The user isn't complying with any PDF standard.",
          "datatype": {
            "type": "int",
            "value": 1
          }
        },
        {
          "name": "PDFX1A2001",
          "rwaccess": "readonly",
          "shortdesc": "Supports only a CMYK and spot color workflow, targeted to a specific output device.",
          "datatype": {
            "type": "int",
            "value": 2
          }
        },
        {
          "name": "PDFX1A2003",
          "rwaccess": "readonly",
          "shortdesc": "Supports only a CMYK and spot color workflow, targeted to a specific output device.",
          "datatype": {
            "type": "int",
            "value": 3
          }
        },
        {
          "name": "PDFX32001",
          "rwaccess": "readonly",
          "shortdesc": "Supports a color-managed workflow, allowing the use of device-independent color in addition to CMYK and spot colors.",
          "datatype": {
            "type": "int",
            "value": 4
          }
        },
        {
          "name": "PDFX32002",
          "rwaccess": "readonly",
          "shortdesc": "Supports a color-managed workflow, allowing the use of device-independent color in addition to CMYK and spot colors.",
          "datatype": {
            "type": "int",
            "value": 4
          }
        },
        {
          "name": "PDFX32003",
          "rwaccess": "readonly",
          "shortdesc": "Supports a color-managed workflow, allowing the use of device-independent color in addition to CMYK and spot colors.",
          "datatype": {
            "type": "int",
            "value": 5
          }
        },
        {
          "name": "PDFX42007",
          "rwaccess": "readonly",
          "shortdesc": "Supports a color-managed workflow, allowing the use of device-independent color in addition to CMYK and spot colors.",
          "datatype": {
            "type": "int",
            "value": 6
          }
        }
      ]
    }
  ]
}