{
  "name": "PerspectiveGridPlaneType",
  "enumeration": true,
  "shortdesc": "Perspective grid plane types.",
  "elements": [
    {
      "type": "class",
      "property": [
        {
          "name": "NOPLANE",
          "rwaccess": "readonly",
          "shortdesc": "Invalid Perspective Grid Plane Type.",
          "datatype": {
            "type": "int",
            "value": 0
          }
        },
        {
          "name": "LEFTPLANE",
          "rwaccess": "readonly",
          "shortdesc": "Perspective Grid Left Plane Type.",
          "datatype": {
            "type": "int",
            "value": 1
          }
        },
        {
          "name": "RIGHTPLANE",
          "rwaccess": "readonly",
          "shortdesc": "Perspective Grid Right Plane Type.",
          "datatype": {
            "type": "int",
            "value": 2
          }
        },
        {
          "name": "FLOORPLANE",
          "rwaccess": "readonly",
          "shortdesc": "Perspective Grid Floor Plane Type.",
          "datatype": {
            "type": "int",
            "value": 3
          }
        }
      ]
    }
  ]
}