{
  "name": "PhotoshopCompatibility",
  "enumeration": true,
  "shortdesc": "The Photoshop compatibility type.",
  "elements": [
    {
      "type": "class",
      "property": [
        {
          "name": "PHOTOSHOP8",
          "rwaccess": "readonly",
          "shortdesc": "Photoshop version 8.",
          "datatype": {
            "type": "int",
            "value": 1
          }
        },
        {
          "name": "PHOTOSHOP6",
          "rwaccess": "readonly",
          "shortdesc": "Photoshop version 6.",
          "datatype": {
            "type": "int",
            "value": 2
          }
        }
      ]
    }
  ]
}