{
  "name": "Point",
  "dynamic": true,
  "shortdesc": "Describes a point. This class is also a two-element collection.",
  "elements": [
    {
      "type": "instance",
      "property": [
        {
          "name": "x",
          "shortdesc": "The left coordinate.",
          "datatype": {
            "type": "Number"
          }
        },
        {
          "name": "y",
          "shortdesc": "The top coordinate.",
          "datatype": {
            "type": "Number"
          }
        },
        {
          "name": "left",
          "shortdesc": "The left coordinate.",
          "datatype": {
            "type": "Number"
          }
        },
        {
          "name": "top",
          "shortdesc": "The top coordinate.",
          "datatype": {
            "type": "Number"
          }
        },
        {
          "name": "length",
          "rwaccess": "readonly",
          "shortdesc": "The array length.",
          "datatype": {
            "type": "Number",
            "value": 2
          }
        }
      ]
    }
  ]
}