{
  "name": "PointType",
  "enumeration": true,
  "shortdesc": "The path point type: smooth/corner.",
  "elements": [
    {
      "type": "class",
      "property": [
        {
          "name": "SMOOTH",
          "rwaccess": "readonly",
          "shortdesc": "Smooth path point.",
          "datatype": {
            "type": "int",
            "value": 1
          }
        },
        {
          "name": "CORNER",
          "rwaccess": "readonly",
          "shortdesc": "Corner point.",
          "datatype": {
            "type": "int",
            "value": 2
          }
        }
      ]
    }
  ]
}