{
  "name": "PostScriptImageCompressionType",
  "enumeration": true,
  "shortdesc": "The PostScript image compression type.",
  "elements": [
    {
      "type": "class",
      "property": [
        {
          "name": "IMAGECOMPRESSIONNONE",
          "rwaccess": "readonly",
          "shortdesc": "No image compression.",
          "datatype": {
            "type": "int",
            "value": 0
          }
        },
        {
          "name": "RLE",
          "rwaccess": "readonly",
          "shortdesc": "RLE image compression.",
          "datatype": {
            "type": "int",
            "value": 1
          }
        },
        {
          "name": "JPEG",
          "rwaccess": "readonly",
          "shortdesc": "JPEG image compression.",
          "datatype": {
            "type": "int",
            "value": 2
          }
        }
      ]
    }
  ]
}