{
  "name": "PPDFileInfo",
  "dynamic": true,
  "shortdesc": "PPD file information.",
  "elements": [
    {
      "type": "class",
      "property": [
        {
          "name": "languageLevel",
          "shortdesc": "The PostScript language level.",
          "datatype": {
            "type": "String"
          }
        },
        {
          "name": "PPDFilePath",
          "shortdesc": "Path specification for the PPD file.",
          "datatype": {
            "type": "File"
          }
        },
        {
          "name": "screenList",
          "shortdesc": "List of color separation screens.",
          "datatype": {
            "type": "Screen",
            "array": true
          }
        },
        {
          "name": "screenSpotFunctionList",
          "shortdesc": "List of color separation screen spot functions.",
          "datatype": {
            "type": "ScreenSpotFunction",
            "array": true
          }
        }
      ]
    }
  ]
}