{
  "name": "Preferences",
  "dynamic": true,
  "shortdesc": "Preferences for Illustrator.",
  "elements": [
    {
      "type": "instance",
      "property": [
        {
          "name": "parent",
          "rwaccess": "readonly",
          "shortdesc": "The object's container.",
          "datatype": {
            "type": "Object"
          }
        },
        {
          "name": "typename",
          "rwaccess": "readonly",
          "shortdesc": "The class name of the object.",
          "datatype": {
            "type": "String"
          }
        },
        {
          "name": "photoshopFileOptions",
          "rwaccess": "readonly",
          "shortdesc": "Options to use when opening or placing a Photoshop file.",
          "datatype": {
            "type": "OpenOptionsPhotoshop"
          }
        },
        {
          "name": "PDFFileOptions",
          "rwaccess": "readonly",
          "shortdesc": "Options to use when opening or placing a PDF file.",
          "datatype": {
            "type": "OpenOptionsPDF"
          }
        },
        {
          "name": "AutoCADFileOptions",
          "rwaccess": "readonly",
          "shortdesc": "Options to use when opening or placing a AutoCAD file.",
          "datatype": {
            "type": "OpenOptionsAutoCAD"
          }
        }
      ],
      "method": [
        {
          "name": "getBooleanPreference",
          "shortdesc": "Retrieve the value of the application preference key as boolean.",
          "parameters": [
            {
              "name": "key",
              "shortdesc": "The preference key.",
              "datatype": {
                "type": "String"
              }
            }
          ],
          "datatype": {
            "type": "Boolean"
          }
        },
        {
          "name": "setBooleanPreference",
          "shortdesc": "Set the value of the application preference key as boolean.",
          "parameters": [
            {
              "name": "key",
              "shortdesc": "The preference key.",
              "datatype": {
                "type": "String"
              }
            },
            {
              "name": "value",
              "shortdesc": "The boolean value of the preference key.",
              "datatype": {
                "type": "Boolean"
              }
            }
          ]
        },
        {
          "name": "getIntegerPreference",
          "shortdesc": "Retrieve the value of the application preference key as integer.",
          "parameters": [
            {
              "name": "key",
              "shortdesc": "The preference key.",
              "datatype": {
                "type": "String"
              }
            }
          ],
          "datatype": {
            "type": "Int32"
          }
        },
        {
          "name": "setIntegerPreference",
          "shortdesc": "Set the value of the application preference key as integer.",
          "parameters": [
            {
              "name": "key",
              "shortdesc": "The preference key.",
              "datatype": {
                "type": "String"
              }
            },
            {
              "name": "value",
              "shortdesc": "The boolean value of the preference key.",
              "datatype": {
                "type": "Int32"
              }
            }
          ]
        },
        {
          "name": "getRealPreference",
          "shortdesc": "Retrieve the value of the application preference key as real number.",
          "parameters": [
            {
              "name": "key",
              "shortdesc": "The preference key.",
              "datatype": {
                "type": "String"
              }
            }
          ],
          "datatype": {
            "type": "Number"
          }
        },
        {
          "name": "setRealPreference",
          "shortdesc": "Set the value of the application preference key as real number.",
          "parameters": [
            {
              "name": "key",
              "shortdesc": "The preference key.",
              "datatype": {
                "type": "String"
              }
            },
            {
              "name": "value",
              "shortdesc": "The real value of the preference key.",
              "datatype": {
                "type": "Number"
              }
            }
          ]
        },
        {
          "name": "getStringPreference",
          "shortdesc": "Retrieve the value of the application preference key as string type.",
          "parameters": [
            {
              "name": "key",
              "shortdesc": "The preference key.",
              "datatype": {
                "type": "String"
              }
            }
          ],
          "datatype": {
            "type": "String"
          }
        },
        {
          "name": "setStringPreference",
          "shortdesc": "Set the value of the application preference key as string type.",
          "parameters": [
            {
              "name": "key",
              "shortdesc": "The preference key.",
              "datatype": {
                "type": "String"
              }
            },
            {
              "name": "value",
              "shortdesc": "The string value of the preference key.",
              "datatype": {
                "type": "String"
              }
            }
          ]
        },
        {
          "name": "removePreference",
          "shortdesc": "Delete the application preference key.",
          "parameters": [
            {
              "name": "key",
              "shortdesc": "The preference key.",
              "datatype": {
                "type": "String"
              }
            }
          ]
        }
      ]
    }
  ]
}