{
  "name": "PrinterInfo",
  "dynamic": true,
  "shortdesc": "Printer information.",
  "elements": [
    {
      "type": "class",
      "property": [
        {
          "name": "printerType",
          "shortdesc": "The printer type.",
          "datatype": {
            "type": "PrinterTypeEnum"
          }
        },
        {
          "name": "postScriptLevel",
          "shortdesc": "The PostScript level.",
          "datatype": {
            "type": "PrinterPostScriptLevelEnum"
          }
        },
        {
          "name": "colorSupport",
          "shortdesc": "The printer color capability.",
          "datatype": {
            "type": "PrinterColorMode"
          }
        },
        {
          "name": "deviceResolution",
          "shortdesc": "The printer default resolution.",
          "datatype": {
            "type": "Number"
          }
        },
        {
          "name": "maxDeviceResolution",
          "shortdesc": "The printer maximum device resolution.",
          "datatype": {
            "type": "Number"
          }
        },
        {
          "name": "inRIPSeparationSupport",
          "shortdesc": "Does the printer support InRIP color separation?",
          "datatype": {
            "type": "Boolean"
          }
        },
        {
          "name": "binaryPrintingSupport",
          "shortdesc": "Does the printer support binary printing?",
          "datatype": {
            "type": "Boolean"
          }
        },
        {
          "name": "paperSizes",
          "shortdesc": "The list of supported paper sizes.",
          "datatype": {
            "type": "Paper",
            "array": true
          }
        },
        {
          "name": "customPaperSupport",
          "shortdesc": "Does the printer support custom paper size?",
          "datatype": {
            "type": "Boolean"
          }
        },
        {
          "name": "customPaperTransverseSupport",
          "shortdesc": "Does the printer support custom paper transverse?",
          "datatype": {
            "type": "Boolean"
          }
        },
        {
          "name": "minPaperWidth",
          "shortdesc": "Custom paper's minimum width.",
          "datatype": {
            "type": "Number"
          }
        },
        {
          "name": "maxPaperWidth",
          "shortdesc": "Custom paper's maximum width.",
          "datatype": {
            "type": "Number"
          }
        },
        {
          "name": "minPaperHeight",
          "shortdesc": "Custom paper's minimum height.",
          "datatype": {
            "type": "Number"
          }
        },
        {
          "name": "maxPaperHeight",
          "shortdesc": "Custom paper's maximum height.",
          "datatype": {
            "type": "Number"
          }
        },
        {
          "name": "minPaperHeightOffset",
          "shortdesc": "Custom paper's minimum height offset.",
          "datatype": {
            "type": "Number"
          }
        },
        {
          "name": "maxPaperHeightOffset",
          "shortdesc": "Custom paper's maximum height offset.",
          "datatype": {
            "type": "Number"
          }
        },
        {
          "name": "minPaperWidthOffset",
          "shortdesc": "Custom paper's minimum width offset.",
          "datatype": {
            "type": "Number"
          }
        },
        {
          "name": "maxPaperWidthOffset",
          "shortdesc": "Custom paper's maximum width offset.",
          "datatype": {
            "type": "Number"
          }
        }
      ]
    }
  ]
}