{
  "name": "PrintCoordinateOptions",
  "dynamic": true,
  "shortdesc": "The print coordinate options.",
  "elements": [
    {
      "type": "class",
      "property": [
        {
          "name": "orientation",
          "shortdesc": "The artwork orientation.",
          "datatype": {
            "type": "PrintOrientation",
            "value": "PrintOrientation.PORTRAIT"
          }
        },
        {
          "name": "emulsion",
          "shortdesc": "Whether to flip artwork horizontally.",
          "datatype": {
            "type": "Boolean",
            "value": false
          }
        },
        {
          "name": "position",
          "shortdesc": "The artwork position on media.",
          "datatype": {
            "type": "PrintPosition",
            "value": "PrintPosition.TRANSLATECENTER"
          }
        },
        {
          "name": "fitToPage",
          "shortdesc": "Whether to proportionally scale the artwork to fit on the page.",
          "datatype": {
            "type": "Boolean",
            "value": false
          }
        },
        {
          "name": "horizontalScale",
          "shortdesc": "The horizontal scaling factor expressed as a percentage (100 = 100%)",
          "datatype": {
            "type": "Number",
            "min": 1,
            "max": 10000,
            "value": 100
          }
        },
        {
          "name": "verticalScale",
          "shortdesc": "The vertical scaling factor expressed as a percentage (100 = 100%)",
          "datatype": {
            "type": "Number",
            "min": 1,
            "max": 10000,
            "value": 100
          }
        },
        {
          "name": "tiling",
          "shortdesc": "The page tiling mode.",
          "datatype": {
            "type": "PrintTiling",
            "value": "PrintTiling.TILESINGLEFULLPAGE"
          }
        }
      ]
    }
  ]
}