{
  "name": "PrintJobOptions",
  "dynamic": true,
  "shortdesc": "The print job options.",
  "elements": [
    {
      "type": "class",
      "property": [
        {
          "name": "designation",
          "shortdesc": "The layers/objects to be printed.",
          "datatype": {
            "type": "PrintArtworkDesignation",
            "value": "PrintArtworkDesignation.VISIBLEPRINTABLELAYERS"
          }
        },
        {
          "name": "printArea",
          "shortdesc": "The printing bounds.",
          "datatype": {
            "type": "PrintingBounds",
            "value": "PrintingBounds.ARTBOARDBOUNDS"
          }
        },
        {
          "name": "copies",
          "shortdesc": "The number of copies to print.",
          "datatype": {
            "type": "Int32",
            "min": 1,
            "value": 1
          }
        },
        {
          "name": "reversePages",
          "shortdesc": "Print pages in reverse order.",
          "datatype": {
            "type": "Boolean",
            "value": false
          }
        },
        {
          "name": "collate",
          "shortdesc": "Whether to collate print pages.",
          "datatype": {
            "type": "Boolean",
            "value": false
          }
        },
        {
          "name": "file",
          "shortdesc": "The file to be printed to.",
          "datatype": {
            "type": "File"
          }
        },
        {
          "name": "printAsBitmap",
          "shortdesc": "Whether to print as bitmap.",
          "datatype": {
            "type": "Boolean",
            "value": false
          }
        },
        {
          "name": "bitmapResolution",
          "shortdesc": "The bitmap resolution.",
          "datatype": {
            "type": "Number",
            "min": 0,
            "value": 0
          }
        },
        {
          "name": "name",
          "shortdesc": "The print job name.",
          "datatype": {
            "type": "String"
          }
        },
        {
          "name": "printAllArtboards",
          "shortdesc": "Whether to print all artboards.",
          "datatype": {
            "type": "Boolean",
            "value": true
          }
        },
        {
          "name": "artboardRange",
          "shortdesc": "Artboard Range to be printed if PrintAllArtboards is false.",
          "datatype": {
            "type": "String",
            "value": "1-"
          }
        }
      ]
    }
  ]
}