{
  "name": "PrintingBounds",
  "enumeration": true,
  "shortdesc": "The printing bounds type.",
  "elements": [
    {
      "type": "class",
      "property": [
        {
          "name": "ARTBOARDBOUNDS",
          "rwaccess": "readonly",
          "shortdesc": "Use artboard bounds.",
          "datatype": {
            "type": "int",
            "value": 0
          }
        },
        {
          "name": "ARTWORKBOUNDS",
          "rwaccess": "readonly",
          "shortdesc": "Use artwork bounds.",
          "datatype": {
            "type": "int",
            "value": 1
          }
        },
        {
          "name": "CROPBOUNDS",
          "rwaccess": "readonly",
          "shortdesc": "Use crop bounds.",
          "datatype": {
            "type": "int",
            "value": 2
          }
        }
      ]
    }
  ]
}