{
  "name": "PrintTiling",
  "enumeration": true,
  "shortdesc": "The page tiling type.",
  "elements": [
    {
      "type": "class",
      "property": [
        {
          "name": "TILESINGLEFULLPAGE",
          "rwaccess": "readonly",
          "shortdesc": "Tile single full page.",
          "datatype": {
            "type": "int",
            "value": 0
          }
        },
        {
          "name": "TILEFULLPAGES",
          "rwaccess": "readonly",
          "shortdesc": "Tile full pages.",
          "datatype": {
            "type": "int",
            "value": 1
          }
        },
        {
          "name": "TILEIMAGEABLEAREAS",
          "rwaccess": "readonly",
          "shortdesc": "Tile imageable areas.",
          "datatype": {
            "type": "int",
            "value": 2
          }
        }
      ]
    }
  ]
}