{
  "name": "PrintColorIntent",
  "enumeration": true,
  "shortdesc": "The color intent type.",
  "elements": [
    {
      "type": "class",
      "property": [
        {
          "name": "PERCEPTUALINTENT",
          "rwaccess": "readonly",
          "shortdesc": "Perceptual color intent.",
          "datatype": {
            "type": "int",
            "value": 0
          }
        },
        {
          "name": "SATURATIONINTENT",
          "rwaccess": "readonly",
          "shortdesc": "Saturation color intent.",
          "datatype": {
            "type": "int",
            "value": 1
          }
        },
        {
          "name": "RELATIVECOLORIMETRIC",
          "rwaccess": "readonly",
          "shortdesc": "Relative colorimetric.",
          "datatype": {
            "type": "int",
            "value": 2
          }
        },
        {
          "name": "ABSOLUTECOLORIMETRIC",
          "rwaccess": "readonly",
          "shortdesc": "Absolute colorimetric.",
          "datatype": {
            "type": "int",
            "value": 3
          }
        }
      ]
    }
  ]
}