{
  "name": "PrintColorSeparationMode",
  "enumeration": true,
  "shortdesc": "The color separation mode.",
  "elements": [
    {
      "type": "class",
      "property": [
        {
          "name": "COMPOSITE",
          "rwaccess": "readonly",
          "shortdesc": "The composite mode.",
          "datatype": {
            "type": "int",
            "value": 0
          }
        },
        {
          "name": "HOSTBASEDSEPARATION",
          "rwaccess": "readonly",
          "shortdesc": "The host based color separation mode.",
          "datatype": {
            "type": "int",
            "value": 1
          }
        },
        {
          "name": "INRIPSEPARATION",
          "rwaccess": "readonly",
          "shortdesc": "The InRIP color separation mode.",
          "datatype": {
            "type": "int",
            "value": 2
          }
        }
      ]
    }
  ]
}