{
  "name": "PrintColorManagementOptions",
  "dynamic": true,
  "shortdesc": "The color management options.",
  "elements": [
    {
      "type": "class",
      "property": [
        {
          "name": "colorProfileMode",
          "shortdesc": "The color management profile mode.",
          "datatype": {
            "type": "PrintColorProfile",
            "value": "PrintColorProfile.SOURCEPROFILE"
          }
        },
        {
          "name": "intent",
          "shortdesc": "The color management intent type.",
          "datatype": {
            "type": "PrintColorIntent",
            "value": "PrintColorIntent.RELATIVECOLORIMETRIC"
          }
        },
        {
          "name": "name",
          "shortdesc": "The color management profile name.",
          "datatype": {
            "type": "String"
          }
        }
      ]
    }
  ]
}