{
  "name": "PrintColorProfile",
  "enumeration": true,
  "shortdesc": "The color profile type.",
  "elements": [
    {
      "type": "class",
      "property": [
        {
          "name": "OLDSTYLEPROFILE",
          "rwaccess": "readonly",
          "shortdesc": "Use old style AI color profile.",
          "datatype": {
            "type": "int",
            "value": 0
          }
        },
        {
          "name": "SOURCEPROFILE",
          "rwaccess": "readonly",
          "shortdesc": "Same as source color profile.",
          "datatype": {
            "type": "int",
            "value": 1
          }
        },
        {
          "name": "PRINTERPROFILE",
          "rwaccess": "readonly",
          "shortdesc": "Same as printer color profile.",
          "datatype": {
            "type": "int",
            "value": 2
          }
        },
        {
          "name": "CUSTOMPROFILE",
          "rwaccess": "readonly",
          "shortdesc": "Use custom color profile.",
          "datatype": {
            "type": "int",
            "value": 3
          }
        }
      ]
    }
  ]
}