{
  "name": "PrinterColorMode",
  "enumeration": true,
  "shortdesc": "The printer color mode.",
  "elements": [
    {
      "type": "class",
      "property": [
        {
          "name": "COLORPRINTER",
          "rwaccess": "readonly",
          "shortdesc": "Color printer.",
          "datatype": {
            "type": "int",
            "value": 0
          }
        },
        {
          "name": "GRAYSCALEPRINTER",
          "rwaccess": "readonly",
          "shortdesc": "Grayscale printer.",
          "datatype": {
            "type": "int",
            "value": 1
          }
        },
        {
          "name": "BLACKANDWHITEPRINTER",
          "rwaccess": "readonly",
          "shortdesc": "Black and white printer.",
          "datatype": {
            "type": "int",
            "value": 2
          }
        }
      ]
    }
  ]
}