{
  "name": "PrintPaperOptions",
  "dynamic": true,
  "shortdesc": "The paper options.",
  "elements": [
    {
      "type": "class",
      "property": [
        {
          "name": "name",
          "shortdesc": "The paper's name.",
          "datatype": {
            "type": "String"
          }
        },
        {
          "name": "width",
          "shortdesc": "The custom width (in points) for using the custom paper.",
          "datatype": {
            "type": "Number",
            "value": 0
          }
        },
        {
          "name": "height",
          "shortdesc": "The custom height (in points) for using the custom paper.",
          "datatype": {
            "type": "Number",
            "value": 0
          }
        },
        {
          "name": "offset",
          "shortdesc": "Custom offset (in points) for using the custom paper.",
          "datatype": {
            "type": "Number",
            "value": 0
          }
        },
        {
          "name": "transverse",
          "shortdesc": "Whether to transverse the artwork (rotate 90 degrees) on the custom paper.",
          "datatype": {
            "type": "Boolean",
            "value": false
          }
        }
      ]
    }
  ]
}