{
  "name": "PrintColorSeparationOptions",
  "dynamic": true,
  "shortdesc": "Print color separation options.",
  "elements": [
    {
      "type": "class",
      "property": [
        {
          "name": "colorSeparationMode",
          "shortdesc": "The color separation type.",
          "datatype": {
            "type": "PrintColorSeparationMode",
            "value": "PrintColorSeparationMode.COMPOSITE"
          }
        },
        {
          "name": "convertSpotColors",
          "shortdesc": "Whether to convert all spot colors to process colors.",
          "datatype": {
            "type": "Boolean",
            "value": false
          }
        },
        {
          "name": "overPrintBlack",
          "shortdesc": "Whether to overprint in black.",
          "datatype": {
            "type": "Boolean",
            "value": false
          }
        },
        {
          "name": "inkList",
          "shortdesc": "The list of inks for color separation.",
          "datatype": {
            "type": "Ink",
            "array": true
          }
        }
      ]
    }
  ]
}