{
  "name": "PrintFontOptions",
  "dynamic": true,
  "shortdesc": "The font options for printing.",
  "elements": [
    {
      "type": "class",
      "property": [
        {
          "name": "downloadFonts",
          "shortdesc": "The font download mode.",
          "datatype": {
            "type": "PrintFontDownloadMode",
            "value": "PrintFontDownloadMode.DOWNLOADSUBSET"
          }
        },
        {
          "name": "fontSubstitution",
          "shortdesc": "The font substitution policy.",
          "datatype": {
            "type": "FontSubstitutionPolicy",
            "value": "FontSubstitutionPolicy.SUBSTITUTEOBLIQUE"
          }
        }
      ]
    }
  ]
}