{
  "name": "PrintFlattenerOptions",
  "dynamic": true,
  "shortdesc": "The transparency flattening options.",
  "elements": [
    {
      "type": "class",
      "property": [
        {
          "name": "flatteningBalance",
          "shortdesc": "The flattening balance.",
          "datatype": {
            "type": "Int32",
            "min": 0,
            "max": 100,
            "value": 100
          }
        },
        {
          "name": "rasterizationResolution",
          "shortdesc": "The rasterization resolution.",
          "datatype": {
            "type": "Number",
            "min": 1,
            "max": 9600,
            "value": 300
          }
        },
        {
          "name": "gradientResolution",
          "shortdesc": "The gradient resolution.",
          "datatype": {
            "type": "Number",
            "min": 1,
            "max": 9600,
            "value": 300
          }
        },
        {
          "name": "convertTextToOutlines",
          "shortdesc": "Whether to convert all text to outlines.",
          "datatype": {
            "type": "Boolean",
            "value": false
          }
        },
        {
          "name": "convertStrokesToOutlines",
          "shortdesc": "Whether to convert all strokes to outlines.",
          "datatype": {
            "type": "Boolean",
            "value": false
          }
        },
        {
          "name": "clipComplexRegions",
          "shortdesc": "Whether to clip complex regions.",
          "datatype": {
            "type": "Boolean",
            "value": false
          }
        },
        {
          "name": "overprint",
          "shortdesc": "Overprint.",
          "datatype": {
            "type": "PDFOverprint",
            "value": "PDFOverprint.PRESERVEPDFOVERPRINT"
          }
        }
      ]
    }
  ]
}