{
  "name": "PrintPosition",
  "enumeration": true,
  "shortdesc": "The artwork printing position on media.",
  "elements": [
    {
      "type": "class",
      "property": [
        {
          "name": "TRANSLATETOPLEFT",
          "rwaccess": "readonly",
          "shortdesc": "Translate to the top left of media.",
          "datatype": {
            "type": "int",
            "value": 1
          }
        },
        {
          "name": "TRANSLATETOP",
          "rwaccess": "readonly",
          "shortdesc": "Translate to the top center of media.",
          "datatype": {
            "type": "int",
            "value": 2
          }
        },
        {
          "name": "TRANSLATETOPRIGHT",
          "rwaccess": "readonly",
          "shortdesc": "Translate to the top right of media.",
          "datatype": {
            "type": "int",
            "value": 3
          }
        },
        {
          "name": "TRANSLATELEFT",
          "rwaccess": "readonly",
          "shortdesc": "Translate to the left center of media.",
          "datatype": {
            "type": "int",
            "value": 4
          }
        },
        {
          "name": "TRANSLATECENTER",
          "rwaccess": "readonly",
          "shortdesc": "Translate to the center of media.",
          "datatype": {
            "type": "int",
            "value": 5
          }
        },
        {
          "name": "TRANSLATERIGHT",
          "rwaccess": "readonly",
          "shortdesc": "Translate to the right center of media.",
          "datatype": {
            "type": "int",
            "value": 6
          }
        },
        {
          "name": "TRANSLATEBOTTOMLEFT",
          "rwaccess": "readonly",
          "shortdesc": "Translate to the bottom left of media.",
          "datatype": {
            "type": "int",
            "value": 7
          }
        },
        {
          "name": "TRANSLATEBOTTOM",
          "rwaccess": "readonly",
          "shortdesc": "Translate to the bottom center of media.",
          "datatype": {
            "type": "int",
            "value": 8
          }
        },
        {
          "name": "TRANSLATEBOTTOMRIGHT",
          "rwaccess": "readonly",
          "shortdesc": "Translate to the bottom right of media.",
          "datatype": {
            "type": "int",
            "value": 9
          }
        }
      ]
    }
  ]
}