{
  "name": "PrinterTypeEnum",
  "enumeration": true,
  "shortdesc": "The printer type.",
  "elements": [
    {
      "type": "class",
      "property": [
        {
          "name": "Unknown",
          "rwaccess": "readonly",
          "shortdesc": "Unknown printer type.",
          "datatype": {
            "type": "int",
            "value": 0
          }
        },
        {
          "name": "POSTSCRIPTPRINTER",
          "rwaccess": "readonly",
          "shortdesc": "PostScript printer.",
          "datatype": {
            "type": "int",
            "value": 1
          }
        },
        {
          "name": "NONPOSTSCRIPTPRINTER",
          "rwaccess": "readonly",
          "shortdesc": "Non PostScript printer.",
          "datatype": {
            "type": "int",
            "value": 2
          }
        }
      ]
    }
  ]
}