{
  "name": "PrintArtworkDesignation",
  "enumeration": true,
  "shortdesc": "The artwork layers/objects to be printed.",
  "elements": [
    {
      "type": "class",
      "property": [
        {
          "name": "VISIBLEPRINTABLELAYERS",
          "rwaccess": "readonly",
          "shortdesc": "Print visible printable layers.",
          "datatype": {
            "type": "int",
            "value": 0
          }
        },
        {
          "name": "VISIBLELAYERS",
          "rwaccess": "readonly",
          "shortdesc": "Print visible layers.",
          "datatype": {
            "type": "int",
            "value": 1
          }
        },
        {
          "name": "ALLLAYERS",
          "rwaccess": "readonly",
          "shortdesc": "Print all layers.",
          "datatype": {
            "type": "int",
            "value": 2
          }
        }
      ]
    }
  ]
}