{
  "name": "PrintFontDownloadMode",
  "enumeration": true,
  "shortdesc": "The printer font download mode.",
  "elements": [
    {
      "type": "class",
      "property": [
        {
          "name": "DOWNLOADNONE",
          "rwaccess": "readonly",
          "shortdesc": "Download none.",
          "datatype": {
            "type": "int",
            "value": 0
          }
        },
        {
          "name": "DOWNLOADSUBSET",
          "rwaccess": "readonly",
          "shortdesc": "Download subset.",
          "datatype": {
            "type": "int",
            "value": 1
          }
        },
        {
          "name": "DOWNLOADCOMPLETE",
          "rwaccess": "readonly",
          "shortdesc": "Download complete.",
          "datatype": {
            "type": "int",
            "value": 2
          }
        }
      ]
    }
  ]
}