{
  "name": "PrintOrientation",
  "enumeration": true,
  "shortdesc": "The artwork printing orientation.",
  "elements": [
    {
      "type": "class",
      "property": [
        {
          "name": "PORTRAIT",
          "rwaccess": "readonly",
          "shortdesc": "Portrait.",
          "datatype": {
            "type": "int",
            "value": 0
          }
        },
        {
          "name": "LANDSCAPE",
          "rwaccess": "readonly",
          "shortdesc": "Landscape.",
          "datatype": {
            "type": "int",
            "value": 1
          }
        },
        {
          "name": "REVERSEPORTRAIT",
          "rwaccess": "readonly",
          "shortdesc": "Reverse portrait.",
          "datatype": {
            "type": "int",
            "value": 2
          }
        },
        {
          "name": "REVERSELANDSCAPE",
          "rwaccess": "readonly",
          "shortdesc": "Reverse landscape.",
          "datatype": {
            "type": "int",
            "value": 3
          }
        },
        {
          "name": "AUTOROTATE",
          "rwaccess": "readonly",
          "shortdesc": "Auto Rotate.",
          "datatype": {
            "type": "int",
            "value": 4
          }
        }
      ]
    }
  ]
}