{
  "name": "PrintPostScriptOptions",
  "dynamic": true,
  "shortdesc": "The PostScript options.",
  "elements": [
    {
      "type": "class",
      "property": [
        {
          "name": "postScriptLevel",
          "shortdesc": "The PostScript language level.",
          "datatype": {
            "type": "PrinterPostScriptLevelEnum",
            "value": "PrinterPostScriptLevelEnum.PSLEVEL2"
          }
        },
        {
          "name": "binaryPrinting",
          "shortdesc": "Whether to print in binary mode.",
          "datatype": {
            "type": "Boolean",
            "value": false
          }
        },
        {
          "name": "negativePrinting",
          "shortdesc": "Whether to print in negative mode.",
          "datatype": {
            "type": "Boolean",
            "value": false
          }
        },
        {
          "name": "imageCompression",
          "shortdesc": "The image compression type.",
          "datatype": {
            "type": "PostScriptImageCompressionType",
            "value": "PostScriptImageCompressionType.IMAGECOMPRESSIONNONE"
          }
        },
        {
          "name": "forceContinuousTone",
          "shortdesc": "Whether to force continuous tone.",
          "datatype": {
            "type": "Boolean",
            "value": false
          }
        },
        {
          "name": "compatibleShading",
          "shortdesc": "Use PostScript level 1 compatible gradient and gradient mesh printing.",
          "datatype": {
            "type": "Boolean",
            "value": false
          }
        },
        {
          "name": "shadingResolution",
          "shortdesc": "The shading resolution.",
          "datatype": {
            "type": "Number",
            "min": 1,
            "max": 9600,
            "value": 300
          }
        }
      ]
    }
  ]
}