{
  "name": "PrintOptions",
  "dynamic": true,
  "shortdesc": "The print options.",
  "elements": [
    {
      "type": "class",
      "property": [
        {
          "name": "printerName",
          "shortdesc": "The name of the printer to print to.",
          "datatype": {
            "type": "String"
          }
        },
        {
          "name": "PPDName",
          "shortdesc": "The name of the PPD to use.",
          "datatype": {
            "type": "String"
          }
        },
        {
          "name": "printPreset",
          "shortdesc": "The name of a print preset to use.",
          "datatype": {
            "type": "String"
          }
        },
        {
          "name": "flattenerPreset",
          "shortdesc": "The transparency flattener preset name.",
          "datatype": {
            "type": "String"
          }
        },
        {
          "name": "paperOptions",
          "shortdesc": "The paper options.",
          "datatype": {
            "type": "PrintPaperOptions"
          }
        },
        {
          "name": "jobOptions",
          "shortdesc": "The printing job options.",
          "datatype": {
            "type": "PrintJobOptions"
          }
        },
        {
          "name": "colorSeparationOptions",
          "shortdesc": "The printing color separation options.",
          "datatype": {
            "type": "PrintColorSeparationOptions"
          }
        },
        {
          "name": "coordinateOptions",
          "shortdesc": "The printing coordinate options.",
          "datatype": {
            "type": "PrintCoordinateOptions"
          }
        },
        {
          "name": "pageMarksOptions",
          "shortdesc": "The printing page marks options.",
          "datatype": {
            "type": "PrintPageMarksOptions"
          }
        },
        {
          "name": "fontOptions",
          "shortdesc": "The printing font options.",
          "datatype": {
            "type": "PrintFontOptions"
          }
        },
        {
          "name": "postScriptOptions",
          "shortdesc": "The printing PostScript options.",
          "datatype": {
            "type": "PrintPostScriptOptions"
          }
        },
        {
          "name": "colorManagementOptions",
          "shortdesc": "The printing color management options.",
          "datatype": {
            "type": "PrintColorManagementOptions"
          }
        },
        {
          "name": "flattenerOptions",
          "shortdesc": "The printing flattener options.",
          "datatype": {
            "type": "PrintFlattenerOptions"
          }
        }
      ]
    }
  ]
}