{
  "name": "PrinterPostScriptLevelEnum",
  "enumeration": true,
  "shortdesc": "The PostScript levels supported by various printers.",
  "elements": [
    {
      "type": "class",
      "property": [
        {
          "name": "PSLEVEL1",
          "rwaccess": "readonly",
          "shortdesc": "PostScript Level 1.",
          "datatype": {
            "type": "int",
            "value": 1
          }
        },
        {
          "name": "PSLEVEL2",
          "rwaccess": "readonly",
          "shortdesc": "PostScript Level 2.",
          "datatype": {
            "type": "int",
            "value": 2
          }
        },
        {
          "name": "PSLEVEL3",
          "rwaccess": "readonly",
          "shortdesc": "PostScript Level 3.",
          "datatype": {
            "type": "int",
            "value": 3
          }
        }
      ]
    }
  ]
}