{
  "name": "RasterEffectOptions",
  "dynamic": true,
  "shortdesc": "The document raster effects settings.",
  "elements": [
    {
      "type": "class",
      "property": [
        {
          "name": "colorModel",
          "shortdesc": "The color model for the rasterization.",
          "datatype": {
            "type": "RasterizationColorModel",
            "value": "RasterizationColorModel.DEFAULTCOLORMODEL"
          }
        },
        {
          "name": "resolution",
          "shortdesc": "The rasterization resolution in dots-per-inch (dpi)",
          "datatype": {
            "type": "Number",
            "min": 72,
            "max": 2400,
            "value": 300
          }
        },
        {
          "name": "transparency",
          "shortdesc": "Should the resulting image use transparency.",
          "datatype": {
            "type": "Boolean",
            "value": false
          }
        },
        {
          "name": "antiAliasing",
          "shortdesc": "Should the resulting image be antialiased.",
          "datatype": {
            "type": "Boolean",
            "value": false
          }
        },
        {
          "name": "clippingMask",
          "shortdesc": "Should a clipping mask be created for the resulting image.",
          "datatype": {
            "type": "Boolean",
            "value": false
          }
        },
        {
          "name": "convertSpotColors",
          "shortdesc": "Whether to convert all spot colors to process colors in the resulting image.",
          "datatype": {
            "type": "Boolean",
            "value": false
          }
        },
        {
          "name": "padding",
          "shortdesc": "The amount of white space (in points) to be added around the object during rasterization.",
          "datatype": {
            "type": "Number",
            "value": 0
          }
        }
      ]
    }
  ]
}