{
  "name": "RasterizationColorModel",
  "enumeration": true,
  "shortdesc": "Controls the color model for the rasterization.",
  "elements": [
    {
      "type": "class",
      "property": [
        {
          "name": "DEFAULTCOLORMODEL",
          "rwaccess": "readonly",
          "shortdesc": "Rasterize in the default document color space.",
          "datatype": {
            "type": "int",
            "value": 1
          }
        },
        {
          "name": "GRAYSCALE",
          "rwaccess": "readonly",
          "shortdesc": "Rasterize as grayscale image.",
          "datatype": {
            "type": "int",
            "value": 2
          }
        },
        {
          "name": "BITMAP",
          "rwaccess": "readonly",
          "shortdesc": "Rasterize as 1-bit bitmap.",
          "datatype": {
            "type": "int",
            "value": 3
          }
        }
      ]
    }
  ]
}