{
  "name": "RasterLinkState",
  "enumeration": true,
  "shortdesc": "The raster link state.",
  "elements": [
    {
      "type": "class",
      "property": [
        {
          "name": "NODATA",
          "rwaccess": "readonly",
          "shortdesc": "Image data is not set.",
          "datatype": {
            "type": "int",
            "value": 1
          }
        },
        {
          "name": "DATAFROMFILE",
          "rwaccess": "readonly",
          "shortdesc": "Image data is from the linked file.",
          "datatype": {
            "type": "int",
            "value": 2
          }
        },
        {
          "name": "DATAMODIFIED",
          "rwaccess": "readonly",
          "shortdesc": "Image data has been modified.",
          "datatype": {
            "type": "int",
            "value": 3
          }
        }
      ]
    }
  ]
}