{
  "name": "RasterizeOptions",
  "dynamic": true,
  "shortdesc": "Options which may be supplied when rasterizing the artwork.",
  "elements": [
    {
      "type": "class",
      "property": [
        {
          "name": "colorModel",
          "shortdesc": "The color model for the rasterization.",
          "datatype": {
            "type": "RasterizationColorModel",
            "value": "RasterizationColorModel.DEFAULTCOLORMODEL"
          }
        },
        {
          "name": "resolution",
          "shortdesc": "The rasterization resolution in dots-per-inch (dpi)",
          "datatype": {
            "type": "Number",
            "min": 72,
            "max": 2400,
            "value": 300
          }
        },
        {
          "name": "transparency",
          "shortdesc": "Should the resulting image use transparency.",
          "datatype": {
            "type": "Boolean",
            "value": false
          }
        },
        {
          "name": "antiAliasingMethod",
          "shortdesc": "The type of antialiasing method.",
          "datatype": {
            "type": "AntiAliasingMethod",
            "value": "AntiAliasingMethod.ARTOPTIMIZED"
          }
        },
        {
          "name": "clippingMask",
          "shortdesc": "Should a clipping mask be created for the resulting image.",
          "datatype": {
            "type": "Boolean",
            "value": false
          }
        },
        {
          "name": "convertSpotColors",
          "shortdesc": "Whether to convert all spot colors to process colors in the resulting image.",
          "datatype": {
            "type": "Boolean",
            "value": false
          }
        },
        {
          "name": "convertTextToOutlines",
          "shortdesc": "Should all text be converted to outlines before rasterization.",
          "datatype": {
            "type": "Boolean",
            "value": false
          }
        },
        {
          "name": "includeLayers",
          "shortdesc": "Should the resulting image incorporates the layer attributes (such as opacity and blend mode)",
          "datatype": {
            "type": "Boolean",
            "value": false
          }
        },
        {
          "name": "backgroundBlack",
          "shortdesc": "Should rasterize against a black background instead of white.",
          "datatype": {
            "type": "Boolean",
            "value": false
          }
        },
        {
          "name": "padding",
          "shortdesc": "The amount of white space (in points) to be added around the object during rasterization.",
          "datatype": {
            "type": "Number",
            "value": 0
          }
        }
      ]
    }
  ]
}