{
  "name": "Rectangle",
  "dynamic": true,
  "shortdesc": "Describes a rectangle. This class is also a four-element collection.",
  "elements": [
    {
      "type": "instance",
      "property": [
        {
          "name": "x",
          "shortdesc": "The left coordinate.",
          "datatype": {
            "type": "Number"
          }
        },
        {
          "name": "y",
          "shortdesc": "The top coordinate.",
          "datatype": {
            "type": "Number"
          }
        },
        {
          "name": "width",
          "shortdesc": "The width.",
          "datatype": {
            "type": "Number"
          }
        },
        {
          "name": "height",
          "shortdesc": "The height.",
          "datatype": {
            "type": "Number"
          }
        },
        {
          "name": "left",
          "shortdesc": "The left coordinate.",
          "datatype": {
            "type": "Number"
          }
        },
        {
          "name": "right",
          "shortdesc": "The right coordinate.",
          "datatype": {
            "type": "Number"
          }
        },
        {
          "name": "top",
          "shortdesc": "The top coordinate.",
          "datatype": {
            "type": "Number"
          }
        },
        {
          "name": "bottom",
          "shortdesc": "The bottom coordinate.",
          "datatype": {
            "type": "Number"
          }
        },
        {
          "name": "length",
          "rwaccess": "readonly",
          "shortdesc": "The array length.",
          "datatype": {
            "type": "Number",
            "value": 4
          }
        }
      ]
    }
  ]
}