{
  "name": "RGBColor",
  "dynamic": true,
  "superclass": "Color",
  "shortdesc": "An RGB color specification.",
  "elements": [
    {
      "type": "class",
      "property": [
        {
          "name": "red",
          "shortdesc": "The red color value (between 0.0 and 255.0)",
          "datatype": {
            "type": "Number",
            "min": 0,
            "max": 255,
            "value": 0
          }
        },
        {
          "name": "green",
          "shortdesc": "The green color value (between 0.0 and 255.0)",
          "datatype": {
            "type": "Number",
            "min": 0,
            "max": 255,
            "value": 0
          }
        },
        {
          "name": "blue",
          "shortdesc": "The blue color value (between 0.0 and 255.0)",
          "datatype": {
            "type": "Number",
            "min": 0,
            "max": 255,
            "value": 0
          }
        }
      ]
    }
  ]
}