{
  "name": "RulerUnits",
  "enumeration": true,
  "elements": [
    {
      "type": "class",
      "property": [
        {
          "name": "Unknown",
          "rwaccess": "readonly",
          "shortdesc": "Ruler units are unknown.",
          "datatype": {
            "type": "int",
            "value": 1
          }
        },
        {
          "name": "Inches",
          "rwaccess": "readonly",
          "shortdesc": "Ruler units are unknown.",
          "datatype": {
            "type": "int",
            "value": 2
          }
        },
        {
          "name": "Centimeters",
          "rwaccess": "readonly",
          "shortdesc": "Ruler units are measured in centimeters.",
          "datatype": {
            "type": "int",
            "value": 3
          }
        },
        {
          "name": "Points",
          "rwaccess": "readonly",
          "shortdesc": "Ruler units are measured in points.",
          "datatype": {
            "type": "int",
            "value": 4
          }
        },
        {
          "name": "Picas",
          "rwaccess": "readonly",
          "shortdesc": "Ruler units are measured in picas.",
          "datatype": {
            "type": "int",
            "value": 5
          }
        },
        {
          "name": "Millimeters",
          "rwaccess": "readonly",
          "shortdesc": "Ruler units are measured in millimeters.",
          "datatype": {
            "type": "int",
            "value": 6
          }
        },
        {
          "name": "Qs",
          "rwaccess": "readonly",
          "shortdesc": "Ruler units are measured in Qs.",
          "datatype": {
            "type": "int",
            "value": 7
          }
        },
        {
          "name": "Pixels",
          "rwaccess": "readonly",
          "shortdesc": "Ruler units are measured in pixels.",
          "datatype": {
            "type": "int",
            "value": 8
          }
        }
      ]
    }
  ]
}