{
  "name": "SaveOptions",
  "enumeration": true,
  "shortdesc": "The options that may be applied when saving a file.",
  "elements": [
    {
      "type": "class",
      "property": [
        {
          "name": "SAVECHANGES",
          "rwaccess": "readonly",
          "shortdesc": "Save changes.",
          "datatype": {
            "type": "int",
            "value": 1
          }
        },
        {
          "name": "DONOTSAVECHANGES",
          "rwaccess": "readonly",
          "shortdesc": "Do not save changes.",
          "datatype": {
            "type": "int",
            "value": 2
          }
        },
        {
          "name": "PROMPTTOSAVECHANGES",
          "rwaccess": "readonly",
          "shortdesc": "Ask the user whether to save.",
          "datatype": {
            "type": "int",
            "value": 3
          }
        }
      ]
    }
  ]
}