{
  "name": "Screen",
  "dynamic": true,
  "shortdesc": "Color separation screen.",
  "elements": [
    {
      "type": "class",
      "property": [
        {
          "name": "name",
          "shortdesc": "The color separation screen name.",
          "datatype": {
            "type": "String"
          }
        },
        {
          "name": "screenInfo",
          "shortdesc": "The color separation screen information.",
          "datatype": {
            "type": "ScreenInfo"
          }
        }
      ]
    }
  ]
}