{
  "name": "ScreenSpotFunction",
  "dynamic": true,
  "shortdesc": "Color separation screen spot function.",
  "elements": [
    {
      "type": "class",
      "property": [
        {
          "name": "name",
          "shortdesc": "The color separation screen spot function name.",
          "datatype": {
            "type": "String"
          }
        },
        {
          "name": "spotFunction",
          "shortdesc": "The spot function in terms of the PostScript commands.",
          "datatype": {
            "type": "String"
          }
        }
      ]
    }
  ]
}