{
  "name": "ScreenMode",
  "enumeration": true,
  "shortdesc": "The screen mode.",
  "elements": [
    {
      "type": "class",
      "property": [
        {
          "name": "MULTIWINDOW",
          "rwaccess": "readonly",
          "shortdesc": "Display multiple windows.",
          "datatype": {
            "type": "int",
            "value": 1
          }
        },
        {
          "name": "DESKTOP",
          "rwaccess": "readonly",
          "shortdesc": "Full screen with menu bar.",
          "datatype": {
            "type": "int",
            "value": 2
          }
        },
        {
          "name": "FULLSCREEN",
          "rwaccess": "readonly",
          "shortdesc": "Full screen without menu bar.",
          "datatype": {
            "type": "int",
            "value": 3
          }
        }
      ]
    }
  ]
}