{
  "name": "ScreenInfo",
  "dynamic": true,
  "shortdesc": "Screen information.",
  "elements": [
    {
      "type": "class",
      "property": [
        {
          "name": "defaultScreen",
          "shortdesc": "Is it the default screen?",
          "datatype": {
            "type": "Boolean"
          }
        },
        {
          "name": "frequency",
          "shortdesc": "The screen's frequency.",
          "datatype": {
            "type": "Number"
          }
        },
        {
          "name": "angle",
          "shortdesc": "The screen's angle (in degrees)",
          "datatype": {
            "type": "Number"
          }
        }
      ]
    }
  ]
}