{
  "name": "Spot",
  "dynamic": true,
  "shortdesc": "A custom color.",
  "elements": [
    {
      "type": "instance",
      "property": [
        {
          "name": "parent",
          "rwaccess": "readonly",
          "shortdesc": "The object's container.",
          "datatype": {
            "type": "Object"
          }
        },
        {
          "name": "typename",
          "rwaccess": "readonly",
          "shortdesc": "The class name of the object.",
          "datatype": {
            "type": "String"
          }
        },
        {
          "name": "name",
          "shortdesc": "The custom color's name.",
          "datatype": {
            "type": "String"
          }
        },
        {
          "name": "color",
          "datatype": {
            "type": "Color"
          }
        },
        {
          "name": "colorType",
          "shortdesc": "Type of the custom color.",
          "datatype": {
            "type": "ColorModel"
          }
        },
        {
          "name": "spotKind",
          "rwaccess": "readonly",
          "shortdesc": "Kind of the spot color (i.e. RGB, CMYK or LAB), it is the name of color kind contained in spot.",
          "datatype": {
            "type": "SpotColorKind"
          }
        }
      ],
      "method": [
        {
          "name": "remove",
          "shortdesc": "Deletes this object."
        },
        {
          "name": "removeAll",
          "shortdesc": "Deletes all elements."
        },
        {
          "name": "getInternalColor",
          "shortdesc": "Gets the internal color of a spot.",
          "datatype": {
            "type": "Number",
            "array": true
          }
        }
      ]
    }
  ]
}