{
  "name": "SpotColor",
  "dynamic": true,
  "superclass": "Color",
  "shortdesc": "Information about the spot color.",
  "elements": [
    {
      "type": "class",
      "property": [
        {
          "name": "tint",
          "shortdesc": "Percentage level of tint to be applied to the spot color.",
          "datatype": {
            "type": "Number",
            "min": 0,
            "max": 100,
            "value": 100
          }
        },
        {
          "name": "spot",
          "datatype": {
            "type": "Spot"
          }
        }
      ]
    }
  ]
}