{
  "name": "SpotColorKind",
  "enumeration": true,
  "shortdesc": "Custom color kind of the spot color.",
  "elements": [
    {
      "type": "class",
      "property": [
        {
          "name": "SPOTCMYK",
          "rwaccess": "readonly",
          "shortdesc": "Solid ink, expressed in four CMYK values.",
          "datatype": {
            "type": "int",
            "value": 0
          }
        },
        {
          "name": "SPOTRGB",
          "rwaccess": "readonly",
          "shortdesc": "Solid color, expressed as three RGB values.",
          "datatype": {
            "type": "int",
            "value": 1
          }
        },
        {
          "name": "SPOTLAB",
          "rwaccess": "readonly",
          "shortdesc": "Lab color. Only valid for spot colors.",
          "datatype": {
            "type": "int",
            "value": 2
          }
        }
      ]
    }
  ]
}