{
  "name": "Story",
  "dynamic": true,
  "shortdesc": "A contiguous block of text.",
  "elements": [
    {
      "type": "instance",
      "property": [
        {
          "name": "parent",
          "rwaccess": "readonly",
          "shortdesc": "The object's container.",
          "datatype": {
            "type": "Object"
          }
        },
        {
          "name": "typename",
          "rwaccess": "readonly",
          "shortdesc": "The class name of the object.",
          "datatype": {
            "type": "String"
          }
        },
        {
          "name": "textRange",
          "rwaccess": "readonly",
          "shortdesc": "The text range of the story.",
          "datatype": {
            "type": "TextRange"
          }
        },
        {
          "name": "textFrames",
          "rwaccess": "readonly",
          "shortdesc": "The text frame items in this story.",
          "datatype": {
            "type": "TextFrameItems"
          }
        },
        {
          "name": "textSelection",
          "rwaccess": "readonly",
          "shortdesc": "The selected text (ranges) in the story.",
          "datatype": {
            "type": "TextRange",
            "array": true
          }
        },
        {
          "name": "characters",
          "rwaccess": "readonly",
          "shortdesc": "All the characters in this text range.",
          "datatype": {
            "type": "Characters"
          }
        },
        {
          "name": "words",
          "rwaccess": "readonly",
          "shortdesc": "All the words in this text range.",
          "datatype": {
            "type": "Words"
          }
        },
        {
          "name": "lines",
          "rwaccess": "readonly",
          "shortdesc": "All the lines in this text range.",
          "datatype": {
            "type": "Lines"
          }
        },
        {
          "name": "paragraphs",
          "rwaccess": "readonly",
          "shortdesc": "All the paragraphs in this text range.",
          "datatype": {
            "type": "Paragraphs"
          }
        },
        {
          "name": "textRanges",
          "rwaccess": "readonly",
          "shortdesc": "All the text in this text range.",
          "datatype": {
            "type": "TextRanges"
          }
        },
        {
          "name": "insertionPoints",
          "rwaccess": "readonly",
          "shortdesc": "All the insertion points in this text range.",
          "datatype": {
            "type": "InsertionPoints"
          }
        },
        {
          "name": "length",
          "rwaccess": "readonly",
          "shortdesc": "The number of characters in the story.",
          "datatype": {
            "type": "Int32"
          }
        }
      ]
    }
  ]
}