{
  "name": "StrokeJoin",
  "enumeration": true,
  "shortdesc": "The stroke joint.",
  "elements": [
    {
      "type": "class",
      "property": [
        {
          "name": "MITERENDJOIN",
          "rwaccess": "readonly",
          "shortdesc": "Mitered joints.",
          "datatype": {
            "type": "int",
            "value": 1
          }
        },
        {
          "name": "ROUNDENDJOIN",
          "rwaccess": "readonly",
          "shortdesc": "Rounded joints.",
          "datatype": {
            "type": "int",
            "value": 2
          }
        },
        {
          "name": "BEVELENDJOIN",
          "rwaccess": "readonly",
          "shortdesc": "Beveled joints.",
          "datatype": {
            "type": "int",
            "value": 3
          }
        }
      ]
    }
  ]
}