{
  "name": "StrokeCap",
  "enumeration": true,
  "shortdesc": "The stroke cap.",
  "elements": [
    {
      "type": "class",
      "property": [
        {
          "name": "BUTTENDCAP",
          "rwaccess": "readonly",
          "shortdesc": "Butted cap.",
          "datatype": {
            "type": "int",
            "value": 1
          }
        },
        {
          "name": "ROUNDENDCAP",
          "rwaccess": "readonly",
          "shortdesc": "Rounded cap.",
          "datatype": {
            "type": "int",
            "value": 2
          }
        },
        {
          "name": "PROJECTINGENDCAP",
          "rwaccess": "readonly",
          "shortdesc": "Projecting cap.",
          "datatype": {
            "type": "int",
            "value": 3
          }
        }
      ]
    }
  ]
}