{
  "name": "StyleRunAlignmentType",
  "enumeration": true,
  "shortdesc": "The style run alignment.",
  "elements": [
    {
      "type": "class",
      "property": [
        {
          "name": "bottom",
          "rwaccess": "readonly",
          "datatype": {
            "type": "int",
            "value": 0
          }
        },
        {
          "name": "icfBottom",
          "rwaccess": "readonly",
          "datatype": {
            "type": "int",
            "value": 1
          }
        },
        {
          "name": "ROMANBASELINE",
          "rwaccess": "readonly",
          "datatype": {
            "type": "int",
            "value": 2
          }
        },
        {
          "name": "center",
          "rwaccess": "readonly",
          "datatype": {
            "type": "int",
            "value": 3
          }
        },
        {
          "name": "icfTop",
          "rwaccess": "readonly",
          "datatype": {
            "type": "int",
            "value": 4
          }
        },
        {
          "name": "top",
          "rwaccess": "readonly",
          "datatype": {
            "type": "int",
            "value": 5
          }
        }
      ]
    }
  ]
}