{
  "name": "SVGCSSPropertyLocation",
  "enumeration": true,
  "elements": [
    {
      "type": "class",
      "property": [
        {
          "name": "ENTITIES",
          "rwaccess": "readonly",
          "shortdesc": "Style attributes with entity reference.",
          "datatype": {
            "type": "int",
            "value": 2
          }
        },
        {
          "name": "STYLEATTRIBUTES",
          "rwaccess": "readonly",
          "datatype": {
            "type": "int",
            "value": 1
          }
        },
        {
          "name": "STYLEELEMENTS",
          "rwaccess": "readonly",
          "datatype": {
            "type": "int",
            "value": 3
          }
        },
        {
          "name": "PRESENTATIONATTRIBUTES",
          "rwaccess": "readonly",
          "datatype": {
            "type": "int",
            "value": 4
          }
        }
      ]
    }
  ]
}