{
  "name": "SVGDTDVersion",
  "enumeration": true,
  "shortdesc": "The version of the SVG DTD.",
  "elements": [
    {
      "type": "class",
      "property": [
        {
          "name": "SVG1_0",
          "rwaccess": "readonly",
          "shortdesc": "SVG 1.0.",
          "datatype": {
            "type": "int",
            "value": 1
          }
        },
        {
          "name": "SVG1_1",
          "rwaccess": "readonly",
          "shortdesc": "SVG 1.1.",
          "datatype": {
            "type": "int",
            "value": 2
          }
        },
        {
          "name": "SVGTINY1_1",
          "rwaccess": "readonly",
          "shortdesc": "SVG Tiny 1.1.",
          "datatype": {
            "type": "int",
            "value": 3
          }
        },
        {
          "name": "SVGTINY1_1PLUS",
          "rwaccess": "readonly",
          "shortdesc": "SVG Tiny 1.1 Plus.",
          "datatype": {
            "type": "int",
            "value": 4
          }
        },
        {
          "name": "SVGBASIC1_1",
          "rwaccess": "readonly",
          "shortdesc": "SVG Basic 1.1.",
          "datatype": {
            "type": "int",
            "value": 5
          }
        },
        {
          "name": "SVGTINY1_2",
          "rwaccess": "readonly",
          "shortdesc": "SVG Tiny 1.2.",
          "datatype": {
            "type": "int",
            "value": 6
          }
        }
      ]
    }
  ]
}