{
  "name": "SVGDocumentEncoding",
  "enumeration": true,
  "elements": [
    {
      "type": "class",
      "property": [
        {
          "name": "ASCII",
          "rwaccess": "readonly",
          "shortdesc": "ISO 8859-1.",
          "datatype": {
            "type": "int",
            "value": 1
          }
        },
        {
          "name": "UTF8",
          "rwaccess": "readonly",
          "datatype": {
            "type": "int",
            "value": 2
          }
        },
        {
          "name": "UTF16",
          "rwaccess": "readonly",
          "datatype": {
            "type": "int",
            "value": 3
          }
        }
      ]
    }
  ]
}