{
  "name": "SVGFontType",
  "enumeration": true,
  "shortdesc": "What font type to include with the file?",
  "elements": [
    {
      "type": "class",
      "property": [
        {
          "name": "CEFFONT",
          "rwaccess": "readonly",
          "shortdesc": "Adobe Compact Embedded Font (CEF)",
          "datatype": {
            "type": "int",
            "value": 1
          }
        },
        {
          "name": "SVGFONT",
          "rwaccess": "readonly",
          "datatype": {
            "type": "int",
            "value": 2
          }
        },
        {
          "name": "OUTLINEFONT",
          "rwaccess": "readonly",
          "datatype": {
            "type": "int",
            "value": 3
          }
        }
      ]
    }
  ]
}