{
  "name": "SVGFontSubsetting",
  "enumeration": true,
  "shortdesc": "What fonts to include with the file?",
  "elements": [
    {
      "type": "class",
      "property": [
        {
          "name": "None",
          "rwaccess": "readonly",
          "shortdesc": "Use system fonts.",
          "datatype": {
            "type": "int",
            "value": 1
          }
        },
        {
          "name": "GLYPHSUSED",
          "rwaccess": "readonly",
          "datatype": {
            "type": "int",
            "value": 2
          }
        },
        {
          "name": "COMMONENGLISH",
          "rwaccess": "readonly",
          "datatype": {
            "type": "int",
            "value": 3
          }
        },
        {
          "name": "GLYPHSUSEDPLUSENGLISH",
          "rwaccess": "readonly",
          "datatype": {
            "type": "int",
            "value": 4
          }
        },
        {
          "name": "COMMONROMAN",
          "rwaccess": "readonly",
          "datatype": {
            "type": "int",
            "value": 5
          }
        },
        {
          "name": "GLYPHSUSEDPLUSROMAN",
          "rwaccess": "readonly",
          "datatype": {
            "type": "int",
            "value": 6
          }
        },
        {
          "name": "ALLGLYPHS",
          "rwaccess": "readonly",
          "datatype": {
            "type": "int",
            "value": 7
          }
        }
      ]
    }
  ]
}