{
  "name": "Swatch",
  "dynamic": true,
  "shortdesc": "A color swatch.",
  "elements": [
    {
      "type": "instance",
      "property": [
        {
          "name": "parent",
          "rwaccess": "readonly",
          "shortdesc": "The object's container.",
          "datatype": {
            "type": "Object"
          }
        },
        {
          "name": "typename",
          "rwaccess": "readonly",
          "shortdesc": "The class name of the object.",
          "datatype": {
            "type": "String"
          }
        },
        {
          "name": "name",
          "shortdesc": "The swatch's name.",
          "datatype": {
            "type": "String"
          }
        },
        {
          "name": "color",
          "shortdesc": "The color information of the swatch.",
          "datatype": {
            "type": "Color"
          }
        }
      ],
      "method": [
        {
          "name": "remove",
          "shortdesc": "Deletes this object."
        },
        {
          "name": "removeAll",
          "shortdesc": "Deletes all elements."
        }
      ]
    }
  ]
}