{
  "name": "SwatchGroup",
  "dynamic": true,
  "shortdesc": "A Swatch group.",
  "elements": [
    {
      "type": "instance",
      "property": [
        {
          "name": "parent",
          "rwaccess": "readonly",
          "shortdesc": "The object's container.",
          "datatype": {
            "type": "Object"
          }
        },
        {
          "name": "typename",
          "rwaccess": "readonly",
          "shortdesc": "The class name of the object.",
          "datatype": {
            "type": "String"
          }
        },
        {
          "name": "name",
          "shortdesc": "Name of the swatch group.",
          "datatype": {
            "type": "String"
          }
        }
      ],
      "method": [
        {
          "name": "remove",
          "shortdesc": "Deletes this object."
        },
        {
          "name": "removeAll",
          "shortdesc": "Deletes all elements."
        },
        {
          "name": "addSwatch",
          "shortdesc": "Add a swatch to the group.",
          "parameters": [
            {
              "name": "swatch",
              "shortdesc": "The swatch to be added to the group.",
              "datatype": {
                "type": "Swatch"
              }
            }
          ]
        },
        {
          "name": "getAllSwatches",
          "shortdesc": "Get all swatches in the swatch group.",
          "datatype": {
            "type": "Swatch",
            "array": true
          }
        },
        {
          "name": "addSpot",
          "shortdesc": "Add a spot swatch to the group.",
          "parameters": [
            {
              "name": "spot",
              "shortdesc": "The spot swatch to be added to the group.",
              "datatype": {
                "type": "Spot"
              }
            }
          ]
        }
      ]
    }
  ]
}