{
  "name": "SymbolRegistrationPoint",
  "enumeration": true,
  "shortdesc": "The symbol registration point.",
  "elements": [
    {
      "type": "class",
      "property": [
        {
          "name": "SYMBOLTOPLEFTPOINT",
          "rwaccess": "readonly",
          "shortdesc": "Top left point of symbol bounding box.",
          "datatype": {
            "type": "int",
            "value": 1
          }
        },
        {
          "name": "SYMBOLTOPMIDDLEPOINT",
          "rwaccess": "readonly",
          "shortdesc": "Top middle point of symbol bounding box.",
          "datatype": {
            "type": "int",
            "value": 2
          }
        },
        {
          "name": "SYMBOLTOPRIGHTPOINT",
          "rwaccess": "readonly",
          "shortdesc": "Top right point of symbol bounding box.",
          "datatype": {
            "type": "int",
            "value": 3
          }
        },
        {
          "name": "SYMBOLMIDDLELEFTPOINT",
          "rwaccess": "readonly",
          "shortdesc": "Middle left point of symbol bounding box.",
          "datatype": {
            "type": "int",
            "value": 4
          }
        },
        {
          "name": "SYMBOLCENTERPOINT",
          "rwaccess": "readonly",
          "shortdesc": "Center point of symbol bounding box.",
          "datatype": {
            "type": "int",
            "value": 5
          }
        },
        {
          "name": "SYMBOLMIDDLERIGHTPOINT",
          "rwaccess": "readonly",
          "shortdesc": "Middle right point of symbol bounding box.",
          "datatype": {
            "type": "int",
            "value": 6
          }
        },
        {
          "name": "SYMBOLBOTTOMLEFTPOINT",
          "rwaccess": "readonly",
          "shortdesc": "Bottom left point of symbol bounding box.",
          "datatype": {
            "type": "int",
            "value": 7
          }
        },
        {
          "name": "SYMBOLBOTTOMMIDDLEPOINT",
          "rwaccess": "readonly",
          "shortdesc": "Bottom middle point of symbol bounding box.",
          "datatype": {
            "type": "int",
            "value": 8
          }
        },
        {
          "name": "SYMBOLBOTTOMRIGHTPOINT",
          "rwaccess": "readonly",
          "shortdesc": "Bottom right point of symbol bounding box.",
          "datatype": {
            "type": "int",
            "value": 9
          }
        }
      ]
    }
  ]
}