{
  "name": "Symbols",
  "dynamic": true,
  "shortdesc": "A collection of symbols.",
  "elements": [
    {
      "type": "class",
      "method": [
        {
          "name": "add",
          "shortdesc": "Create a symbol.",
          "parameters": [
            {
              "name": "sourceArt",
              "shortdesc": "The art item from which to make this symbol.",
              "datatype": {
                "type": "PageItem"
              }
            },
            {
              "name": "registrationPoint",
              "optional": true,
              "shortdesc": "The symbol registration point.",
              "datatype": {
                "type": "SymbolRegistrationPoint",
                "value": "SymbolRegistrationPoint.SYMBOLCENTERPOINT"
              }
            }
          ],
          "datatype": {
            "type": "Symbol"
          }
        }
      ]
    },
    {
      "type": "instance",
      "property": [
        {
          "name": "parent",
          "rwaccess": "readonly",
          "shortdesc": "The object's container.",
          "datatype": {
            "type": "Object"
          }
        },
        {
          "name": "typename",
          "rwaccess": "readonly",
          "shortdesc": "The class name of the object.",
          "datatype": {
            "type": "String"
          }
        },
        {
          "name": "length",
          "rwaccess": "readonly",
          "shortdesc": "Number of elements in the collection.",
          "datatype": {
            "type": "int"
          }
        }
      ],
      "method": [
        {
          "name": "removeAll",
          "shortdesc": "Deletes all elements."
        },
        {
          "name": "getByName",
          "shortdesc": "Get the first element in the collection with the provided name.",
          "parameters": [
            {
              "name": "name",
              "datatype": {
                "type": "String"
              }
            }
          ],
          "datatype": {
            "type": "Symbol"
          }
        }
      ]
    }
  ]
}