{
  "name": "TabStopInfo",
  "dynamic": true,
  "shortdesc": "Tab stop information &amp;&#35;40;returned by tab stops from a paragraph object&#41;",
  "elements": [
    {
      "type": "class",
      "property": [
        {
          "name": "alignment",
          "shortdesc": "The alignment of the tab stop.",
          "datatype": {
            "type": "TabStopAlignment",
            "value": "TabStopAlignment.Left"
          }
        },
        {
          "name": "decimalCharacter",
          "shortdesc": "The character used for decimal tab stops.",
          "datatype": {
            "type": "String",
            "value": "."
          }
        },
        {
          "name": "position",
          "shortdesc": "The position of the tab stop expressed in points.",
          "datatype": {
            "type": "Number",
            "value": 0
          }
        },
        {
          "name": "leader",
          "shortdesc": "The leader dot.",
          "datatype": {
            "type": "String"
          }
        }
      ]
    }
  ]
}