{
  "name": "TabStopAlignment",
  "enumeration": true,
  "shortdesc": "The tab alignment.",
  "elements": [
    {
      "type": "class",
      "property": [
        {
          "name": "Left",
          "rwaccess": "readonly",
          "datatype": {
            "type": "int",
            "value": 0
          }
        },
        {
          "name": "Center",
          "rwaccess": "readonly",
          "datatype": {
            "type": "int",
            "value": 1
          }
        },
        {
          "name": "Right",
          "rwaccess": "readonly",
          "datatype": {
            "type": "int",
            "value": 2
          }
        },
        {
          "name": "Decimal",
          "rwaccess": "readonly",
          "datatype": {
            "type": "int",
            "value": 3
          }
        }
      ]
    }
  ]
}