{
  "name": "Tag",
  "dynamic": true,
  "shortdesc": "A tag associated with a piece of artwork.",
  "elements": [
    {
      "type": "instance",
      "property": [
        {
          "name": "parent",
          "rwaccess": "readonly",
          "shortdesc": "The object's container.",
          "datatype": {
            "type": "Object"
          }
        },
        {
          "name": "typename",
          "rwaccess": "readonly",
          "shortdesc": "The class name of the object.",
          "datatype": {
            "type": "String"
          }
        },
        {
          "name": "name",
          "shortdesc": "The tag's name.",
          "datatype": {
            "type": "String"
          }
        },
        {
          "name": "value",
          "shortdesc": "The data stored in this tag.",
          "datatype": {
            "type": "String"
          }
        }
      ],
      "method": [
        {
          "name": "remove",
          "shortdesc": "Deletes this object."
        },
        {
          "name": "removeAll",
          "shortdesc": "Deletes all elements."
        }
      ]
    }
  ]
}