{
  "name": "TextFrameItem",
  "dynamic": true,
  "superclass": "PageItem",
  "shortdesc": "Text frame item.",
  "elements": [
    {
      "type": "instance",
      "property": [
        {
          "name": "parent",
          "rwaccess": "readonly",
          "shortdesc": "The object's container.",
          "datatype": {
            "type": "Object"
          }
        },
        {
          "name": "typename",
          "rwaccess": "readonly",
          "shortdesc": "The class name of the object.",
          "datatype": {
            "type": "String"
          }
        },
        {
          "name": "story",
          "rwaccess": "readonly",
          "shortdesc": "The story of the text frame.",
          "datatype": {
            "type": "Story"
          }
        },
        {
          "name": "contents",
          "shortdesc": "The text contents of this text frame.",
          "datatype": {
            "type": "String"
          }
        },
        {
          "name": "textRange",
          "rwaccess": "readonly",
          "shortdesc": "The text range of the text frame.",
          "datatype": {
            "type": "TextRange"
          }
        },
        {
          "name": "textSelection",
          "rwaccess": "readonly",
          "shortdesc": "The selected text (ranges) in the story.",
          "datatype": {
            "type": "TextRange",
            "array": true
          }
        },
        {
          "name": "rowCount",
          "shortdesc": "The row count in the text frame (area text only)",
          "datatype": {
            "type": "Int32"
          }
        },
        {
          "name": "columnCount",
          "shortdesc": "The column count in the text frame (area text only)",
          "datatype": {
            "type": "Int32"
          }
        },
        {
          "name": "rowGutter",
          "shortdesc": "The row gutter in the text frame (area text only)",
          "datatype": {
            "type": "Number"
          }
        },
        {
          "name": "columnGutter",
          "shortdesc": "The column gutter in the text frame (area text only)",
          "datatype": {
            "type": "Number"
          }
        },
        {
          "name": "flowLinksHorizontally",
          "shortdesc": "Flow text between linked frame horizontally first. (area text only)",
          "datatype": {
            "type": "Boolean"
          }
        },
        {
          "name": "spacing",
          "shortdesc": "The amount of spacing (path text only)",
          "datatype": {
            "type": "Number"
          }
        },
        {
          "name": "opticalAlignment",
          "shortdesc": "Is the optical alignment active?",
          "datatype": {
            "type": "Boolean"
          }
        },
        {
          "name": "kind",
          "rwaccess": "readonly",
          "shortdesc": "The type of a text frame item.",
          "datatype": {
            "type": "TextType"
          }
        },
        {
          "name": "contentVariable",
          "shortdesc": "The content variable bound to this text art item.",
          "datatype": {
            "type": "any"
          }
        },
        {
          "name": "orientation",
          "shortdesc": "The orientation of the text in the frame.",
          "datatype": {
            "type": "TextOrientation"
          }
        },
        {
          "name": "textPath",
          "rwaccess": "readonly",
          "shortdesc": "The path for the text frame (area and path text)",
          "datatype": {
            "type": "TextPath"
          }
        },
        {
          "name": "anchor",
          "shortdesc": "The position of the anchor point (start of base line for point text)",
          "datatype": {
            "type": "Point"
          }
        },
        {
          "name": "startTValue",
          "shortdesc": "The start position of text along a path, as a value relative to the path's segments (path text only)",
          "datatype": {
            "type": "Number"
          }
        },
        {
          "name": "endTValue",
          "shortdesc": "The end position of text along a path, as a value relative to the path's segments (path text only)",
          "datatype": {
            "type": "Number"
          }
        },
        {
          "name": "previousFrame",
          "shortdesc": "The linked text frame preceding this one.",
          "datatype": {
            "type": "TextFrameItem"
          }
        },
        {
          "name": "nextFrame",
          "shortdesc": "The linked text frame following this one.",
          "datatype": {
            "type": "TextFrameItem"
          }
        },
        {
          "name": "matrix",
          "rwaccess": "readonly",
          "shortdesc": "The transformation matrix of the text frame object.",
          "datatype": {
            "type": "Matrix"
          }
        },
        {
          "name": "antialias",
          "shortdesc": "The type of a text anti-aliasing on text frame item.",
          "datatype": {
            "type": "TextAntialias"
          }
        },
        {
          "name": "firstBaseline",
          "shortdesc": "The first baseline offset type for text frame item (for Area Text only)",
          "datatype": {
            "type": "FirstBaselineType"
          }
        },
        {
          "name": "firstBaselineMin",
          "shortdesc": "The first baseline offset minimum value for text frame item (for Area Text only)",
          "datatype": {
            "type": "Number"
          }
        },
        {
          "name": "characters",
          "rwaccess": "readonly",
          "shortdesc": "All the characters in this text range.",
          "datatype": {
            "type": "Characters"
          }
        },
        {
          "name": "words",
          "rwaccess": "readonly",
          "shortdesc": "All the words in this text range.",
          "datatype": {
            "type": "Words"
          }
        },
        {
          "name": "lines",
          "rwaccess": "readonly",
          "shortdesc": "All the lines in this text range.",
          "datatype": {
            "type": "Lines"
          }
        },
        {
          "name": "paragraphs",
          "rwaccess": "readonly",
          "shortdesc": "All the paragraphs in this text range.",
          "datatype": {
            "type": "Paragraphs"
          }
        },
        {
          "name": "textRanges",
          "rwaccess": "readonly",
          "shortdesc": "All the text in this text range.",
          "datatype": {
            "type": "TextRanges"
          }
        },
        {
          "name": "insertionPoints",
          "rwaccess": "readonly",
          "shortdesc": "All the insertion points in this text range.",
          "datatype": {
            "type": "InsertionPoints"
          }
        }
      ],
      "method": [
        {
          "name": "move",
          "shortdesc": "Move the object.",
          "parameters": [
            {
              "name": "relativeObject",
              "datatype": {
                "type": "Object"
              }
            },
            {
              "name": "insertionLocation",
              "datatype": {
                "type": "ElementPlacement"
              }
            }
          ],
          "datatype": {
            "type": "TextFrameItem"
          }
        },
        {
          "name": "duplicate",
          "shortdesc": "Duplicate this object.",
          "parameters": [
            {
              "name": "relativeObject",
              "datatype": {
                "type": "Object"
              }
            },
            {
              "name": "insertionLocation",
              "datatype": {
                "type": "ElementPlacement"
              }
            }
          ],
          "datatype": {
            "type": "TextFrameItem"
          }
        },
        {
          "name": "remove",
          "shortdesc": "Deletes this object."
        },
        {
          "name": "removeAll",
          "shortdesc": "Deletes all elements."
        },
        {
          "name": "createOutline",
          "shortdesc": "Convert text item to path items.",
          "datatype": {
            "type": "GroupItem"
          }
        },
        {
          "name": "convertAreaObjectToPointObject",
          "shortdesc": "Convert Area Type Text Object To Point Type Object.",
          "datatype": {
            "type": "TextFrameItem"
          }
        },
        {
          "name": "convertPointObjectToAreaObject",
          "shortdesc": "Convert Point Type Text Object To Area Type Object.",
          "datatype": {
            "type": "TextFrameItem"
          }
        }
      ]
    }
  ]
}