{
  "name": "TextPreservePolicy",
  "enumeration": true,
  "shortdesc": "Text preserve policy used by FXG file format.",
  "elements": [
    {
      "type": "class",
      "property": [
        {
          "name": "OUTLINETEXT",
          "rwaccess": "readonly",
          "shortdesc": "Preserve the appearance of text by outlining it.",
          "datatype": {
            "type": "int",
            "value": 1
          }
        },
        {
          "name": "RASTERIZETEXT",
          "rwaccess": "readonly",
          "shortdesc": "Preserve the appearance of text by rasterizing it.",
          "datatype": {
            "type": "int",
            "value": 2
          }
        },
        {
          "name": "KEEPTEXTEDITABLE",
          "rwaccess": "readonly",
          "shortdesc": "Preserve the editability of text.",
          "datatype": {
            "type": "int",
            "value": 3
          }
        },
        {
          "name": "AUTOMATICALLYCONVERTTEXT",
          "rwaccess": "readonly",
          "shortdesc": "Automatically convert text.",
          "datatype": {
            "type": "int",
            "value": 4
          }
        }
      ]
    }
  ]
}