{
  "name": "TextOrientation",
  "enumeration": true,
  "shortdesc": "The orientation.",
  "elements": [
    {
      "type": "class",
      "property": [
        {
          "name": "HORIZONTAL",
          "rwaccess": "readonly",
          "shortdesc": "Horizontal orientation.",
          "datatype": {
            "type": "int",
            "value": 0
          }
        },
        {
          "name": "VERTICAL",
          "rwaccess": "readonly",
          "shortdesc": "Vertical orientation.",
          "datatype": {
            "type": "int",
            "value": 1
          }
        }
      ]
    }
  ]
}