{
  "name": "TextPath",
  "dynamic": true,
  "shortdesc": "A text path item.",
  "elements": [
    {
      "type": "instance",
      "property": [
        {
          "name": "parent",
          "rwaccess": "readonly",
          "shortdesc": "The object's container.",
          "datatype": {
            "type": "Object"
          }
        },
        {
          "name": "typename",
          "rwaccess": "readonly",
          "shortdesc": "The class name of the object.",
          "datatype": {
            "type": "String"
          }
        },
        {
          "name": "position",
          "shortdesc": "The position of the top left corner of the text path.",
          "datatype": {
            "type": "Point"
          }
        },
        {
          "name": "width",
          "shortdesc": "The width of the text path.",
          "datatype": {
            "type": "Number",
            "min": 0,
            "max": 16348
          }
        },
        {
          "name": "height",
          "shortdesc": "The height of the text path.",
          "datatype": {
            "type": "Number",
            "min": 0,
            "max": 16348
          }
        },
        {
          "name": "blendingMode",
          "shortdesc": "The mode used when compositing an object.",
          "datatype": {
            "type": "BlendModes"
          }
        },
        {
          "name": "opacity",
          "shortdesc": "The object's opacity (between 0.0 and 100.0)",
          "datatype": {
            "type": "Number",
            "min": 0,
            "max": 100
          }
        },
        {
          "name": "editable",
          "rwaccess": "readonly",
          "shortdesc": "Can the text path be modified.",
          "datatype": {
            "type": "Boolean"
          }
        },
        {
          "name": "top",
          "shortdesc": "The top position of the text path.",
          "datatype": {
            "type": "Number"
          }
        },
        {
          "name": "left",
          "shortdesc": "The left position of the text path.",
          "datatype": {
            "type": "Number"
          }
        },
        {
          "name": "closed",
          "shortdesc": "Is this path closed?",
          "datatype": {
            "type": "Boolean"
          }
        },
        {
          "name": "area",
          "rwaccess": "readonly",
          "shortdesc": "The area of this path in square points.",
          "datatype": {
            "type": "Number"
          }
        },
        {
          "name": "guides",
          "shortdesc": "Is this path a guide object?",
          "datatype": {
            "type": "Boolean"
          }
        },
        {
          "name": "filled",
          "shortdesc": "Should the path be filled?",
          "datatype": {
            "type": "Boolean"
          }
        },
        {
          "name": "fillColor",
          "shortdesc": "Fill color.",
          "datatype": {
            "type": "Color"
          }
        },
        {
          "name": "fillOverprint",
          "shortdesc": "Will art beneath a filled object be overprinted?",
          "datatype": {
            "type": "Boolean"
          }
        },
        {
          "name": "stroked",
          "shortdesc": "Should the path be stroked?",
          "datatype": {
            "type": "Boolean"
          }
        },
        {
          "name": "strokeColor",
          "shortdesc": "Stroke color.",
          "datatype": {
            "type": "Color"
          }
        },
        {
          "name": "strokeOverprint",
          "shortdesc": "Will art beneath a stroked object be overprinted?",
          "datatype": {
            "type": "Boolean"
          }
        },
        {
          "name": "strokeWidth",
          "shortdesc": "Width of stroke.",
          "datatype": {
            "type": "Number"
          }
        },
        {
          "name": "strokeDashes",
          "shortdesc": "Dash lengths (set to {} for a solid line)",
          "datatype": {
            "type": "Number",
            "array": true
          }
        },
        {
          "name": "strokeDashOffset",
          "shortdesc": "The default distance into the dash pattern at which the pattern should be started.",
          "datatype": {
            "type": "Number"
          }
        },
        {
          "name": "strokeCap",
          "shortdesc": "Type of line capping.",
          "datatype": {
            "type": "StrokeCap"
          }
        },
        {
          "name": "strokeJoin",
          "shortdesc": "Type of joints.",
          "datatype": {
            "type": "StrokeJoin"
          }
        },
        {
          "name": "strokeMiterLimit",
          "shortdesc": "Whether a join is mitered (pointed) or beveled (squared-off)",
          "datatype": {
            "type": "Number"
          }
        },
        {
          "name": "clipping",
          "shortdesc": "Should this be used as a clipping path?",
          "datatype": {
            "type": "Boolean"
          }
        },
        {
          "name": "evenodd",
          "shortdesc": "Should the even-odd rule be used to determine insideness?",
          "datatype": {
            "type": "Boolean"
          }
        },
        {
          "name": "resolution",
          "shortdesc": "The resolution of the path.",
          "datatype": {
            "type": "Number"
          }
        },
        {
          "name": "note",
          "shortdesc": "Note assigned to the path.",
          "datatype": {
            "type": "String"
          }
        },
        {
          "name": "selectedPathPoints",
          "rwaccess": "readonly",
          "shortdesc": "All the selected points in the path.",
          "datatype": {
            "type": "ObjectArray"
          }
        },
        {
          "name": "polarity",
          "shortdesc": "The polarity the path.",
          "datatype": {
            "type": "PolarityValues"
          }
        },
        {
          "name": "pathPoints",
          "rwaccess": "readonly",
          "datatype": {
            "type": "PathPoints"
          }
        }
      ],
      "method": [
        {
          "name": "setEntirePath",
          "shortdesc": "Set the path using the provided array of anchor points.",
          "parameters": [
            {
              "name": "pathPoints",
              "shortdesc": "Array of anchor values for the path points.",
              "datatype": {
                "type": "any",
                "array": true
              }
            }
          ]
        }
      ]
    }
  ]
}