{
  "name": "TextAntialias",
  "enumeration": true,
  "shortdesc": "The type of text antialiasing.",
  "elements": [
    {
      "type": "class",
      "property": [
        {
          "name": "NONE",
          "rwaccess": "readonly",
          "shortdesc": "Text from a point.",
          "datatype": {
            "type": "int",
            "value": 1
          }
        },
        {
          "name": "SHARP",
          "rwaccess": "readonly",
          "shortdesc": "Text within an area.",
          "datatype": {
            "type": "int",
            "value": 2
          }
        },
        {
          "name": "CRISP",
          "rwaccess": "readonly",
          "shortdesc": "Text on a path.",
          "datatype": {
            "type": "int",
            "value": 3
          }
        },
        {
          "name": "STRONG",
          "rwaccess": "readonly",
          "shortdesc": "Text on a path.",
          "datatype": {
            "type": "int",
            "value": 4
          }
        }
      ]
    }
  ]
}