{
  "name": "TextFont",
  "dynamic": true,
  "shortdesc": "An installed font.",
  "elements": [
    {
      "type": "instance",
      "property": [
        {
          "name": "parent",
          "rwaccess": "readonly",
          "shortdesc": "The object's container.",
          "datatype": {
            "type": "Object"
          }
        },
        {
          "name": "typename",
          "rwaccess": "readonly",
          "shortdesc": "The class name of the object.",
          "datatype": {
            "type": "String"
          }
        },
        {
          "name": "name",
          "rwaccess": "readonly",
          "shortdesc": "The font's full name.",
          "datatype": {
            "type": "String"
          }
        },
        {
          "name": "family",
          "rwaccess": "readonly",
          "shortdesc": "The font's family name.",
          "datatype": {
            "type": "String"
          }
        },
        {
          "name": "style",
          "rwaccess": "readonly",
          "shortdesc": "The font's style name.",
          "datatype": {
            "type": "String"
          }
        }
      ]
    }
  ]
}