{
  "name": "TextType",
  "enumeration": true,
  "shortdesc": "The type of text art.",
  "elements": [
    {
      "type": "class",
      "property": [
        {
          "name": "POINTTEXT",
          "rwaccess": "readonly",
          "shortdesc": "Text from a point.",
          "datatype": {
            "type": "int",
            "value": 0
          }
        },
        {
          "name": "AREATEXT",
          "rwaccess": "readonly",
          "shortdesc": "Text within an area.",
          "datatype": {
            "type": "int",
            "value": 1
          }
        },
        {
          "name": "PATHTEXT",
          "rwaccess": "readonly",
          "shortdesc": "Text on a path.",
          "datatype": {
            "type": "int",
            "value": 2
          }
        }
      ]
    }
  ]
}