{
  "name": "TIFFByteOrder",
  "enumeration": true,
  "shortdesc": "Byte Order of TIFF file.",
  "elements": [
    {
      "type": "class",
      "property": [
        {
          "name": "IBMPC",
          "rwaccess": "readonly",
          "datatype": {
            "type": "int",
            "value": 0
          }
        },
        {
          "name": "MACINTOSH",
          "rwaccess": "readonly",
          "datatype": {
            "type": "int",
            "value": 1
          }
        }
      ]
    }
  ]
}