{
  "name": "TracingMethodType",
  "enumeration": true,
  "shortdesc": "The tracing method: abutting and overlapping.",
  "elements": [
    {
      "type": "class",
      "property": [
        {
          "name": "TRACINGMETHODABUTTING",
          "rwaccess": "readonly",
          "shortdesc": "Tracing abutting method.",
          "datatype": {
            "type": "int",
            "value": 0
          }
        },
        {
          "name": "TRACINGMETHODOVERLAPPING",
          "rwaccess": "readonly",
          "shortdesc": "Tracing overlapping method.",
          "datatype": {
            "type": "int",
            "value": 1
          }
        }
      ]
    }
  ]
}