{
  "name": "TracingColorType",
  "enumeration": true,
  "shortdesc": "The input color type Full Color or Limited colors.",
  "elements": [
    {
      "type": "class",
      "property": [
        {
          "name": "TRACINGLIMITEDCOLOR",
          "rwaccess": "readonly",
          "shortdesc": "Use Limited colors for Tracing.",
          "datatype": {
            "type": "int",
            "value": 0
          }
        },
        {
          "name": "TRACINGFULLCOLOR",
          "rwaccess": "readonly",
          "shortdesc": "Use Full colors for Tracing.",
          "datatype": {
            "type": "int",
            "value": 1
          }
        }
      ]
    }
  ]
}