{
  "name": "TracingModeType",
  "enumeration": true,
  "shortdesc": "The tracing mode: color, grayscale, black and white.",
  "elements": [
    {
      "type": "class",
      "property": [
        {
          "name": "TRACINGMODECOLOR",
          "rwaccess": "readonly",
          "shortdesc": "Color tracing mode.",
          "datatype": {
            "type": "int",
            "value": 0
          }
        },
        {
          "name": "TRACINGMODEGRAY",
          "rwaccess": "readonly",
          "shortdesc": "Grayscale tracing mode.",
          "datatype": {
            "type": "int",
            "value": 1
          }
        },
        {
          "name": "TRACINGMODEBLACKANDWHITE",
          "rwaccess": "readonly",
          "shortdesc": "Black and white tracing mode.",
          "datatype": {
            "type": "int",
            "value": 2
          }
        }
      ]
    }
  ]
}