{
  "name": "Transformation",
  "enumeration": true,
  "shortdesc": "The transformation type.",
  "elements": [
    {
      "type": "class",
      "property": [
        {
          "name": "DOCUMENTORIGIN",
          "rwaccess": "readonly",
          "shortdesc": "Transform relative to the illustration's page origin.",
          "datatype": {
            "type": "int",
            "value": 1
          }
        },
        {
          "name": "TOPLEFT",
          "rwaccess": "readonly",
          "shortdesc": "Transform relative to the object's top left corner.",
          "datatype": {
            "type": "int",
            "value": 2
          }
        },
        {
          "name": "LEFT",
          "rwaccess": "readonly",
          "shortdesc": "Transform relative to the object's left edge.",
          "datatype": {
            "type": "int",
            "value": 3
          }
        },
        {
          "name": "BOTTOMLEFT",
          "rwaccess": "readonly",
          "shortdesc": "Transform relative to the object's bottom left corner.",
          "datatype": {
            "type": "int",
            "value": 4
          }
        },
        {
          "name": "TOP",
          "rwaccess": "readonly",
          "shortdesc": "Transform relative to the object's top edge.",
          "datatype": {
            "type": "int",
            "value": 5
          }
        },
        {
          "name": "CENTER",
          "rwaccess": "readonly",
          "shortdesc": "Transform relative to the object's center.",
          "datatype": {
            "type": "int",
            "value": 6
          }
        },
        {
          "name": "BOTTOM",
          "rwaccess": "readonly",
          "shortdesc": "Transform relative to the object's bottom edge.",
          "datatype": {
            "type": "int",
            "value": 7
          }
        },
        {
          "name": "TOPRIGHT",
          "rwaccess": "readonly",
          "shortdesc": "Transform relative to the object's top right corner.",
          "datatype": {
            "type": "int",
            "value": 8
          }
        },
        {
          "name": "RIGHT",
          "rwaccess": "readonly",
          "shortdesc": "Transform relative to the object's right edge.",
          "datatype": {
            "type": "int",
            "value": 9
          }
        },
        {
          "name": "BOTTOMRIGHT",
          "rwaccess": "readonly",
          "shortdesc": "Transform relative to the object's bottom right corner.",
          "datatype": {
            "type": "int",
            "value": 10
          }
        }
      ]
    }
  ]
}