{
  "name": "TrappingType",
  "enumeration": true,
  "shortdesc": "The trapping type.",
  "elements": [
    {
      "type": "class",
      "property": [
        {
          "name": "NORMALTRAPPING",
          "rwaccess": "readonly",
          "shortdesc": "Normal trapping type.",
          "datatype": {
            "type": "int",
            "value": 0
          }
        },
        {
          "name": "TRANSPARENT",
          "rwaccess": "readonly",
          "shortdesc": "Transparent trapping type.",
          "datatype": {
            "type": "int",
            "value": 1
          }
        },
        {
          "name": "OPAQUE",
          "rwaccess": "readonly",
          "shortdesc": "Opaque trapping type.",
          "datatype": {
            "type": "int",
            "value": 2
          }
        },
        {
          "name": "IGNOREOPAQUE",
          "rwaccess": "readonly",
          "shortdesc": "Ignore opaque trapping type.",
          "datatype": {
            "type": "int",
            "value": 3
          }
        }
      ]
    }
  ]
}