{
  "name": "UserInteractionLevel",
  "enumeration": true,
  "shortdesc": "COM user interaction enumeration.",
  "elements": [
    {
      "type": "class",
      "property": [
        {
          "name": "DONTDISPLAYALERTS",
          "rwaccess": "readonly",
          "datatype": {
            "type": "int",
            "value": -1
          }
        },
        {
          "name": "DISPLAYALERTS",
          "rwaccess": "readonly",
          "datatype": {
            "type": "int",
            "value": 2
          }
        }
      ]
    }
  ]
}