{
  "name": "Variable",
  "dynamic": true,
  "shortdesc": "Dynamic object used to create data-driven graphics.",
  "elements": [
    {
      "type": "instance",
      "property": [
        {
          "name": "parent",
          "rwaccess": "readonly",
          "shortdesc": "The object's container.",
          "datatype": {
            "type": "Object"
          }
        },
        {
          "name": "typename",
          "rwaccess": "readonly",
          "shortdesc": "The class name of the object.",
          "datatype": {
            "type": "String"
          }
        },
        {
          "name": "kind",
          "shortdesc": "The variable's type.",
          "datatype": {
            "type": "VariableKind"
          }
        },
        {
          "name": "name",
          "shortdesc": "The name of this variable.",
          "datatype": {
            "type": "String"
          }
        },
        {
          "name": "pageItems",
          "rwaccess": "readonly",
          "shortdesc": "All the artwork in this document.",
          "datatype": {
            "type": "PageItems"
          }
        }
      ],
      "method": [
        {
          "name": "remove",
          "shortdesc": "Deletes this object."
        },
        {
          "name": "removeAll",
          "shortdesc": "Deletes all elements."
        }
      ]
    }
  ]
}