{
  "name": "VariableKind",
  "enumeration": true,
  "elements": [
    {
      "type": "class",
      "property": [
        {
          "name": "Unknown",
          "rwaccess": "readonly",
          "datatype": {
            "type": "int",
            "value": 1
          }
        },
        {
          "name": "VISIBILITY",
          "rwaccess": "readonly",
          "datatype": {
            "type": "int",
            "value": 2
          }
        },
        {
          "name": "TEXTUAL",
          "rwaccess": "readonly",
          "datatype": {
            "type": "int",
            "value": 3
          }
        },
        {
          "name": "IMAGE",
          "rwaccess": "readonly",
          "datatype": {
            "type": "int",
            "value": 4
          }
        },
        {
          "name": "GRAPH",
          "rwaccess": "readonly",
          "datatype": {
            "type": "int",
            "value": 5
          }
        }
      ]
    }
  ]
}