{
  "name": "View",
  "dynamic": true,
  "shortdesc": "A view.",
  "elements": [
    {
      "type": "instance",
      "property": [
        {
          "name": "parent",
          "rwaccess": "readonly",
          "shortdesc": "The object's container.",
          "datatype": {
            "type": "Object"
          }
        },
        {
          "name": "typename",
          "rwaccess": "readonly",
          "shortdesc": "The class name of the object.",
          "datatype": {
            "type": "String"
          }
        },
        {
          "name": "bounds",
          "rwaccess": "readonly",
          "shortdesc": "The bounding rectangle of this view.",
          "datatype": {
            "type": "Rectangle"
          }
        },
        {
          "name": "centerPoint",
          "shortdesc": "The center point of this view.",
          "datatype": {
            "type": "Point"
          }
        },
        {
          "name": "zoom",
          "shortdesc": "The zoom factor of this view.",
          "datatype": {
            "type": "Number"
          }
        },
        {
          "name": "screenMode",
          "shortdesc": "The mode of display.",
          "datatype": {
            "type": "ScreenMode"
          }
        }
      ]
    }
  ]
}