{
  "name": "ViewType",
  "enumeration": true,
  "shortdesc": "Controls the type of vector view.",
  "elements": [
    {
      "type": "class",
      "property": [
        {
          "name": "TRACINGVIEWVECTORTRACINGRESULT",
          "rwaccess": "readonly",
          "shortdesc": "View artwork.",
          "datatype": {
            "type": "int",
            "value": 0
          }
        },
        {
          "name": "TRACINGVIEWVECTOROUTLINESWITHTRACING",
          "rwaccess": "readonly",
          "shortdesc": "View paths and transparent fills.",
          "datatype": {
            "type": "int",
            "value": 1
          }
        },
        {
          "name": "TRACINGVIEWVECTOROUTLINES",
          "rwaccess": "readonly",
          "shortdesc": "View just the paths.",
          "datatype": {
            "type": "int",
            "value": 2
          }
        },
        {
          "name": "TRACINGVIEWVECTORWITHTRANSPARENTIMAGE",
          "rwaccess": "readonly",
          "shortdesc": "View Outlines with Transparent Image.",
          "datatype": {
            "type": "int",
            "value": 3
          }
        },
        {
          "name": "TRACINGVIEWIMAGE",
          "rwaccess": "readonly",
          "shortdesc": "View Source Image.",
          "datatype": {
            "type": "int",
            "value": 4
          }
        }
      ]
    }
  ]
}