{
  "name": "WariChuJustificationType",
  "enumeration": true,
  "shortdesc": "The Wari-Chu alignment type.",
  "elements": [
    {
      "type": "class",
      "property": [
        {
          "name": "Left",
          "rwaccess": "readonly",
          "datatype": {
            "type": "int",
            "value": 0
          }
        },
        {
          "name": "Right",
          "rwaccess": "readonly",
          "datatype": {
            "type": "int",
            "value": 1
          }
        },
        {
          "name": "Center",
          "rwaccess": "readonly",
          "datatype": {
            "type": "int",
            "value": 2
          }
        },
        {
          "name": "WARICHUFULLJUSTIFYLASTLINELEFT",
          "rwaccess": "readonly",
          "datatype": {
            "type": "int",
            "value": 3
          }
        },
        {
          "name": "WARICHUFULLJUSTIFYLASTLINERIGHT",
          "rwaccess": "readonly",
          "datatype": {
            "type": "int",
            "value": 4
          }
        },
        {
          "name": "WARICHUFULLJUSTIFYLASTLINECENTER",
          "rwaccess": "readonly",
          "datatype": {
            "type": "int",
            "value": 5
          }
        },
        {
          "name": "WARICHUFULLJUSTIFY",
          "rwaccess": "readonly",
          "datatype": {
            "type": "int",
            "value": 6
          }
        },
        {
          "name": "WARICHUAUTOJUSTIFY",
          "rwaccess": "readonly",
          "datatype": {
            "type": "int",
            "value": 7
          }
        }
      ]
    }
  ]
}