{
  "name": "ZOrderMethod",
  "enumeration": true,
  "shortdesc": "How to re-arrange the art item.",
  "elements": [
    {
      "type": "class",
      "property": [
        {
          "name": "BRINGTOFRONT",
          "rwaccess": "readonly",
          "shortdesc": "Move art to front of it's group or layer.",
          "datatype": {
            "type": "int",
            "value": 1
          }
        },
        {
          "name": "BRINGFORWARD",
          "rwaccess": "readonly",
          "shortdesc": "Move art one step forward in it's group or layer.",
          "datatype": {
            "type": "int",
            "value": 2
          }
        },
        {
          "name": "SENDBACKWARD",
          "rwaccess": "readonly",
          "shortdesc": "Move art one step backwards in it's group or layer.",
          "datatype": {
            "type": "int",
            "value": 3
          }
        },
        {
          "name": "SENDTOBACK",
          "rwaccess": "readonly",
          "shortdesc": "Move art to back of it's group or layer.",
          "datatype": {
            "type": "int",
            "value": 4
          }
        }
      ]
    }
  ]
}