[
  {
    "navtitle": "Suite that applies to all applications",
    "$t": 0,
    "topicref": [
      {
        "navtitle": "Application",
        "href": "#/Application"
      },
      {
        "navtitle": "Document",
        "href": "#/Document"
      }
    ]
  },
  {
    "navtitle": "Scripting commands and classes for Adobe Illustrator",
    "$t": 0,
    "topicref": [
      {
        "navtitle": "ScreenMode",
        "href": "#/ScreenMode"
      },
      {
        "navtitle": "DocumentColorSpace",
        "href": "#/DocumentColorSpace"
      },
      {
        "navtitle": "DocumentPresetType",
        "href": "#/DocumentPresetType"
      },
      {
        "navtitle": "DocumentRasterResolution",
        "href": "#/DocumentRasterResolution"
      },
      {
        "navtitle": "DocumentTransparencyGrid",
        "href": "#/DocumentTransparencyGrid"
      },
      {
        "navtitle": "DocumentPreviewMode",
        "href": "#/DocumentPreviewMode"
      },
      {
        "navtitle": "DocumentArtboardLayout",
        "href": "#/DocumentArtboardLayout"
      },
      {
        "navtitle": "ImageColorSpace",
        "href": "#/ImageColorSpace"
      },
      {
        "navtitle": "StrokeCap",
        "href": "#/StrokeCap"
      },
      {
        "navtitle": "StrokeJoin",
        "href": "#/StrokeJoin"
      },
      {
        "navtitle": "PathPointSelection",
        "href": "#/PathPointSelection"
      },
      {
        "navtitle": "PointType",
        "href": "#/PointType"
      },
      {
        "navtitle": "TextType",
        "href": "#/TextType"
      },
      {
        "navtitle": "TextAntialias",
        "href": "#/TextAntialias"
      },
      {
        "navtitle": "GradientType",
        "href": "#/GradientType"
      },
      {
        "navtitle": "TextOrientation",
        "href": "#/TextOrientation"
      },
      {
        "navtitle": "CropOptions",
        "href": "#/CropOptions"
      },
      {
        "navtitle": "RasterLinkState",
        "href": "#/RasterLinkState"
      },
      {
        "navtitle": "TabStopAlignment",
        "href": "#/TabStopAlignment"
      },
      {
        "navtitle": "Justification",
        "href": "#/Justification"
      },
      {
        "navtitle": "Transformation",
        "href": "#/Transformation"
      },
      {
        "navtitle": "Compatibility",
        "href": "#/Compatibility"
      },
      {
        "navtitle": "PDFXStandard",
        "href": "#/PDFXStandard"
      },
      {
        "navtitle": "PDFCompatibility",
        "href": "#/PDFCompatibility"
      },
      {
        "navtitle": "PhotoshopCompatibility",
        "href": "#/PhotoshopCompatibility"
      },
      {
        "navtitle": "CompressionQuality",
        "href": "#/CompressionQuality"
      },
      {
        "navtitle": "ColorConversion",
        "href": "#/ColorConversion"
      },
      {
        "navtitle": "ColorDestination",
        "href": "#/ColorDestination"
      },
      {
        "navtitle": "ColorProfile",
        "href": "#/ColorProfile"
      },
      {
        "navtitle": "MonochromeCompression",
        "href": "#/MonochromeCompression"
      },
      {
        "navtitle": "PDFTrimMarkWeight",
        "href": "#/PDFTrimMarkWeight"
      },
      {
        "navtitle": "PDFOverprint",
        "href": "#/PDFOverprint"
      },
      {
        "navtitle": "PDFPrintAllowedEnum",
        "href": "#/PDFPrintAllowedEnum"
      },
      {
        "navtitle": "PDFChangesAllowedEnum",
        "href": "#/PDFChangesAllowedEnum"
      },
      {
        "navtitle": "DownsampleMethod",
        "href": "#/DownsampleMethod"
      },
      {
        "navtitle": "EPSPreview",
        "href": "#/EPSPreview"
      },
      {
        "navtitle": "EPSPostScriptLevelEnum",
        "href": "#/EPSPostScriptLevelEnum"
      },
      {
        "navtitle": "PrinterPostScriptLevelEnum",
        "href": "#/PrinterPostScriptLevelEnum"
      },
      {
        "navtitle": "SaveOptions",
        "href": "#/SaveOptions"
      },
      {
        "navtitle": "RulerUnits",
        "href": "#/RulerUnits"
      },
      {
        "navtitle": "BlendModes",
        "href": "#/BlendModes"
      },
      {
        "navtitle": "KnockoutState",
        "href": "#/KnockoutState"
      },
      {
        "navtitle": "ZOrderMethod",
        "href": "#/ZOrderMethod"
      },
      {
        "navtitle": "SVGDTDVersion",
        "href": "#/SVGDTDVersion"
      },
      {
        "navtitle": "SVGFontType",
        "href": "#/SVGFontType"
      },
      {
        "navtitle": "SVGFontSubsetting",
        "href": "#/SVGFontSubsetting"
      },
      {
        "navtitle": "SVGDocumentEncoding",
        "href": "#/SVGDocumentEncoding"
      },
      {
        "navtitle": "SVGCSSPropertyLocation",
        "href": "#/SVGCSSPropertyLocation"
      },
      {
        "navtitle": "OutputFlattening",
        "href": "#/OutputFlattening"
      },
      {
        "navtitle": "ColorModel",
        "href": "#/ColorModel"
      },
      {
        "navtitle": "SpotColorKind",
        "href": "#/SpotColorKind"
      },
      {
        "navtitle": "FlashExportStyle",
        "href": "#/FlashExportStyle"
      },
      {
        "navtitle": "ArtClippingOption",
        "href": "#/ArtClippingOption"
      },
      {
        "navtitle": "FlashExportVersion",
        "href": "#/FlashExportVersion"
      },
      {
        "navtitle": "FlashImageFormat",
        "href": "#/FlashImageFormat"
      },
      {
        "navtitle": "LayerOrderType",
        "href": "#/LayerOrderType"
      },
      {
        "navtitle": "BlendAnimationType",
        "href": "#/BlendAnimationType"
      },
      {
        "navtitle": "FlashJPEGMethod",
        "href": "#/FlashJPEGMethod"
      },
      {
        "navtitle": "FlashPlaybackSecurity",
        "href": "#/FlashPlaybackSecurity"
      },
      {
        "navtitle": "VariableKind",
        "href": "#/VariableKind"
      },
      {
        "navtitle": "AutoCADExportFileFormat",
        "href": "#/AutoCADExportFileFormat"
      },
      {
        "navtitle": "AutoCADCompatibility",
        "href": "#/AutoCADCompatibility"
      },
      {
        "navtitle": "AutoCADUnit",
        "href": "#/AutoCADUnit"
      },
      {
        "navtitle": "AutoCADColors",
        "href": "#/AutoCADColors"
      },
      {
        "navtitle": "AutoCADRasterFormat",
        "href": "#/AutoCADRasterFormat"
      },
      {
        "navtitle": "AutoCADExportOption",
        "href": "#/AutoCADExportOption"
      },
      {
        "navtitle": "AutoCADGlobalScaleOption",
        "href": "#/AutoCADGlobalScaleOption"
      },
      {
        "navtitle": "TIFFByteOrder",
        "href": "#/TIFFByteOrder"
      },
      {
        "navtitle": "UserInteractionLevel",
        "href": "#/UserInteractionLevel"
      },
      {
        "navtitle": "PolarityValues",
        "href": "#/PolarityValues"
      },
      {
        "navtitle": "JavaScriptExecutionMode",
        "href": "#/JavaScriptExecutionMode"
      },
      {
        "navtitle": "PDFBoxType",
        "href": "#/PDFBoxType"
      },
      {
        "navtitle": "RasterizationColorModel",
        "href": "#/RasterizationColorModel"
      },
      {
        "navtitle": "AntiAliasingMethod",
        "href": "#/AntiAliasingMethod"
      },
      {
        "navtitle": "FXGVersion",
        "href": "#/FXGVersion"
      },
      {
        "navtitle": "FiltersPreservePolicy",
        "href": "#/FiltersPreservePolicy"
      },
      {
        "navtitle": "TextPreservePolicy",
        "href": "#/TextPreservePolicy"
      },
      {
        "navtitle": "GradientsPreservePolicy",
        "href": "#/GradientsPreservePolicy"
      },
      {
        "navtitle": "BlendsExpandPolicy",
        "href": "#/BlendsExpandPolicy"
      },
      {
        "navtitle": "CoordinateSystem",
        "href": "#/CoordinateSystem"
      },
      {
        "navtitle": "SymbolRegistrationPoint",
        "href": "#/SymbolRegistrationPoint"
      },
      {
        "navtitle": "PerspectiveGridPlaneType",
        "href": "#/PerspectiveGridPlaneType"
      },
      {
        "navtitle": "DocumentLayoutStyle",
        "href": "#/DocumentLayoutStyle"
      },
      {
        "navtitle": "Layer",
        "href": "#/Layer"
      },
      {
        "navtitle": "View",
        "href": "#/View"
      },
      {
        "navtitle": "Gradient",
        "href": "#/Gradient"
      },
      {
        "navtitle": "GradientStop",
        "href": "#/GradientStop"
      },
      {
        "navtitle": "Preferences",
        "href": "#/Preferences"
      },
      {
        "navtitle": "Symbol",
        "href": "#/Symbol"
      },
      {
        "navtitle": "Brush",
        "href": "#/Brush"
      },
      {
        "navtitle": "ArtStyle",
        "href": "#/ArtStyle"
      },
      {
        "navtitle": "TextFont",
        "href": "#/TextFont"
      },
      {
        "navtitle": "PageItem",
        "href": "#/PageItem"
      },
      {
        "navtitle": "CompoundPathItem",
        "href": "#/CompoundPathItem"
      },
      {
        "navtitle": "Tag",
        "href": "#/Tag"
      },
      {
        "navtitle": "PathItem",
        "href": "#/PathItem"
      },
      {
        "navtitle": "PathPoint",
        "href": "#/PathPoint"
      },
      {
        "navtitle": "RasterItem",
        "href": "#/RasterItem"
      },
      {
        "navtitle": "PlacedItem",
        "href": "#/PlacedItem"
      },
      {
        "navtitle": "GraphItem",
        "href": "#/GraphItem"
      },
      {
        "navtitle": "NonNativeItem",
        "href": "#/NonNativeItem"
      },
      {
        "navtitle": "MeshItem",
        "href": "#/MeshItem"
      },
      {
        "navtitle": "PluginItem",
        "href": "#/PluginItem"
      },
      {
        "navtitle": "GroupItem",
        "href": "#/GroupItem"
      },
      {
        "navtitle": "SymbolItem",
        "href": "#/SymbolItem"
      },
      {
        "navtitle": "TextFrameItem",
        "href": "#/TextFrameItem"
      },
      {
        "navtitle": "LegacyTextItem",
        "href": "#/LegacyTextItem"
      },
      {
        "navtitle": "Artboard",
        "href": "#/Artboard"
      },
      {
        "navtitle": "TabStopInfo",
        "href": "#/TabStopInfo"
      },
      {
        "navtitle": "DocumentPreset",
        "href": "#/DocumentPreset"
      },
      {
        "navtitle": "RasterEffectOptions",
        "href": "#/RasterEffectOptions"
      },
      {
        "navtitle": "RasterizeOptions",
        "href": "#/RasterizeOptions"
      }
    ]
  },
  {
    "navtitle": "Color classes for Adobe Illustrator",
    "$t": 0,
    "topicref": [
      {
        "navtitle": "ColorConvertPurpose",
        "href": "#/ColorConvertPurpose"
      },
      {
        "navtitle": "Spot",
        "href": "#/Spot"
      },
      {
        "navtitle": "Swatch",
        "href": "#/Swatch"
      },
      {
        "navtitle": "SwatchGroup",
        "href": "#/SwatchGroup"
      },
      {
        "navtitle": "Pattern",
        "href": "#/Pattern"
      },
      {
        "navtitle": "Color",
        "href": "#/Color"
      },
      {
        "navtitle": "LabColor",
        "href": "#/LabColor"
      },
      {
        "navtitle": "RGBColor",
        "href": "#/RGBColor"
      },
      {
        "navtitle": "CMYKColor",
        "href": "#/CMYKColor"
      },
      {
        "navtitle": "GrayColor",
        "href": "#/GrayColor"
      },
      {
        "navtitle": "NoColor",
        "href": "#/NoColor"
      },
      {
        "navtitle": "SpotColor",
        "href": "#/SpotColor"
      },
      {
        "navtitle": "PatternColor",
        "href": "#/PatternColor"
      },
      {
        "navtitle": "GradientColor",
        "href": "#/GradientColor"
      }
    ]
  },
  {
    "navtitle": "Text processing commands and classes for Adobe Illustrator",
    "$t": 0,
    "topicref": [
      {
        "navtitle": "AutoKernType",
        "href": "#/AutoKernType"
      },
      {
        "navtitle": "AutoLeadingType",
        "href": "#/AutoLeadingType"
      },
      {
        "navtitle": "CaseChangeType",
        "href": "#/CaseChangeType"
      },
      {
        "navtitle": "FontCapsOption",
        "href": "#/FontCapsOption"
      },
      {
        "navtitle": "FontBaselineOption",
        "href": "#/FontBaselineOption"
      },
      {
        "navtitle": "FontOpenTypePositionOption",
        "href": "#/FontOpenTypePositionOption"
      },
      {
        "navtitle": "FigureStyleType",
        "href": "#/FigureStyleType"
      },
      {
        "navtitle": "BaselineDirectionType",
        "href": "#/BaselineDirectionType"
      },
      {
        "navtitle": "LanguageType",
        "href": "#/LanguageType"
      },
      {
        "navtitle": "AlternateGlyphsForm",
        "href": "#/AlternateGlyphsForm"
      },
      {
        "navtitle": "StyleRunAlignmentType",
        "href": "#/StyleRunAlignmentType"
      },
      {
        "navtitle": "WariChuJustificationType",
        "href": "#/WariChuJustificationType"
      },
      {
        "navtitle": "BurasagariTypeEnum",
        "href": "#/BurasagariTypeEnum"
      },
      {
        "navtitle": "KinsokuOrderEnum",
        "href": "#/KinsokuOrderEnum"
      },
      {
        "navtitle": "FirstBaselineType",
        "href": "#/FirstBaselineType"
      },
      {
        "navtitle": "TextPath",
        "href": "#/TextPath"
      },
      {
        "navtitle": "Story",
        "href": "#/Story"
      },
      {
        "navtitle": "TextRange",
        "href": "#/TextRange"
      },
      {
        "navtitle": "InsertionPoint",
        "href": "#/InsertionPoint"
      },
      {
        "navtitle": "CharacterStyle",
        "href": "#/CharacterStyle"
      },
      {
        "navtitle": "ParagraphStyle",
        "href": "#/ParagraphStyle"
      },
      {
        "navtitle": "CharacterAttributes",
        "href": "#/CharacterAttributes"
      },
      {
        "navtitle": "ParagraphAttributes",
        "href": "#/ParagraphAttributes"
      }
    ]
  },
  {
    "navtitle": "Transformation matrix events and classes for Adobe Illustrator",
    "$t": 0,
    "topicref": {
      "navtitle": "Matrix",
      "href": "#/Matrix"
    }
  },
  {
    "navtitle": "Classes used only for creating path items. Cannot be use to access page items."
  },
  {
    "navtitle": "File opening options classes for Adobe Illustrator",
    "$t": 0,
    "topicref": [
      {
        "navtitle": "LibraryType",
        "href": "#/LibraryType"
      },
      {
        "navtitle": "OpenOptionsPhotoshop",
        "href": "#/OpenOptionsPhotoshop"
      },
      {
        "navtitle": "OpenOptionsPDF",
        "href": "#/OpenOptionsPDF"
      },
      {
        "navtitle": "OpenOptionsAutoCAD",
        "href": "#/OpenOptionsAutoCAD"
      },
      {
        "navtitle": "OpenOptions",
        "href": "#/OpenOptions"
      }
    ]
  },
  {
    "navtitle": "File save options classes for Adobe Illustrator",
    "$t": 0,
    "topicref": [
      {
        "navtitle": "FXGSaveOptions",
        "href": "#/FXGSaveOptions"
      },
      {
        "navtitle": "EPSSaveOptions",
        "href": "#/EPSSaveOptions"
      },
      {
        "navtitle": "PDFSaveOptions",
        "href": "#/PDFSaveOptions"
      },
      {
        "navtitle": "IllustratorSaveOptions",
        "href": "#/IllustratorSaveOptions"
      }
    ]
  },
  {
    "navtitle": "File export options classes for Adobe Illustrator",
    "$t": 0,
    "topicref": [
      {
        "navtitle": "DocumentType",
        "href": "#/DocumentType"
      },
      {
        "navtitle": "ExportType",
        "href": "#/ExportType"
      },
      {
        "navtitle": "ColorReductionMethod",
        "href": "#/ColorReductionMethod"
      },
      {
        "navtitle": "ColorDitherMethod",
        "href": "#/ColorDitherMethod"
      },
      {
        "navtitle": "ExportOptionsJPEG",
        "href": "#/ExportOptionsJPEG"
      },
      {
        "navtitle": "ExportOptionsPNG8",
        "href": "#/ExportOptionsPNG8"
      },
      {
        "navtitle": "ExportOptionsPNG24",
        "href": "#/ExportOptionsPNG24"
      },
      {
        "navtitle": "ExportOptionsGIF",
        "href": "#/ExportOptionsGIF"
      },
      {
        "navtitle": "ExportOptionsPhotoshop",
        "href": "#/ExportOptionsPhotoshop"
      },
      {
        "navtitle": "ExportOptionsSVG",
        "href": "#/ExportOptionsSVG"
      },
      {
        "navtitle": "ExportOptionsFlash",
        "href": "#/ExportOptionsFlash"
      },
      {
        "navtitle": "ExportOptionsAutoCAD",
        "href": "#/ExportOptionsAutoCAD"
      },
      {
        "navtitle": "ExportOptionsTIFF",
        "href": "#/ExportOptionsTIFF"
      },
      {
        "navtitle": "ImageCaptureOptions",
        "href": "#/ImageCaptureOptions"
      }
    ]
  },
  {
    "navtitle": "Commands and classes for controling Adobe Illustrator's dynamic publishing behavior",
    "$t": 0,
    "topicref": [
      {
        "navtitle": "Variable",
        "href": "#/Variable"
      },
      {
        "navtitle": "DataSet",
        "href": "#/DataSet"
      }
    ]
  },
  {
    "navtitle": "Miscellaneous standard events and classes"
  },
  {
    "navtitle": "Printing classes for Adobe Illustrator",
    "$t": 0,
    "topicref": [
      {
        "navtitle": "PrintArtworkDesignation",
        "href": "#/PrintArtworkDesignation"
      },
      {
        "navtitle": "PrintingBounds",
        "href": "#/PrintingBounds"
      },
      {
        "navtitle": "PrintColorSeparationMode",
        "href": "#/PrintColorSeparationMode"
      },
      {
        "navtitle": "PrintOrientation",
        "href": "#/PrintOrientation"
      },
      {
        "navtitle": "PrintPosition",
        "href": "#/PrintPosition"
      },
      {
        "navtitle": "PrintTiling",
        "href": "#/PrintTiling"
      },
      {
        "navtitle": "PageMarksTypes",
        "href": "#/PageMarksTypes"
      },
      {
        "navtitle": "PrintFontDownloadMode",
        "href": "#/PrintFontDownloadMode"
      },
      {
        "navtitle": "FontSubstitutionPolicy",
        "href": "#/FontSubstitutionPolicy"
      },
      {
        "navtitle": "PostScriptImageCompressionType",
        "href": "#/PostScriptImageCompressionType"
      },
      {
        "navtitle": "PrintColorProfile",
        "href": "#/PrintColorProfile"
      },
      {
        "navtitle": "PrintColorIntent",
        "href": "#/PrintColorIntent"
      },
      {
        "navtitle": "PrinterTypeEnum",
        "href": "#/PrinterTypeEnum"
      },
      {
        "navtitle": "PrinterColorMode",
        "href": "#/PrinterColorMode"
      },
      {
        "navtitle": "InkPrintStatus",
        "href": "#/InkPrintStatus"
      },
      {
        "navtitle": "InkType",
        "href": "#/InkType"
      },
      {
        "navtitle": "TrappingType",
        "href": "#/TrappingType"
      },
      {
        "navtitle": "Printer",
        "href": "#/Printer"
      },
      {
        "navtitle": "PrinterInfo",
        "href": "#/PrinterInfo"
      },
      {
        "navtitle": "PPDFile",
        "href": "#/PPDFile"
      },
      {
        "navtitle": "PPDFileInfo",
        "href": "#/PPDFileInfo"
      },
      {
        "navtitle": "Paper",
        "href": "#/Paper"
      },
      {
        "navtitle": "PaperInfo",
        "href": "#/PaperInfo"
      },
      {
        "navtitle": "Screen",
        "href": "#/Screen"
      },
      {
        "navtitle": "ScreenInfo",
        "href": "#/ScreenInfo"
      },
      {
        "navtitle": "ScreenSpotFunction",
        "href": "#/ScreenSpotFunction"
      },
      {
        "navtitle": "Ink",
        "href": "#/Ink"
      },
      {
        "navtitle": "InkInfo",
        "href": "#/InkInfo"
      },
      {
        "navtitle": "PrintOptions",
        "href": "#/PrintOptions"
      },
      {
        "navtitle": "PrintPaperOptions",
        "href": "#/PrintPaperOptions"
      },
      {
        "navtitle": "PrintJobOptions",
        "href": "#/PrintJobOptions"
      },
      {
        "navtitle": "PrintColorSeparationOptions",
        "href": "#/PrintColorSeparationOptions"
      },
      {
        "navtitle": "PrintCoordinateOptions",
        "href": "#/PrintCoordinateOptions"
      },
      {
        "navtitle": "PrintPageMarksOptions",
        "href": "#/PrintPageMarksOptions"
      },
      {
        "navtitle": "PrintFontOptions",
        "href": "#/PrintFontOptions"
      },
      {
        "navtitle": "PrintPostScriptOptions",
        "href": "#/PrintPostScriptOptions"
      },
      {
        "navtitle": "PrintColorManagementOptions",
        "href": "#/PrintColorManagementOptions"
      },
      {
        "navtitle": "PrintFlattenerOptions",
        "href": "#/PrintFlattenerOptions"
      }
    ]
  },
  {
    "navtitle": "Tracing classes for Adobe Illustrator",
    "$t": 0,
    "topicref": [
      {
        "navtitle": "TracingMethodType",
        "href": "#/TracingMethodType"
      },
      {
        "navtitle": "TracingModeType",
        "href": "#/TracingModeType"
      },
      {
        "navtitle": "TracingColorType",
        "href": "#/TracingColorType"
      },
      {
        "navtitle": "ViewType",
        "href": "#/ViewType"
      },
      {
        "navtitle": "TracingOptions",
        "href": "#/TracingOptions"
      },
      {
        "navtitle": "TracingObject",
        "href": "#/TracingObject"
      }
    ]
  },
  {
    "navtitle": "Collections",
    "$t": 0,
    "topicref": [
      {
        "navtitle": "Artboards",
        "href": "#/Artboards"
      },
      {
        "navtitle": "Documents",
        "href": "#/Documents"
      },
      {
        "navtitle": "Layers",
        "href": "#/Layers"
      },
      {
        "navtitle": "GroupItems",
        "href": "#/GroupItems"
      },
      {
        "navtitle": "PageItems",
        "href": "#/PageItems"
      },
      {
        "navtitle": "PathItems",
        "href": "#/PathItems"
      },
      {
        "navtitle": "PathPoints",
        "href": "#/PathPoints"
      },
      {
        "navtitle": "CompoundPathItems",
        "href": "#/CompoundPathItems"
      },
      {
        "navtitle": "Stories",
        "href": "#/Stories"
      },
      {
        "navtitle": "TextFrameItems",
        "href": "#/TextFrameItems"
      },
      {
        "navtitle": "LegacyTextItems",
        "href": "#/LegacyTextItems"
      },
      {
        "navtitle": "TextRanges",
        "href": "#/TextRanges"
      },
      {
        "navtitle": "InsertionPoints",
        "href": "#/InsertionPoints"
      },
      {
        "navtitle": "Characters",
        "href": "#/Characters"
      },
      {
        "navtitle": "Words",
        "href": "#/Words"
      },
      {
        "navtitle": "Lines",
        "href": "#/Lines"
      },
      {
        "navtitle": "Paragraphs",
        "href": "#/Paragraphs"
      },
      {
        "navtitle": "CharacterStyles",
        "href": "#/CharacterStyles"
      },
      {
        "navtitle": "ParagraphStyles",
        "href": "#/ParagraphStyles"
      },
      {
        "navtitle": "Spots",
        "href": "#/Spots"
      },
      {
        "navtitle": "Swatches",
        "href": "#/Swatches"
      },
      {
        "navtitle": "SwatchGroups",
        "href": "#/SwatchGroups"
      },
      {
        "navtitle": "Gradients",
        "href": "#/Gradients"
      },
      {
        "navtitle": "GradientStops",
        "href": "#/GradientStops"
      },
      {
        "navtitle": "Patterns",
        "href": "#/Patterns"
      },
      {
        "navtitle": "Symbols",
        "href": "#/Symbols"
      },
      {
        "navtitle": "SymbolItems",
        "href": "#/SymbolItems"
      },
      {
        "navtitle": "Brushes",
        "href": "#/Brushes"
      },
      {
        "navtitle": "ArtStyles",
        "href": "#/ArtStyles"
      },
      {
        "navtitle": "TextFonts",
        "href": "#/TextFonts"
      },
      {
        "navtitle": "Tags",
        "href": "#/Tags"
      },
      {
        "navtitle": "RasterItems",
        "href": "#/RasterItems"
      },
      {
        "navtitle": "PlacedItems",
        "href": "#/PlacedItems"
      },
      {
        "navtitle": "MeshItems",
        "href": "#/MeshItems"
      },
      {
        "navtitle": "GraphItems",
        "href": "#/GraphItems"
      },
      {
        "navtitle": "PluginItems",
        "href": "#/PluginItems"
      },
      {
        "navtitle": "NonNativeItems",
        "href": "#/NonNativeItems"
      },
      {
        "navtitle": "Views",
        "href": "#/Views"
      },
      {
        "navtitle": "Variables",
        "href": "#/Variables"
      },
      {
        "navtitle": "DataSets",
        "href": "#/DataSets"
      }
    ]
  },
  {
    "navtitle": "Other Classes",
    "$t": 0,
    "topicref": [
      {
        "navtitle": "Point",
        "href": "#/Point"
      },
      {
        "navtitle": "Rectangle",
        "href": "#/Rectangle"
      }
    ]
  }
]